"","BarcodeSequence","LinkerPrimerSequence","Plate","Well","DOB","Sex","Genotype","MouseID_Original","MouseID_Numerical","MouseID_Categorical","Type","Site","Site_General","Subset","Type_Site","Microbiota","Description","Sequencing_Run","Folder","Experiment","Litter","Cage","ASV_Sample_Order","MouseID"
"IL17.DTT.115","TACCGCTTCTTC","TTTTTTTT",2,"A1",NA,"Male","WT","IL17_L10_M_No_3",3,3,"Mucosal","Distal_Colon","Colon","Mucosal_Colon","Mucosal_Distal_Colon","UCLA","IL17-DTT-115","2014-November","2014-Nov-Two","IL17","six",NA,329,"IL17_L10_M_No_3"
"IL17.DTT.116","TGTGCGATAACA","TTTTTTTT",2,"A2",NA,"Male","WT","IL17_L10_M_No_3",3,3,"Mucosal","Proximal_Colon","Colon","Mucosal_Colon","Mucosal_Proximal_Colon","UCLA","IL17-DTT-116","2014-November","2014-Nov-Two","IL17","six",NA,246,"IL17_L10_M_No_3"
"IL17.DTT.117","GATTATCGACGA","TTTTTTTT",2,"A3",NA,"Male","WT","IL17_L10_M_No_3",3,3,"Mucosal","Cecum","Colon","Mucosal_Colon","Mucosal_Cecum","UCLA","IL17-DTT-117","2014-November","2014-Nov-Two","IL17","six",NA,313,"IL17_L10_M_No_3"
"IL17.DTT.118","GCCTAGCCCAAT","TTTTTTTT",2,"A4",NA,"Male","WT","IL17_L10_M_No_3",3,3,"Mucosal","Ileum","SI","Mucosal_SI","Mucosal_Ileum","UCLA","IL17-DTT-118","2014-November","2014-Nov-Two","IL17","six",NA,498,"IL17_L10_M_No_3"
"IL17.DTT.119","GATGTATGTGGT","TTTTTTTT",2,"A5",NA,"Male","WT","IL17_L10_M_No_3",3,3,"Mucosal","Jejunum","SI","Mucosal_SI","Mucosal_Jejunum","UCLA","IL17-DTT-119","2014-November","2014-Nov-Two","IL17","six",NA,459,"IL17_L10_M_No_3"
"IL17.DTT.120","ACTCCTTGTGTT","TTTTTTTT",2,"A6",NA,"Male","WT","IL17_L10_M_No_3",3,3,"Mucosal","Duodenum","SI","Mucosal_SI","Mucosal_Duodenum","UCLA","IL17-DTT-120","2014-November","2014-Nov-Two","IL17","six",NA,436,"IL17_L10_M_No_3"
"IL17.DTT.127","GCACACCTGATA","TTTTTTTT",2,"B1",NA,"Male","WT","IL17_L10_M_No_4",4,4,"Mucosal","Distal_Colon","Colon","Mucosal_Colon","Mucosal_Distal_Colon","UCLA","IL17-DTT-127","2014-November","2014-Nov-Two","IL17","seven",NA,497,"IL17_L10_M_No_4"
"IL17.DTT.128","GCGACAATTACA","TTTTTTTT",2,"B2",NA,"Male","WT","IL17_L10_M_No_4",4,4,"Mucosal","Proximal_Colon","Colon","Mucosal_Colon","Mucosal_Proximal_Colon","UCLA","IL17-DTT-128","2014-November","2014-Nov-Two","IL17","seven",NA,491,"IL17_L10_M_No_4"
"IL17.DTT.129","TCATGCTCCATT","TTTTTTTT",2,"B3",NA,"Male","WT","IL17_L10_M_No_4",4,4,"Mucosal","Cecum","Colon","Mucosal_Colon","Mucosal_Cecum","UCLA","IL17-DTT-129","2014-November","2014-Nov-Two","IL17","seven",NA,211,"IL17_L10_M_No_4"
"IL17.DTT.130","AGCTGTCAAGCT","TTTTTTTT",2,"B4",NA,"Male","WT","IL17_L10_M_No_4",4,4,"Mucosal","Ileum","SI","Mucosal_SI","Mucosal_Ileum","UCLA","IL17-DTT-130","2014-November","2014-Nov-Two","IL17","seven",NA,289,"IL17_L10_M_No_4"
"IL17.DTT.131","GAGAGCAACAGA","TTTTTTTT",2,"B5",NA,"Male","WT","IL17_L10_M_No_4",4,4,"Mucosal","Jejunum","SI","Mucosal_SI","Mucosal_Jejunum","UCLA","IL17-DTT-131","2014-November","2014-Nov-Two","IL17","seven",NA,401,"IL17_L10_M_No_4"
"IL17.DTT.132","TACTCGGGAACT","TTTTTTTT",2,"B6",NA,"Male","WT","IL17_L10_M_No_4",4,4,"Mucosal","Duodenum","SI","Mucosal_SI","Mucosal_Duodenum","UCLA","IL17-DTT-132","2014-November","2014-Nov-Two","IL17","seven",NA,66,"IL17_L10_M_No_4"
"IL17.DTT.143","CCTGCGAAGTAT","TTTTTTTT",2,"C5",NA,"Female","WT","IL17_L11_F_No_2",2,2,"Mucosal","Jejunum","SI","Mucosal_SI","Mucosal_Jejunum","UCLA","IL17-DTT-143","2014-November","2014-Nov-Two","IL17","eight",NA,95,"IL17_L11_F_No_2"
"IL17.DTT.144","TTCTCTCGACAT","TTTTTTTT",2,"C6",NA,"Female","WT","IL17_L11_F_No_2",2,2,"Mucosal","Duodenum","SI","Mucosal_SI","Mucosal_Duodenum","UCLA","IL17-DTT-144","2014-November","2014-Nov-Two","IL17","eight",NA,184,"IL17_L11_F_No_2"
"IL17.DTT.139","AGTAGCGGAAGA","TTTTTTTT",2,"C1",NA,"Female","WT","IL17_L11_F_No_2",2,2,"Mucosal","Distal_Colon","Colon","Mucosal_Colon","Mucosal_Distal_Colon","UCLA","IL17-DTT-139","2014-November","2014-Nov-Two","IL17","eight",NA,403,"IL17_L11_F_No_2"
"IL17.DTT.140","GCAATTAGGTAC","TTTTTTTT",2,"C2",NA,"Female","WT","IL17_L11_F_No_2",2,2,"Mucosal","Proximal_Colon","Colon","Mucosal_Colon","Mucosal_Proximal_Colon","UCLA","IL17-DTT-140","2014-November","2014-Nov-Two","IL17","eight",NA,440,"IL17_L11_F_No_2"
"IL17.DTT.141","CATACCGTGAGT","TTTTTTTT",2,"C3",NA,"Female","WT","IL17_L11_F_No_2",2,2,"Mucosal","Cecum","Colon","Mucosal_Colon","Mucosal_Cecum","UCLA","IL17-DTT-141","2014-November","2014-Nov-Two","IL17","eight",NA,295,"IL17_L11_F_No_2"
"IL17.DTT.142","ATGTGTGTAGAC","TTTTTTTT",2,"C4",NA,"Female","WT","IL17_L11_F_No_2",2,2,"Mucosal","Ileum","SI","Mucosal_SI","Mucosal_Ileum","UCLA","IL17-DTT-142","2014-November","2014-Nov-Two","IL17","eight",NA,160,"IL17_L11_F_No_2"
"IL17.DTT.187","TTAAGACAGTCG","TTTTTTTT",2,"G1",NA,"Female","WT","IL17_L12_F_No_4",20,4,"Mucosal","Distal_Colon","Colon","Mucosal_Colon","Mucosal_Distal_Colon","UCLA","IL17-DTT-187","2014-November","2014-Nov-Two","IL17","nine",NA,148,"IL17_L12_F_No_4"
"IL17.DTT.188","TCTGCACTGAGC","TTTTTTTT",2,"G2",NA,"Female","WT","IL17_L12_F_No_4",20,4,"Mucosal","Proximal_Colon","Colon","Mucosal_Colon","Mucosal_Proximal_Colon","UCLA","IL17-DTT-188","2014-November","2014-Nov-Two","IL17","nine",NA,29,"IL17_L12_F_No_4"
"IL17.DTT.189","CGCAGATTAGTA","TTTTTTTT",2,"G3",NA,"Female","WT","IL17_L12_F_No_4",20,4,"Mucosal","Cecum","Colon","Mucosal_Colon","Mucosal_Cecum","UCLA","IL17-DTT-189","2014-November","2014-Nov-Two","IL17","nine",NA,420,"IL17_L12_F_No_4"
"IL17.DTT.190","TGGGTCCCACAT","TTTTTTTT",2,"G4",NA,"Female","WT","IL17_L12_F_No_4",20,4,"Mucosal","Ileum","SI","Mucosal_SI","Mucosal_Ileum","UCLA","IL17-DTT-190","2014-November","2014-Nov-Two","IL17","nine",NA,464,"IL17_L12_F_No_4"
"IL17.DTT.191","CACTGGTGCATA","TTTTTTTT",2,"G5",NA,"Female","WT","IL17_L12_F_No_4",20,4,"Mucosal","Jejunum","SI","Mucosal_SI","Mucosal_Jejunum","UCLA","IL17-DTT-191","2014-November","2014-Nov-Two","IL17","nine",NA,215,"IL17_L12_F_No_4"
"IL17.DTT.192","AACGTAGGCTCT","TTTTTTTT",2,"G6",NA,"Female","WT","IL17_L12_F_No_4",20,4,"Mucosal","Duodenum","SI","Mucosal_SI","Mucosal_Duodenum","UCLA","IL17-DTT-192","2014-November","2014-Nov-Two","IL17","nine",NA,264,"IL17_L12_F_No_4"
"IL17.DTT.201","CGCTGTGGATTA","TTTTTTTT",2,"H3",NA,"Male","WT","IL17_L13_M_No_3",15,3,"Mucosal","Cecum","Colon","Mucosal_Colon","Mucosal_Cecum","UCLA","IL17-DTT-201","2014-November","2014-Nov-Two","IL17","ten",NA,11,"IL17_L13_M_No_3"
"IL17.DTT.202","CTGTCAGTGACC","TTTTTTTT",2,"H4",NA,"Male","WT","IL17_L13_M_No_3",15,3,"Mucosal","Ileum","SI","Mucosal_SI","Mucosal_Ileum","UCLA","IL17-DTT-202","2014-November","2014-Nov-Two","IL17","ten",NA,220,"IL17_L13_M_No_3"
"IL17.DTT.203","ACGATTCGAGTC","TTTTTTTT",2,"H5",NA,"Male","WT","IL17_L13_M_No_3",15,3,"Mucosal","Jejunum","SI","Mucosal_SI","Mucosal_Jejunum","UCLA","IL17-DTT-203","2014-November","2014-Nov-Two","IL17","ten",NA,263,"IL17_L13_M_No_3"
"IL17.DTT.204","GGTTCGGTCCAT","TTTTTTTT",2,"H6",NA,"Male","WT","IL17_L13_M_No_3",15,3,"Mucosal","Duodenum","SI","Mucosal_SI","Mucosal_Duodenum","UCLA","IL17-DTT-204","2014-November","2014-Nov-Two","IL17","ten",NA,361,"IL17_L13_M_No_3"
"IL17.DTT.199","GTGCAACCAATC","TTTTTTTT",2,"H1",NA,"Male","WT","IL17_L13_M_No_3",15,3,"Mucosal","Distal_Colon","Colon","Mucosal_Colon","Mucosal_Distal_Colon","UCLA","IL17-DTT-199","2014-November","2014-Nov-Two","IL17","ten",NA,216,"IL17_L13_M_No_3"
"IL17.DTT.200","GCTTGAGCTTGA","TTTTTTTT",2,"H2",NA,"Male","WT","IL17_L13_M_No_3",15,3,"Mucosal","Proximal_Colon","Colon","Mucosal_Colon","Mucosal_Proximal_Colon","UCLA","IL17-DTT-200","2014-November","2014-Nov-Two","IL17","ten",NA,224,"IL17_L13_M_No_3"
"IL17.DTT.217","GTCGAATTTGCG","TTTTTTTT",3,"A1",NA,"Female","WT","IL17_L17_F_No_1",5,1,"Mucosal","Distal_Colon","Colon","Mucosal_Colon","Mucosal_Distal_Colon","UCLA","IL17-DTT-217","2014-November","2014-Nov-Two","IL17","eleven",NA,495,"IL17_L17_F_No_1"
"IL17.DTT.218","GCATCAGAGTTA","TTTTTTTT",3,"A2",NA,"Female","WT","IL17_L17_F_No_1",5,1,"Mucosal","Proximal_Colon","Colon","Mucosal_Colon","Mucosal_Proximal_Colon","UCLA","IL17-DTT-218","2014-November","2014-Nov-Two","IL17","eleven",NA,49,"IL17_L17_F_No_1"
"IL17.DTT.219","GTGGTCATCGTA","TTTTTTTT",3,"A3",NA,"Female","WT","IL17_L17_F_No_1",5,1,"Mucosal","Cecum","Colon","Mucosal_Colon","Mucosal_Cecum","UCLA","IL17-DTT-219","2014-November","2014-Nov-Two","IL17","eleven",NA,188,"IL17_L17_F_No_1"
"IL17.DTT.220","CTGAAGGGCGAA","TTTTTTTT",3,"A4",NA,"Female","WT","IL17_L17_F_No_1",5,1,"Mucosal","Ileum","SI","Mucosal_SI","Mucosal_Ileum","UCLA","IL17-DTT-220","2014-November","2014-Nov-Two","IL17","eleven",NA,360,"IL17_L17_F_No_1"
"IL17.DTT.221","CGCTCACAGAAT","TTTTTTTT",3,"A5",NA,"Female","WT","IL17_L17_F_No_1",5,1,"Mucosal","Jejunum","SI","Mucosal_SI","Mucosal_Jejunum","UCLA","IL17-DTT-221","2014-November","2014-Nov-Two","IL17","eleven",NA,376,"IL17_L17_F_No_1"
"IL17.DTT.222","ATTCGGTAGTGC","TTTTTTTT",3,"A6",NA,"Female","WT","IL17_L17_F_No_1",5,1,"Mucosal","Duodenum","SI","Mucosal_SI","Mucosal_Duodenum","UCLA","IL17-DTT-222","2014-November","2014-Nov-Two","IL17","eleven",NA,372,"IL17_L17_F_No_1"
"IL17.DTT.25","TGCATACACTGG","TTTTTTTT",1,"B1",NA,"Female","WT","IL17_L4_M_No_1",5,1,"Mucosal","Distal_Colon","Colon","Mucosal_Colon","Mucosal_Distal_Colon","UCLA","IL17-DTT-25","2014-November","2014-Nov-Two","IL17","two",NA,260,"IL17_L4_M_No_1"
"IL17.DTT.26","AGTCGAACGAGG","TTTTTTTT",1,"B2",NA,"Female","WT","IL17_L4_M_No_1",5,1,"Mucosal","Proximal_Colon","Colon","Mucosal_Colon","Mucosal_Proximal_Colon","UCLA","IL17-DTT-26","2014-November","2014-Nov-Two","IL17","two",NA,146,"IL17_L4_M_No_1"
"IL17.DTT.27","ACCAGTGACTCA","TTTTTTTT",1,"B3",NA,"Female","WT","IL17_L4_M_No_1",5,1,"Mucosal","Cecum","Colon","Mucosal_Colon","Mucosal_Cecum","UCLA","IL17-DTT-27","2014-November","2014-Nov-Two","IL17","two",NA,170,"IL17_L4_M_No_1"
"IL17.DTT.28","GAATACCAAGTC","TTTTTTTT",1,"B4",NA,"Female","WT","IL17_L4_M_No_1",5,1,"Mucosal","Ileum","SI","Mucosal_SI","Mucosal_Ileum","UCLA","IL17-DTT-28","2014-November","2014-Nov-Two","IL17","two",NA,18,"IL17_L4_M_No_1"
"IL17.DTT.29","GTAGATCGTGTA","TTTTTTTT",1,"B5",NA,"Female","WT","IL17_L4_M_No_1",5,1,"Mucosal","Jejunum","SI","Mucosal_SI","Mucosal_Jejunum","UCLA","IL17-DTT-29","2014-November","2014-Nov-Two","IL17","two",NA,202,"IL17_L4_M_No_1"
"IL17.DTT.30","TAACGTGTGTGC","TTTTTTTT",1,"B6",NA,"Female","WT","IL17_L4_M_No_1",5,1,"Mucosal","Duodenum","SI","Mucosal_SI","Mucosal_Duodenum","UCLA","IL17-DTT-30","2014-November","2014-Nov-Two","IL17","two",NA,466,"IL17_L4_M_No_1"
"IL17.DTT.105","GTTGTTCTGGGA","TTTTTTTT",1,"H3",NA,"Female","WT","IL17_L8_F_No_4",36,4,"Mucosal","Cecum","Colon","Mucosal_Colon","Mucosal_Cecum","UCLA","IL17-DTT-105","2014-November","2014-Nov-Two","IL17","five",NA,367,"IL17_L8_F_No_4"
"IL17.DTT.106","GGACTTCCAGCT","TTTTTTTT",1,"H4",NA,"Female","WT","IL17_L8_F_No_4",36,4,"Mucosal","Ileum","SI","Mucosal_SI","Mucosal_Ileum","UCLA","IL17-DTT-106","2014-November","2014-Nov-Two","IL17","five",NA,507,"IL17_L8_F_No_4"
"IL17.DTT.107","CTCACAACCGTG","TTTTTTTT",1,"H5",NA,"Female","WT","IL17_L8_F_No_4",36,4,"Mucosal","Jejunum","SI","Mucosal_SI","Mucosal_Jejunum","UCLA","IL17-DTT-107","2014-November","2014-Nov-Two","IL17","five",NA,200,"IL17_L8_F_No_4"
"IL17.DTT.108","CTGCTATTCCTC","TTTTTTTT",1,"H6",NA,"Female","WT","IL17_L8_F_No_4",36,4,"Mucosal","Duodenum","SI","Mucosal_SI","Mucosal_Duodenum","UCLA","IL17-DTT-108","2014-November","2014-Nov-Two","IL17","five",NA,50,"IL17_L8_F_No_4"
"IL17.DTT.103","CGTAAGATGCCT","TTTTTTTT",1,"H1",NA,"Female","WT","IL17_L8_F_No_4",36,4,"Mucosal","Distal_Colon","Colon","Mucosal_Colon","Mucosal_Distal_Colon","UCLA","IL17-DTT-103","2014-November","2014-Nov-Two","IL17","five",NA,510,"IL17_L8_F_No_4"
"IL17.DTT.104","GCGTTCTAGCTG","TTTTTTTT",1,"H2",NA,"Female","WT","IL17_L8_F_No_4",36,4,"Mucosal","Proximal_Colon","Colon","Mucosal_Colon","Mucosal_Proximal_Colon","UCLA","IL17-DTT-104","2014-November","2014-Nov-Two","IL17","five",NA,84,"IL17_L8_F_No_4"
"IL17.DTT.53","GAACACTTTGGA","TTTTTTTT",1,"D5",NA,"Female","WT","IL17_L8_M_No_1",9,1,"Mucosal","Jejunum","SI","Mucosal_SI","Mucosal_Jejunum","UCLA","IL17-DTT-53","2014-November","2014-Nov-Two","IL17","three",NA,304,"IL17_L8_M_No_1"
"IL17.DTT.54","GAGCCATCTGTA","TTTTTTTT",1,"D6",NA,"Female","WT","IL17_L8_M_No_1",9,1,"Mucosal","Duodenum","SI","Mucosal_SI","Mucosal_Duodenum","UCLA","IL17-DTT-54","2014-November","2014-Nov-Two","IL17","three",NA,16,"IL17_L8_M_No_1"
"IL17.DTT.49","CACTACGCTAGA","TTTTTTTT",1,"D1",NA,"Female","WT","IL17_L8_M_No_1",9,1,"Mucosal","Distal_Colon","Colon","Mucosal_Colon","Mucosal_Distal_Colon","UCLA","IL17-DTT-49","2014-November","2014-Nov-Two","IL17","three",NA,384,"IL17_L8_M_No_1"
"IL17.DTT.50","TGCAGTCCTCGA","TTTTTTTT",1,"D2",NA,"Female","WT","IL17_L8_M_No_1",9,1,"Mucosal","Proximal_Colon","Colon","Mucosal_Colon","Mucosal_Proximal_Colon","UCLA","IL17-DTT-50","2014-November","2014-Nov-Two","IL17","three",NA,502,"IL17_L8_M_No_1"
"IL17.DTT.51","ACCATAGCTCCG","TTTTTTTT",1,"D3",NA,"Female","WT","IL17_L8_M_No_1",9,1,"Mucosal","Cecum","Colon","Mucosal_Colon","Mucosal_Cecum","UCLA","IL17-DTT-51","2014-November","2014-Nov-Two","IL17","three",NA,388,"IL17_L8_M_No_1"
"IL17.DTT.52","TCGACATCTCTT","TTTTTTTT",1,"D4",NA,"Female","WT","IL17_L8_M_No_1",9,1,"Mucosal","Ileum","SI","Mucosal_SI","Mucosal_Ileum","UCLA","IL17-DTT-52","2014-November","2014-Nov-Two","IL17","three",NA,64,"IL17_L8_M_No_1"
"IL17.DTT.85","GGTGACTAGTTC","TTTTTTTT",1,"G1",NA,"Female","WT","IL17_L9_F_No_2",18,2,"Mucosal","Distal_Colon","Colon","Mucosal_Colon","Mucosal_Distal_Colon","UCLA","IL17-DTT-85","2014-November","2014-Nov-Two","IL17","four",NA,59,"IL17_L9_F_No_2"
"IL17.DTT.86","ATGGGTTCCGTC","TTTTTTTT",1,"G2",NA,"Female","WT","IL17_L9_F_No_2",18,2,"Mucosal","Proximal_Colon","Colon","Mucosal_Colon","Mucosal_Proximal_Colon","UCLA","IL17-DTT-86","2014-November","2014-Nov-Two","IL17","four",NA,293,"IL17_L9_F_No_2"
"IL17.DTT.87","TAGGCATGCTTG","TTTTTTTT",1,"G3",NA,"Female","WT","IL17_L9_F_No_2",18,2,"Mucosal","Cecum","Colon","Mucosal_Colon","Mucosal_Cecum","UCLA","IL17-DTT-87","2014-November","2014-Nov-Two","IL17","four",NA,435,"IL17_L9_F_No_2"
"IL17.DTT.88","AACTAGTTCAGG","TTTTTTTT",1,"G4",NA,"Female","WT","IL17_L9_F_No_2",18,2,"Mucosal","Ileum","SI","Mucosal_SI","Mucosal_Ileum","UCLA","IL17-DTT-88","2014-November","2014-Nov-Two","IL17","four",NA,414,"IL17_L9_F_No_2"
"IL17.DTT.89","ATTCTGCCGAAG","TTTTTTTT",1,"G5",NA,"Female","WT","IL17_L9_F_No_2",18,2,"Mucosal","Jejunum","SI","Mucosal_SI","Mucosal_Jejunum","UCLA","IL17-DTT-89","2014-November","2014-Nov-Two","IL17","four",NA,339,"IL17_L9_F_No_2"
"IL17.DTT.90","AGCATGTCCCGT","TTTTTTTT",1,"G6",NA,"Female","WT","IL17_L9_F_No_2",18,2,"Mucosal","Duodenum","SI","Mucosal_SI","Mucosal_Duodenum","UCLA","IL17-DTT-90","2014-November","2014-Nov-Two","IL17","four",NA,85,"IL17_L9_F_No_2"
"TKO.DTT.1","AGGGTGACTTTA","TTTTTTTT",3,"B1",NA,"Male","WT","TCR17_L3--4",301,NA,"Mucosal","Distal_Colon","Colon","Mucosal_Colon","Mucosal_Distal_Colon","UCLA","TKO-DTT-1","2014-September","2014-Sept","TKO","one",NA,482,"TCR17_L3--4"
"TKO.DTT.2","GACTTCATGCGA","TTTTTTTT",3,"B2",NA,"Male","WT","TCR17_L3--4",301,NA,"Mucosal","Proximal_Colon","Colon","Mucosal_Colon","Mucosal_Proximal_Colon","UCLA","TKO-DTT-2","2014-September","2014-Sept","TKO","one",NA,244,"TCR17_L3--4"
"TKO.DTT.3","GCCTGTCTGCAA","TTTTTTTT",3,"B3",NA,"Male","WT","TCR17_L3--4",301,NA,"Mucosal","Cecum","Colon","Mucosal_Colon","Mucosal_Cecum","UCLA","TKO-DTT-3","2014-September","2014-Sept","TKO","one",NA,311,"TCR17_L3--4"
"TKO.DTT.4","ACTGATGGCCTC","TTTTTTTT",3,"B4",NA,"Male","WT","TCR17_L3--4",301,NA,"Mucosal","Ileum","SI","Mucosal_SI","Mucosal_Ileum","UCLA","TKO-DTT-4","2014-September","2014-Sept","TKO","one",NA,506,"TCR17_L3--4"
"TKO.DTT.5","TTCGATGCCGCA","TTTTTTTT",3,"B5",NA,"Male","WT","TCR17_L3--4",301,NA,"Mucosal","Jejunum","SI","Mucosal_SI","Mucosal_Jejunum","UCLA","TKO-DTT-5","2014-September","2014-Sept","TKO","one",NA,378,"TCR17_L3--4"
"TKO.DTT.6","TGTGGCTCGTGT","TTTTTTTT",3,"B6",NA,"Male","WT","TCR17_L3--4",301,NA,"Mucosal","Duodenum","SI","Mucosal_SI","Mucosal_Duodenum","UCLA","TKO-DTT-6","2014-September","2014-Sept","TKO","one",NA,441,"TCR17_L3--4"
"TKO.DTT.43","AGATGATCAGTC","TTTTTTTT",3,"E4",NA,"Male","WT","TCR22_L5--1",302,NA,"Mucosal","Distal_Colon","Colon","Mucosal_Colon","Mucosal_Distal_Colon","UCLA","TKO-DTT-43","2014-September","2014-Sept","TKO","four",NA,125,"TCR22_L5--1"
"TKO.DTT.44","GAGACGTGTTCT","TTTTTTTT",3,"E5",NA,"Male","WT","TCR22_L5--1",302,NA,"Mucosal","Proximal_Colon","Colon","Mucosal_Colon","Mucosal_Proximal_Colon","UCLA","TKO-DTT-44","2014-September","2014-Sept","TKO","four",NA,288,"TCR22_L5--1"
"TKO.DTT.45","TATCACCGGCAC","TTTTTTTT",3,"E6",NA,"Male","WT","TCR22_L5--1",302,NA,"Mucosal","Cecum","Colon","Mucosal_Colon","Mucosal_Cecum","UCLA","TKO-DTT-45","2014-September","2014-Sept","TKO","four",NA,417,"TCR22_L5--1"
"TKO.DTT.46","TATGCCAGAGAT","TTTTTTTT",3,"E7",NA,"Male","WT","TCR22_L5--1",302,NA,"Mucosal","Ileum","SI","Mucosal_SI","Mucosal_Ileum","UCLA","TKO-DTT-46","2014-September","2014-Sept","TKO","four",NA,55,"TCR22_L5--1"
"TKO.DTT.47","AGGTCCAAATCA","TTTTTTTT",3,"E8",NA,"Male","WT","TCR22_L5--1",302,NA,"Mucosal","Jejunum","SI","Mucosal_SI","Mucosal_Jejunum","UCLA","TKO-DTT-47","2014-September","2014-Sept","TKO","four",NA,177,"TCR22_L5--1"
"TKO.DTT.48","ACCGTGCTCACA","TTTTTTTT",3,"E9",NA,"Male","WT","TCR22_L5--1",302,NA,"Mucosal","Duodenum","SI","Mucosal_SI","Mucosal_Duodenum","UCLA","TKO-DTT-48","2014-September","2014-Sept","TKO","four",NA,413,"TCR22_L5--1"
"TKO.DTT.31","GTGTTCCCAGAA","TTTTTTTT",3,"D4",NA,"Male","WT","TCR22_L5--3",304,NA,"Mucosal","Distal_Colon","Colon","Mucosal_Colon","Mucosal_Distal_Colon","UCLA","TKO-DTT-31","2014-September","2014-Sept","TKO","three",NA,475,"TCR22_L5--3"
"TKO.DTT.32","CCGAGGTATAAT","TTTTTTTT",3,"D5",NA,"Male","WT","TCR22_L5--3",304,NA,"Mucosal","Proximal_Colon","Colon","Mucosal_Colon","Mucosal_Proximal_Colon","UCLA","TKO-DTT-32","2014-September","2014-Sept","TKO","three",NA,455,"TCR22_L5--3"
"TKO.DTT.33","AGCGTAATTAGC","TTTTTTTT",3,"D6",NA,"Male","WT","TCR22_L5--3",304,NA,"Mucosal","Cecum","Colon","Mucosal_Colon","Mucosal_Cecum","UCLA","TKO-DTT-33","2014-September","2014-Sept","TKO","three",NA,487,"TCR22_L5--3"
"TKO.DTT.34","CTCGTGAATGAC","TTTTTTTT",3,"D7",NA,"Male","WT","TCR22_L5--3",304,NA,"Mucosal","Ileum","SI","Mucosal_SI","Mucosal_Ileum","UCLA","TKO-DTT-34","2014-September","2014-Sept","TKO","three",NA,116,"TCR22_L5--3"
"TKO.DTT.35","AGGTGAGTTCTA","TTTTTTTT",3,"D8",NA,"Male","WT","TCR22_L5--3",304,NA,"Mucosal","Jejunum","SI","Mucosal_SI","Mucosal_Jejunum","UCLA","TKO-DTT-35","2014-September","2014-Sept","TKO","three",NA,226,"TCR22_L5--3"
"TKO.DTT.36","CCTGTCCTATCT","TTTTTTTT",3,"D9",NA,"Male","WT","TCR22_L5--3",304,NA,"Mucosal","Duodenum","SI","Mucosal_SI","Mucosal_Duodenum","UCLA","TKO-DTT-36","2014-September","2014-Sept","TKO","three",NA,89,"TCR22_L5--3"
"TKO.DTT.16","CGTAGGTAGAGG","TTTTTTTT",3,"C1",NA,"Female","WT","TCR23_L5--3",307,NA,"Mucosal","Ileum","SI","Mucosal_SI","Mucosal_Ileum","UCLA","TKO-DTT-16","2014-September","2014-Sept","TKO","two",NA,91,"TCR23_L5--3"
"TKO.DTT.17","ATTTAGGACGAC","TTTTTTTT",3,"C2",NA,"Female","WT","TCR23_L5--3",307,NA,"Mucosal","Jejunum","SI","Mucosal_SI","Mucosal_Jejunum","UCLA","TKO-DTT-17","2014-September","2014-Sept","TKO","two",NA,147,"TCR23_L5--3"
"TKO.DTT.18","GGATAGCCAAGG","TTTTTTTT",3,"C3",NA,"Female","WT","TCR23_L5--3",307,NA,"Mucosal","Duodenum","SI","Mucosal_SI","Mucosal_Duodenum","UCLA","TKO-DTT-18","2014-September","2014-Sept","TKO","two",NA,183,"TCR23_L5--3"
"TKO.DTT.22","TACACAAGTCGC","TTTTTTTT",3,"C7",NA,"Female","WT","TCR23_L5--4",308,NA,"Mucosal","Ileum","SI","Mucosal_SI","Mucosal_Ileum","UCLA","TKO-DTT-22","2014-September","2014-Sept","TKO","two",NA,365,"TCR23_L5--4"
"TKO.DTT.23","GCGTCCATGAAT","TTTTTTTT",3,"C8",NA,"Female","WT","TCR23_L5--4",308,NA,"Mucosal","Jejunum","SI","Mucosal_SI","Mucosal_Jejunum","UCLA","TKO-DTT-23","2014-September","2014-Sept","TKO","two",NA,346,"TCR23_L5--4"
"TKO.DTT.24","GTAATGCGTAAC","TTTTTTTT",3,"C9",NA,"Female","WT","TCR23_L5--4",308,NA,"Mucosal","Duodenum","SI","Mucosal_SI","Mucosal_Duodenum","UCLA","TKO-DTT-24","2014-September","2014-Sept","TKO","two",NA,131,"TCR23_L5--4"
"TKO.DTT.19","TGGTTGGTTACG","TTTTTTTT",3,"C4",NA,"Female","WT","TCR23_L5--4",308,NA,"Mucosal","Distal_Colon","Colon","Mucosal_Colon","Mucosal_Distal_Colon","UCLA","TKO-DTT-19","2014-September","2014-Sept","TKO","two",NA,39,"TCR23_L5--4"
"TKO.DTT.20","GTCGTCCAAATG","TTTTTTTT",3,"C5",NA,"Female","WT","TCR23_L5--4",308,NA,"Mucosal","Proximal_Colon","Colon","Mucosal_Colon","Mucosal_Proximal_Colon","UCLA","TKO-DTT-20","2014-September","2014-Sept","TKO","two",NA,486,"TCR23_L5--4"
"TKO.DTT.21","CAACGTGCTCCA","TTTTTTTT",3,"C6",NA,"Female","WT","TCR23_L5--4",308,NA,"Mucosal","Cecum","Colon","Mucosal_Colon","Mucosal_Cecum","UCLA","TKO-DTT-21","2014-September","2014-Sept","TKO","two",NA,12,"TCR23_L5--4"
"TKO.DTT.58","GAGAGTCCACTT","TTTTTTTT",3,"F7",NA,"Female","WT","TCR28_L9--2",309,NA,"Mucosal","Ileum","SI","Mucosal_SI","Mucosal_Ileum","UCLA","TKO-DTT-58","2014-September","2014-Sept","TKO","five",NA,279,"TCR28_L9--2"
"TKO.DTT.59","GAACGGGACGTA","TTTTTTTT",3,"F8",NA,"Female","WT","TCR28_L9--2",309,NA,"Mucosal","Jejunum","SI","Mucosal_SI","Mucosal_Jejunum","UCLA","TKO-DTT-59","2014-September","2014-Sept","TKO","five",NA,337,"TCR28_L9--2"
"TKO.DTT.60","ACGTGTAGGCTT","TTTTTTTT",3,"F9",NA,"Female","WT","TCR28_L9--2",309,NA,"Mucosal","Duodenum","SI","Mucosal_SI","Mucosal_Duodenum","UCLA","TKO-DTT-60","2014-September","2014-Sept","TKO","five",NA,280,"TCR28_L9--2"
"TKO.DTT.55","AATGACCTCGTG","TTTTTTTT",3,"F4",NA,"Female","WT","TCR28_L9--2",309,NA,"Mucosal","Distal_Colon","Colon","Mucosal_Colon","Mucosal_Distal_Colon","UCLA","TKO-DTT-55","2014-September","2014-Sept","TKO","five",NA,301,"TCR28_L9--2"
"TKO.DTT.56","CTTAGGCATGTG","TTTTTTTT",3,"F5",NA,"Female","WT","TCR28_L9--2",309,NA,"Mucosal","Proximal_Colon","Colon","Mucosal_Colon","Mucosal_Proximal_Colon","UCLA","TKO-DTT-56","2014-September","2014-Sept","TKO","five",NA,471,"TCR28_L9--2"
"TKO.DTT.57","CCAGATATAGCA","TTTTTTTT",3,"F6",NA,"Female","WT","TCR28_L9--2",309,NA,"Mucosal","Cecum","Colon","Mucosal_Colon","Mucosal_Cecum","UCLA","TKO-DTT-57","2014-September","2014-Sept","TKO","five",NA,284,"TCR28_L9--2"
"TKO.DTT.69","ACAGCTCAAACA","TTTTTTTT",3,"G4",NA,"Male","WT","TCR29_L10--1",311,NA,"Mucosal","Cecum","Colon","Mucosal_Colon","Mucosal_Cecum","UCLA","TKO-DTT-69","2014-September","2014-Sept","TKO","six",NA,72,"TCR29_L10--1"
"TKO.DTT.70","GAGCGTATCCAT","TTTTTTTT",3,"G5",NA,"Male","WT","TCR29_L10--1",311,NA,"Mucosal","Ileum","SI","Mucosal_SI","Mucosal_Ileum","UCLA","TKO-DTT-70","2014-September","2014-Sept","TKO","six",NA,253,"TCR29_L10--1"
"TKO.DTT.71","ATGGGCGAATGG","TTTTTTTT",3,"G6",NA,"Male","WT","TCR29_L10--1",311,NA,"Mucosal","Jejunum","SI","Mucosal_SI","Mucosal_Jejunum","UCLA","TKO-DTT-71","2014-September","2014-Sept","TKO","six",NA,479,"TCR29_L10--1"
"TKO.DTT.72","GATCTCTGGGTA","TTTTTTTT",3,"G7",NA,"Male","WT","TCR29_L10--1",311,NA,"Mucosal","Duodenum","SI","Mucosal_SI","Mucosal_Duodenum","UCLA","TKO-DTT-72","2014-September","2014-Sept","TKO","six",NA,352,"TCR29_L10--1"
"TKO.DTT.78","GCCGTCTCGTAA","TTTTTTTT",3,"H1",NA,"Male","WT","TCR29_L10--2",312,NA,"Mucosal","Duodenum","SI","Mucosal_SI","Mucosal_Duodenum","UCLA","TKO-DTT-78","2014-September","2014-Sept","TKO","six",NA,307,"TCR29_L10--2"
"TKO.DTT.73","CATCATACGGGT","TTTTTTTT",3,"G8",NA,"Male","WT","TCR29_L10--2",312,NA,"Mucosal","Distal_Colon","Colon","Mucosal_Colon","Mucosal_Distal_Colon","UCLA","TKO-DTT-73","2014-September","2014-Sept","TKO","six",NA,321,"TCR29_L10--2"
"TKO.DTT.74","TACGGATTATGG","TTTTTTTT",3,"G9",NA,"Male","WT","TCR29_L10--2",312,NA,"Mucosal","Proximal_Colon","Colon","Mucosal_Colon","Mucosal_Proximal_Colon","UCLA","TKO-DTT-74","2014-September","2014-Sept","TKO","six",NA,483,"TCR29_L10--2"
"TKO.DTT.75","ATAGCGAACTCA","TTTTTTTT",3,"G10",NA,"Male","WT","TCR29_L10--2",312,NA,"Mucosal","Cecum","Colon","Mucosal_Colon","Mucosal_Cecum","UCLA","TKO-DTT-75","2014-September","2014-Sept","TKO","six",NA,418,"TCR29_L10--2"
"TKO.DTT.76","TAACGCTGTGTG","TTTTTTTT",3,"G11",NA,"Male","WT","TCR29_L10--2",312,NA,"Mucosal","Ileum","SI","Mucosal_SI","Mucosal_Ileum","UCLA","TKO-DTT-76","2014-September","2014-Sept","TKO","six",NA,114,"TCR29_L10--2"
"TKO.DTT.77","AACCAAACTCGA","TTTTTTTT",3,"G12",NA,"Male","WT","TCR29_L10--2",312,NA,"Mucosal","Jejunum","SI","Mucosal_SI","Mucosal_Jejunum","UCLA","TKO-DTT-77","2014-September","2014-Sept","TKO","six",NA,167,"TCR29_L10--2"
"TKO.DTT.87","CGCATTTGGATG","TTTTTTTT",3,"H8",NA,"Male","WT","TCR33_L12--1",313,NA,"Mucosal","Cecum","Colon","Mucosal_Colon","Mucosal_Cecum","UCLA","TKO-DTT-87","2014-September","2014-Sept","TKO","seven",NA,256,"TCR33_L12--1"
"TKO.DTT.88","ATAACATGTGCG","TTTTTTTT",3,"H9",NA,"Male","WT","TCR33_L12--1",313,NA,"Mucosal","Ileum","SI","Mucosal_SI","Mucosal_Ileum","UCLA","TKO-DTT-88","2014-September","2014-Sept","TKO","seven",NA,171,"TCR33_L12--1"
"TKO.DTT.89","CTTGAGAAATCG","TTTTTTTT",3,"H10",NA,"Male","WT","TCR33_L12--1",313,NA,"Mucosal","Jejunum","SI","Mucosal_SI","Mucosal_Jejunum","UCLA","TKO-DTT-89","2014-September","2014-Sept","TKO","seven",NA,382,"TCR33_L12--1"
"TKO.DTT.90","CTACACAGCACA","TTTTTTTT",3,"H11",NA,"Male","WT","TCR33_L12--1",313,NA,"Mucosal","Duodenum","SI","Mucosal_SI","Mucosal_Duodenum","UCLA","TKO-DTT-90","2014-September","2014-Sept","TKO","seven",NA,303,"TCR33_L12--1"
"TKO.DTT.91","GAAATGCTACGT","TTTTTTTT",3,"H12",NA,"Female","WT","TCR34_L12--2",315,NA,"Mucosal","Distal_Colon","Colon","Mucosal_Colon","Mucosal_Distal_Colon","UCLA","TKO-DTT-91","2014-September","2014-Sept","TKO","seven",NA,316,"TCR34_L12--2"
"TKO.DTT.92","TCTGAGGTTGCC","TTTTTTTT",4,"A1",NA,"Female","WT","TCR34_L12--2",315,NA,"Mucosal","Proximal_Colon","Colon","Mucosal_Colon","Mucosal_Proximal_Colon","UCLA","TKO-DTT-92","2014-September","2014-Sept","TKO","seven",NA,285,"TCR34_L12--2"
"TKO.DTT.93","GATCATTCTCTC","TTTTTTTT",4,"A2",NA,"Female","WT","TCR34_L12--2",315,NA,"Mucosal","Cecum","Colon","Mucosal_Colon","Mucosal_Cecum","UCLA","TKO-DTT-93","2014-September","2014-Sept","TKO","seven",NA,103,"TCR34_L12--2"
"TKO.DTT.94","AGACATACCGTA","TTTTTTTT",4,"A3",NA,"Female","WT","TCR34_L12--2",315,NA,"Mucosal","Ileum","SI","Mucosal_SI","Mucosal_Ileum","UCLA","TKO-DTT-94","2014-September","2014-Sept","TKO","seven",NA,370,"TCR34_L12--2"
"TKO.DTT.95","GATCCTCATGCG","TTTTTTTT",4,"A4",NA,"Female","WT","TCR34_L12--2",315,NA,"Mucosal","Jejunum","SI","Mucosal_SI","Mucosal_Jejunum","UCLA","TKO-DTT-95","2014-September","2014-Sept","TKO","seven",NA,489,"TCR34_L12--2"
"TKO.DTT.96","ATTATCGTCCCT","TTTTTTTT",4,"A5",NA,"Female","WT","TCR34_L12--2",315,NA,"Mucosal","Duodenum","SI","Mucosal_SI","Mucosal_Duodenum","UCLA","TKO-DTT-96","2014-September","2014-Sept","TKO","seven",NA,68,"TCR34_L12--2"
"TKO.DTT.103","CGCCATTGTGCA","TTTTTTTT",4,"A12",NA,"Female","WT","TCR36_L13--1",NA,NA,"Mucosal","Distal_Colon","Colon","Mucosal_Colon","Mucosal_Distal_Colon","UCLA","TKO-DTT-103","2014-September","2014-Sept","TKO","eight",NA,247,"TCR36_L13--1"
"TKO.DTT.104","TCCAACTGCAGA","TTTTTTTT",4,"B1",NA,"Female","WT","TCR36_L13--1",NA,NA,"Mucosal","Proximal_Colon","Colon","Mucosal_Colon","Mucosal_Proximal_Colon","UCLA","TKO-DTT-104","2014-September","2014-Sept","TKO","eight",NA,282,"TCR36_L13--1"
"TKO.DTT.105","TAAAGACCCGTA","TTTTTTTT",4,"B2",NA,"Female","WT","TCR36_L13--1",NA,NA,"Mucosal","Cecum","Colon","Mucosal_Colon","Mucosal_Cecum","UCLA","TKO-DTT-105","2014-September","2014-Sept","TKO","eight",NA,359,"TCR36_L13--1"
"TKO.DTT.106","TGTATCTTCACC","TTTTTTTT",4,"B3",NA,"Female","WT","TCR36_L13--1",NA,NA,"Mucosal","Ileum","SI","Mucosal_SI","Mucosal_Ileum","UCLA","TKO-DTT-106","2014-September","2014-Sept","TKO","eight",NA,424,"TCR36_L13--1"
"TKO.DTT.107","GACTGACTCGTC","TTTTTTTT",4,"B4",NA,"Female","WT","TCR36_L13--1",NA,NA,"Mucosal","Jejunum","SI","Mucosal_SI","Mucosal_Jejunum","UCLA","TKO-DTT-107","2014-September","2014-Sept","TKO","eight",NA,78,"TCR36_L13--1"
"TKO.DTT.108","TCGTGGATAGCT","TTTTTTTT",4,"B5",NA,"Female","WT","TCR36_L13--1",NA,NA,"Mucosal","Duodenum","SI","Mucosal_SI","Mucosal_Duodenum","UCLA","TKO-DTT-108","2014-September","2014-Sept","TKO","eight",NA,281,"TCR36_L13--1"
"TKO.DTT.109","GACGCACTAACT","TTTTTTTT",4,"B6",NA,"Male","WT","TCR36_L13--2",NA,NA,"Mucosal","Distal_Colon","Colon","Mucosal_Colon","Mucosal_Distal_Colon","UCLA","TKO-DTT-109","2014-September","2014-Sept","TKO","eight",NA,272,"TCR36_L13--2"
"TKO.DTT.110","GGCGATTTACGT","TTTTTTTT",4,"B7",NA,"Male","WT","TCR36_L13--2",NA,NA,"Mucosal","Proximal_Colon","Colon","Mucosal_Colon","Mucosal_Proximal_Colon","UCLA","TKO-DTT-110","2014-September","2014-Sept","TKO","eight",NA,181,"TCR36_L13--2"
"TKO.DTT.111","TAAGGCATCGCT","TTTTTTTT",4,"B8",NA,"Male","WT","TCR36_L13--2",NA,NA,"Mucosal","Cecum","Colon","Mucosal_Colon","Mucosal_Cecum","UCLA","TKO-DTT-111","2014-September","2014-Sept","TKO","eight",NA,158,"TCR36_L13--2"
"TKO.DTT.112","ACCCATACAGCC","TTTTTTTT",4,"B9",NA,"Male","WT","TCR36_L13--2",NA,NA,"Mucosal","Ileum","SI","Mucosal_SI","Mucosal_Ileum","UCLA","TKO-DTT-112","2014-September","2014-Sept","TKO","eight",NA,25,"TCR36_L13--2"
"TKO.DTT.113","CGCACTACGCAT","TTTTTTTT",4,"B10",NA,"Male","WT","TCR36_L13--2",NA,NA,"Mucosal","Jejunum","SI","Mucosal_SI","Mucosal_Jejunum","UCLA","TKO-DTT-113","2014-September","2014-Sept","TKO","eight",NA,118,"TCR36_L13--2"
"TKO.DTT.114","CAGTCGTTAAGA","TTTTTTTT",4,"B11",NA,"Male","WT","TCR36_L13--2",NA,NA,"Mucosal","Duodenum","SI","Mucosal_SI","Mucosal_Duodenum","UCLA","TKO-DTT-114","2014-September","2014-Sept","TKO","eight",NA,138,"TCR36_L13--2"
"TKO.DTT.123","ATGCTAACCACG","TTTTTTTT",4,"C6",NA,"Male","WT","TCR41_L16--2",NA,NA,"Mucosal","Cecum","Colon","Mucosal_Colon","Mucosal_Cecum","UCLA","TKO-DTT-123","2014-September","2014-Sept","TKO","nine",NA,71,"TCR41_L16--2"
"TKO.DTT.124","ACCAATCTCGGC","TTTTTTTT",4,"C7",NA,"Male","WT","TCR41_L16--2",NA,NA,"Mucosal","Ileum","SI","Mucosal_SI","Mucosal_Ileum","UCLA","TKO-DTT-124","2014-September","2014-Sept","TKO","nine",NA,70,"TCR41_L16--2"
"TKO.DTT.125","TATCCAAGCGCA","TTTTTTTT",4,"C8",NA,"Male","WT","TCR41_L16--2",NA,NA,"Mucosal","Jejunum","SI","Mucosal_SI","Mucosal_Jejunum","UCLA","TKO-DTT-125","2014-September","2014-Sept","TKO","nine",NA,213,"TCR41_L16--2"
"TKO.DTT.126","GTACTGAAGATC","TTTTTTTT",4,"C9",NA,"Male","WT","TCR41_L16--2",NA,NA,"Mucosal","Duodenum","SI","Mucosal_SI","Mucosal_Duodenum","UCLA","TKO-DTT-126","2014-September","2014-Sept","TKO","nine",NA,62,"TCR41_L16--2"
"TKO.DTT.127","TCGCCGTGTACA","TTTTTTTT",4,"C10",NA,"Female","WT","TCR42_L16--1",NA,NA,"Mucosal","Distal_Colon","Colon","Mucosal_Colon","Mucosal_Distal_Colon","UCLA","TKO-DTT-127","2014-September","2014-Sept","TKO","nine",NA,104,"TCR42_L16--1"
"TKO.DTT.128","AACTGCGATATG","TTTTTTTT",4,"C11",NA,"Female","WT","TCR42_L16--1",NA,NA,"Mucosal","Proximal_Colon","Colon","Mucosal_Colon","Mucosal_Proximal_Colon","UCLA","TKO-DTT-128","2014-September","2014-Sept","TKO","nine",NA,373,"TCR42_L16--1"
"TKO.DTT.129","CTTCCAACTCAT","TTTTTTTT",4,"C12",NA,"Female","WT","TCR42_L16--1",NA,NA,"Mucosal","Cecum","Colon","Mucosal_Colon","Mucosal_Cecum","UCLA","TKO-DTT-129","2014-September","2014-Sept","TKO","nine",NA,135,"TCR42_L16--1"
"TKO.DTT.130","GAGATCGCCTAT","TTTTTTTT",4,"D1",NA,"Female","WT","TCR42_L16--1",NA,NA,"Mucosal","Ileum","SI","Mucosal_SI","Mucosal_Ileum","UCLA","TKO-DTT-130","2014-September","2014-Sept","TKO","nine",NA,1,"TCR42_L16--1"
"TKO.DTT.131","TGTACATCGCCG","TTTTTTTT",4,"D2",NA,"Female","WT","TCR42_L16--1",NA,NA,"Mucosal","Jejunum","SI","Mucosal_SI","Mucosal_Jejunum","UCLA","TKO-DTT-131","2014-September","2014-Sept","TKO","nine",NA,230,"TCR42_L16--1"
"TKO.DTT.132","TGTTAAGCAGCA","TTTTTTTT",4,"D3",NA,"Female","WT","TCR42_L16--1",NA,NA,"Mucosal","Duodenum","SI","Mucosal_SI","Mucosal_Duodenum","UCLA","TKO-DTT-132","2014-September","2014-Sept","TKO","nine",NA,447,"TCR42_L16--1"
"TKO.DTT.139","CGGAGTAATCCT","TTTTTTTT",4,"D10",NA,"Female","WT","TCR43_L17--1",NA,NA,"Mucosal","Distal_Colon","Colon","Mucosal_Colon","Mucosal_Distal_Colon","UCLA","TKO-DTT-139","2014-September","2014-Sept","TKO","ten",NA,238,"TCR43_L17--1"
"TKO.DTT.140","CTGTGTCCATGG","TTTTTTTT",4,"D11",NA,"Female","WT","TCR43_L17--1",NA,NA,"Mucosal","Proximal_Colon","Colon","Mucosal_Colon","Mucosal_Proximal_Colon","UCLA","TKO-DTT-140","2014-September","2014-Sept","TKO","ten",NA,500,"TCR43_L17--1"
"TKO.DTT.141","CTTCGCGGATGT","TTTTTTTT",4,"D12",NA,"Female","WT","TCR43_L17--1",NA,NA,"Mucosal","Cecum","Colon","Mucosal_Colon","Mucosal_Cecum","UCLA","TKO-DTT-141","2014-September","2014-Sept","TKO","ten",NA,30,"TCR43_L17--1"
"TKO.DTT.142","ATAGGCTGTAGT","TTTTTTTT",4,"E1",NA,"Female","WT","TCR43_L17--1",NA,NA,"Mucosal","Ileum","SI","Mucosal_SI","Mucosal_Ileum","UCLA","TKO-DTT-142","2014-September","2014-Sept","TKO","ten",NA,22,"TCR43_L17--1"
"TKO.DTT.143","TGTGTAGCCATG","TTTTTTTT",4,"E2",NA,"Female","WT","TCR43_L17--1",NA,NA,"Mucosal","Jejunum","SI","Mucosal_SI","Mucosal_Jejunum","UCLA","TKO-DTT-143","2014-September","2014-Sept","TKO","ten",NA,334,"TCR43_L17--1"
"TKO.DTT.144","AAGGGCGCTGAA","TTTTTTTT",4,"E3",NA,"Female","WT","TCR43_L17--1",NA,NA,"Mucosal","Duodenum","SI","Mucosal_SI","Mucosal_Duodenum","UCLA","TKO-DTT-144","2014-September","2014-Sept","TKO","ten",NA,438,"TCR43_L17--1"
"TKO.DTT.154","CTTGACGAGGTT","TTTTTTTT",4,"F1",NA,"Male","WT","TCR44_L17--1",NA,NA,"Mucosal","Ileum","SI","Mucosal_SI","Mucosal_Ileum","UCLA","TKO-DTT-154","2014-September","2014-Sept","TKO","eleven",NA,353,"TCR44_L17--1"
"TKO.DTT.155","ACCTGGGAATAT","TTTTTTTT",4,"F2",NA,"Male","WT","TCR44_L17--1",NA,NA,"Mucosal","Jejunum","SI","Mucosal_SI","Mucosal_Jejunum","UCLA","TKO-DTT-155","2014-September","2014-Sept","TKO","eleven",NA,32,"TCR44_L17--1"
"TKO.DTT.156","CTCTGCCTAATT","TTTTTTTT",4,"F3",NA,"Male","WT","TCR44_L17--1",NA,NA,"Mucosal","Duodenum","SI","Mucosal_SI","Mucosal_Duodenum","UCLA","TKO-DTT-156","2014-September","2014-Sept","TKO","eleven",NA,195,"TCR44_L17--1"
"TKO.DTT.151","AAGTCACACACA","TTTTTTTT",4,"E10",NA,"Male","WT","TCR44_L17--1",NA,NA,"Mucosal","Distal_Colon","Colon","Mucosal_Colon","Mucosal_Distal_Colon","UCLA","TKO-DTT-151","2014-September","2014-Sept","TKO","eleven",NA,381,"TCR44_L17--1"
"TKO.DTT.152","GCTGTGATTCGA","TTTTTTTT",4,"E11",NA,"Male","WT","TCR44_L17--1",NA,NA,"Mucosal","Proximal_Colon","Colon","Mucosal_Colon","Mucosal_Proximal_Colon","UCLA","TKO-DTT-152","2014-September","2014-Sept","TKO","eleven",NA,8,"TCR44_L17--1"
"TKO.DTT.153","CTAGCTATGGAC","TTTTTTTT",4,"E12",NA,"Male","WT","TCR44_L17--1",NA,NA,"Mucosal","Cecum","Colon","Mucosal_Colon","Mucosal_Cecum","UCLA","TKO-DTT-153","2014-September","2014-Sept","TKO","eleven",NA,299,"TCR44_L17--1"
