feature	metadata	value	coef	stderr	N	N.not.0	pval	qval
k__Bacteria.p__Firmicutes.c__Bacilli.o__Bacillales.f__Bacillaceae.g__Bacillus	Type	Mucosal	3.63279673730684	0.560549178526082	18	6	1.44703309454338e-05	0.00303876949854109
k__Bacteria.p__Actinobacteriota.c__Coriobacteriia.o__Coriobacteriales.f__Eggerthellaceae.g__Enterorhabdus	Type	Mucosal	-3.28321921254399	0.406502692518563	18	11	4.24719647890508e-05	0.00325138997874942
k__Bacteria.p__Firmicutes.c__Bacilli.o__Lactobacillales.f__Lactobacillaceae.g__HT002	Type	Mucosal	-2.03987000061623	0.234873834129579	18	17	4.64484282678488e-05	0.00325138997874942
k__Bacteria.p__Deferribacterota.c__Deferribacteres.o__Deferribacterales.f__Deferribacteraceae.g__Mucispirillum	Type	Mucosal	1.57334803963361	0.28554846759202	18	14	0.000865770044476073	0.0454529273349938
k__Bacteria.p__Firmicutes.c__Clostridia.o__Clostridia.UCG.014.f__.g__	Type	Mucosal	-1.20509759091539	0.257435097526004	18	3	0.00137084026973212	0.0575752913287489
k__Bacteria.p__Firmicutes.c__Clostridia.o__Lachnospirales.f__Lachnospiraceae.g__Lachnospiraceae.UCG.006	Type	Mucosal	-1.02850849219357	0.232277180588205	18	17	0.00219034018858722	0.0766619066005526
k__Bacteria.p__Firmicutes.c__Clostridia.o__Peptococcales.f__Peptococcaceae.g__Peptococcus	Sequencing_Run	Two	-1.13907567359146	0.325268398552889	18	0	0.00352149177303437	0.105644753191031
k__Bacteria.p__Firmicutes.c__Clostridia.o__Clostridia.UCG.014.f__.g__	Sequencing_Run	Two	1.74853805954636	0.436029800022196	18	3	0.00460042092337328	0.120761049238549
k__Bacteria.p__Bacteroidota.c__Bacteroidia.o__Bacteroidales.f__Bacteroidaceae.g__Bacteroides	Type	Mucosal	1.15878334910696	0.312840968963736	18	16	0.00564090295750328	0.13162106900841
k__Bacteria.p__Firmicutes.c__Clostridia.o__Oscillospirales.f__Oscillospiraceae.g__	Type	Mucosal	1.43327818344712	0.394728071899949	18	8	0.00700820219571976	0.147172246110115
k__Bacteria.p__Bacteroidota.c__Bacteroidia.o__Bacteroidales.f__Prevotellaceae.g__Alloprevotella	Type	Mucosal	1.66090078698187	0.459519081454319	18	14	0.00841622875030937	0.156223754241927
k__Bacteria.p__Firmicutes.c__Bacilli.o__Bacillales.f__Bacillaceae.g__Bacillus	Sex	M	-1.88819518143361	0.622325257475469	18	6	0.00892707167096727	0.156223754241927
k__Bacteria.p__Firmicutes.c__Clostridia.o__Oscillospirales.f__Oscillospiraceae.g__Colidextribacter	Type	Mucosal	0.81667916907872	0.2474683574151	18	9	0.0121382400006074	0.15680374108926
k__Bacteria.p__Firmicutes.c__Clostridia.o__Oscillospirales.f__Oscillospiraceae.g__Oscillibacter	Type	Mucosal	1.29659908645409	0.409757256625228	18	10	0.0128499808967653	0.15680374108926
k__Bacteria.p__Firmicutes.c__Bacilli.o__Lactobacillales.f__Streptococcaceae.g__Streptococcus	Type	Mucosal	-1.19101439683779	0.410303182944063	18	16	0.0115785732041688	0.15680374108926
k__Bacteria.p__Desulfobacterota.c__Desulfovibrionia.o__Desulfovibrionales.f__Desulfovibrionaceae.g__Desulfovibrio	Type	Mucosal	-1.73542017508042	0.530492927630073	18	17	0.012163426383252	0.15680374108926
k__Bacteria.p__Bacteroidota.c__Bacteroidia.o__Bacteroidales.f__Muribaculaceae.g__Muribaculum	Type	Mucosal	-0.874588740256307	0.272151289887717	18	18	0.0130094394509053	0.15680374108926
k__Bacteria.p__Firmicutes.c__Clostridia.o__Oscillospirales.f__Ruminococcaceae.g__Paludicola	Type	Mucosal	-0.845863839063022	0.276388795391016	18	0	0.0134403206647937	0.15680374108926
k__Bacteria.p__Firmicutes.c__Clostridia.o__Lachnospirales.f__Lachnospiraceae.g__Tuzzerella	Type	Mucosal	-0.627607235350032	0.231599326695872	18	0	0.0169257671672607	0.187074268690776
k__Bacteria.p__Verrucomicrobiota.c__Verrucomicrobiae.o__Verrucomicrobiales.f__Akkermansiaceae.g__Akkermansia	Type	Mucosal	0.843955755965135	0.329001967518189	18	12	0.0224455167517143	0.22121906170956
k__Bacteria.p__Firmicutes.c__Clostridia.o__Oscillospirales.f__Oscillospiraceae.g__NK4A214.group	Sequencing_Run	Two	-0.732140466562914	0.287259312398512	18	0	0.0231753302743349	0.22121906170956
k__Bacteria.p__Firmicutes.c__Clostridia.o__Peptostreptococcales.Tissierellales.f__Anaerovoracaceae.g__.Eubacterium..brachy.group	Type	Mucosal	-0.696251127996925	0.243072837167824	18	2	0.0229850788647938	0.22121906170956
k__Bacteria.p__Firmicutes.c__Clostridia.o__Lachnospirales.f__Lachnospiraceae.g__	Type	Mucosal	0.653400454604443	0.241269725015864	18	18	0.0262011658794285	0.239228036290434
k__Bacteria.p__Firmicutes.c__Clostridia.o__Lachnospirales.f__Lachnospiraceae.g__GCA.900066575	Type	Mucosal	0.836104146732838	0.319875215478214	18	0	0.0294898606451672	0.258036280645213
k__Bacteria.p__Firmicutes.c__Clostridia.o__Lachnospirales.f__Lachnospiraceae.g__Roseburia	Type	Mucosal	0.77821047306247	0.293829813414329	18	14	0.0319277895649196	0.268193432345325
k__Bacteria.p__Firmicutes.c__Clostridia.o__Oscillospirales.f__Oscillospiraceae.g__UCG.003	Sex	M	-0.63327669211	0.268292847421028	18	0	0.0332968921812092	0.268936436848228
k__Bacteria.p__Firmicutes.c__Clostridia.o__Peptostreptococcales.Tissierellales.f__Anaerovoracaceae.g__.Eubacterium..brachy.group	Sequencing_Run	Two	1.68694413827642	0.64648136146622	18	2	0.0354637792686502	0.275829394311724
k__Bacteria.p__Firmicutes.c__Clostridia.o__Lachnospirales.f__Lachnospiraceae.g__	Sequencing_Run	Two	0.850156251599316	0.34033497149639	18	18	0.0424803159341358	0.287769882134468
k__Bacteria.p__Firmicutes.c__Clostridia.o__Clostridia.vadinBB60.group.f__.g__	Sequencing_Run	Two	-1.0624627359829	0.410226334730335	18	0	0.0386928434460479	0.287769882134468
k__Bacteria.p__Proteobacteria.c__Gammaproteobacteria.o__Burkholderiales.f__Sutterellaceae.g__Parasutterella	Type	Mucosal	-0.612343872586504	0.249906471702098	18	18	0.0424167839448008	0.287769882134468
k__Bacteria.p__Firmicutes.c__Bacilli.o__Lactobacillales.f__Streptococcaceae.g__Lactococcus	Sequencing_Run	Two	-1.19783516321499	0.467165210451691	18	0	0.0417859669165824	0.287769882134468
k__Bacteria.p__Desulfobacterota.c__Desulfovibrionia.o__Desulfovibrionales.f__Desulfovibrionaceae.g__	Type	Mucosal	-0.680736634146655	0.293407164278061	18	9	0.0522531243828589	0.342911128762511
k__Bacteria.p__Firmicutes.c__Bacilli.o__Lactobacillales.f__Enterococcaceae.g__Enterococcus	Type	Mucosal	-0.660981261883739	0.293142955301411	18	2	0.0561604558533335	0.357384719066668
k__Bacteria.p__Desulfobacterota.c__Desulfovibrionia.o__Desulfovibrionales.f__Desulfovibrionaceae.g__Bilophila	Type	Mucosal	-0.602341586292425	0.271483714354003	18	17	0.0599453562903797	0.370250730028816
k__Bacteria.p__Actinobacteriota.c__Coriobacteriia.o__Coriobacteriales.f__Eggerthellaceae.g__Enterorhabdus	Sex	M	-1.20858014230033	0.547968992043386	18	11	0.0636878546507071	0.382127127904243
k__Bacteria.p__Verrucomicrobiota.c__Verrucomicrobiae.o__Verrucomicrobiales.f__Akkermansiaceae.g__Akkermansia	Sequencing_Run	Two	0.756336827884691	0.378792782339511	18	12	0.065681385467707	0.382748951008744
k__Bacteria.p__Firmicutes.c__Clostridia.o__Lachnospirales.f__Lachnospiraceae.g__A2	Type	Mucosal	1.20767743637173	0.584746516353162	18	6	0.0692593339920584	0.382748951008744
k__Bacteria.p__Firmicutes.c__Clostridia.o__Oscillospirales.f__Ruminococcaceae.g__Anaerotruncus	Sequencing_Run	Two	-0.618344119846536	0.313522138543704	18	0	0.0686679952338736	0.382748951008744
k__Bacteria.p__Firmicutes.c__Clostridia.o__Oscillospirales.f__UCG.010.g__	Type	Mucosal	-0.624385512575977	0.311704897470243	18	1	0.0802732761214296	0.411155804524396
k__Bacteria.p__Firmicutes.c__Clostridia.o__Lachnospirales.f__Lachnospiraceae.g__Lachnospiraceae.UCG.001	Type	Mucosal	0.798067940019455	0.387453971414169	18	17	0.0774178339696845	0.411155804524396
k__Bacteria.p__Bacteroidota.c__Bacteroidia.o__Bacteroidales.f__Tannerellaceae.g__Parabacteroides	Sequencing_Run	Two	0.85039816349286	0.450124467435808	18	4	0.0797491641392932	0.411155804524396
k__Bacteria.p__Firmicutes.c__Clostridia.o__Lachnospirales.f__Lachnospiraceae.g__Lachnospiraceae.UCG.006	Sex	M	-0.858406242249655	0.432682388143928	18	17	0.0848371635165688	0.412004116281885
k__Bacteria.p__Firmicutes.c__Clostridia.o__Oscillospirales.f__Oscillospiraceae.g__Oscillospira	Type	Mucosal	-0.318622825581044	0.160187832807056	18	0	0.0832606696653263	0.412004116281885
k__Bacteria.p__Firmicutes.c__Bacilli.o__Lactobacillales.f__Lactobacillaceae.g__Lactobacillus	Type	Mucosal	-1.04795059490261	0.534463311626813	18	17	0.0863246719828712	0.412004116281885
k__Bacteria.p__Bacteroidota.c__Bacteroidia.o__Bacteroidales.f__Prevotellaceae.g__Prevotellaceae.UCG.001	Type	Mucosal	0.749774197335821	0.384975588327644	18	16	0.0921698456745543	0.430125946481253
k__Bacteria.p__Bacteroidota.c__Bacteroidia.o__Bacteroidales.f__Muribaculaceae.g__	Type	Mucosal	-0.461780152747175	0.243330438440807	18	18	0.0970425311899533	0.433594288295536
k__Bacteria.p__Firmicutes.c__Bacilli.o__Lactobacillales.f__Lactobacillaceae.g__Ligilactobacillus	Sex	M	-1.60773375602776	0.835754329736527	18	18	0.0951977380697657	0.433594288295536
k__Bacteria.p__Firmicutes.c__Clostridia.o__Lachnospirales.f__Lachnospiraceae.g__A2	Sequencing_Run	Two	1.45217280977116	0.779210448037055	18	6	0.102736725851123	0.44030025364767
k__Bacteria.p__Firmicutes.c__Clostridia.o__Lachnospirales.f__Lachnospiraceae.g__Lachnospiraceae.UCG.010	Sequencing_Run	Two	-0.599114923178916	0.34175278481417	18	0	0.101449475986132	0.44030025364767
k__Bacteria.p__Verrucomicrobiota.c__Verrucomicrobiae.o__Opitutales.f__Puniceicoccaceae.g__	Sex	M	2.53594803754135	1.41831942494795	18	6	0.113906266994155	0.469025805270049
k__Bacteria.p__Bacteroidota.c__Bacteroidia.o__Bacteroidales.f__Marinifilaceae.g__Odoribacter	Sex	M	-1.44091163009862	0.793651068624086	18	5	0.112276152437695	0.469025805270049
k__Bacteria.p__Firmicutes.c__Clostridia.o__Lachnospirales.f__Lachnospiraceae.g__Lachnospiraceae.UCG.004	Type	Mucosal	0.516295430760258	0.31325445090496	18	0	0.121569757536973	0.48169149212763
k__Bacteria.p__Firmicutes.c__Clostridia.o__Oscillospirales.f__Ruminococcaceae.g__Harryflintia	Type	Mucosal	-0.530053057770204	0.320525936996775	18	0	0.120427821151161	0.48169149212763
k__Bacteria.p__Bacteroidota.c__Bacteroidia.o__Bacteroidales.f__Tannerellaceae.g__Parabacteroides	Type	Mucosal	0.621753165647137	0.390957384403707	18	4	0.134080645361919	0.511944282290963
k__Bacteria.p__Firmicutes.c__Clostridia.o__Peptostreptococcales.Tissierellales.f__Anaerovoracaceae.g__.Eubacterium..nodatum.group	Type	Mucosal	-0.407168907191103	0.246321933033593	18	0	0.132597313432833	0.511944282290963
k__Bacteria.p__Firmicutes.c__Clostridia.o__Lachnospirales.f__Lachnospiraceae.g__ASF356	Type	Mucosal	0.326657866498382	0.201124556090605	18	0	0.142747652093962	0.535303695352357
k__Bacteria.p__Firmicutes.c__Clostridia.o__Oscillospirales.f__Butyricicoccaceae.g__Butyricicoccus	Type	Mucosal	-0.541444031082567	0.351698482040431	18	10	0.145972041782938	0.537791732884508
k__Bacteria.p__Firmicutes.c__Bacilli.o__Lactobacillales.f__Lactobacillaceae.g__Ligilactobacillus	Type	Mucosal	-0.788901561085757	0.506237368010674	18	18	0.158896949540468	0.575316541439627
k__Bacteria.p__Firmicutes.c__Clostridia.o__Lachnospirales.f__Lachnospiraceae.g__Lachnospiraceae.NK4A136.group	Sex	M	0.721737912037296	0.474505470002982	18	17	0.170744208326043	0.590927296887517
k__Bacteria.p__Bacteroidota.c__Bacteroidia.o__Bacteroidales.f__Bacteroidaceae.g__Bacteroides	Sex	M	0.783694020774721	0.545325837574502	18	16	0.189969501907354	0.590927296887517
k__Bacteria.p__Firmicutes.c__Clostridia.o__Oscillospirales.f__Oscillospiraceae.g__Oscillibacter	Sex	M	1.03876897333337	0.681933294051979	18	10	0.168254706520159	0.590927296887517
k__Bacteria.p__Firmicutes.c__Clostridia.o__Lachnospirales.f__Lachnospiraceae.g__A2	Sex	M	1.06263542681429	0.747409632574567	18	6	0.19391109111431	0.590927296887517
k__Bacteria.p__Firmicutes.c__Clostridia.o__Clostridia.vadinBB60.group.f__.g__	Sex	M	0.564935100289514	0.392858378834899	18	0	0.194338198152906	0.590927296887517
k__Bacteria.p__Firmicutes.c__Clostridia.o__Oscillospirales.f__Ruminococcaceae.g__Anaerotruncus	Type	Mucosal	-0.377852008112466	0.272310891998297	18	0	0.186957261992418	0.590927296887517
k__Bacteria.p__Firmicutes.c__Clostridia.o__Peptococcales.f__Peptococcaceae.g__	Type	Mucosal	0.424568592144191	0.291516778441696	18	4	0.185404398704019	0.590927296887517
k__Bacteria.p__Bacteroidota.c__Bacteroidia.o__Bacteroidales.f__Prevotellaceae.g__Prevotellaceae.UCG.001	Sex	M	1.56551725185111	1.07239553930407	18	16	0.1886086833415	0.590927296887517
k__Bacteria.p__Firmicutes.c__Clostridia.o__Oscillospirales.f__Oscillospiraceae.g__NK4A214.group	Type	Mucosal	-0.340894866081353	0.24950021059885	18	0	0.193386642400925	0.590927296887517
k__Bacteria.p__Firmicutes.c__Clostridia.o__Oscillospirales.f__.Eubacterium..coprostanoligenes.group.g__	Type	Mucosal	0.51704372108153	0.346346419675596	18	3	0.174638700982338	0.590927296887517
k__Bacteria.p__Firmicutes.c__Clostridia.o__Peptococcales.f__Peptococcaceae.g__Peptococcus	Sex	M	0.429045633594756	0.313647895894607	18	0	0.192893525880697	0.590927296887517
k__Bacteria.p__Firmicutes.c__Bacilli.o__Lactobacillales.f__Streptococcaceae.g__Lactococcus	Sex	M	0.645025228689495	0.449610372518634	18	0	0.196975765629172	0.590927296887517
k__Bacteria.p__Firmicutes.c__Clostridia.o__Oscillospirales.f__Oscillospiraceae.g__Intestinimonas	Sequencing_Run	Two	1.12406483259388	0.823799673289793	18	8	0.21554060348332	0.59673884329471
k__Bacteria.p__Bacteroidota.c__Bacteroidia.o__Bacteroidales.f__Tannerellaceae.g__Parabacteroides	Sex	M	0.564090740289352	0.434043370736385	18	4	0.214724860499526	0.59673884329471
k__Bacteria.p__Firmicutes.c__Bacilli.o__Lactobacillales.f__Streptococcaceae.g__Streptococcus	Sex	M	0.594333439367811	0.455521199121314	18	16	0.213024269943852	0.59673884329471
k__Bacteria.p__Actinobacteriota.c__Coriobacteriia.o__Coriobacteriales.f__Atopobiaceae.g__Coriobacteriaceae.UCG.002	Type	Mucosal	-0.626967940732644	0.451836423328512	18	3	0.203273380136748	0.59673884329471
k__Bacteria.p__Firmicutes.c__Bacilli.o__Lactobacillales.f__Lactobacillaceae.g__Lactobacillus	Sex	M	-1.63363282387019	1.20918095003735	18	17	0.215962629001895	0.59673884329471
k__Bacteria.p__Firmicutes.c__Clostridia.o__Lachnospirales.f__Lachnospiraceae.g__Marvinbryantia	Sequencing_Run	Two	0.81056977185715	0.623252327214382	18	3	0.214414836539588	0.59673884329471
k__Bacteria.p__Firmicutes.c__Clostridia.o__Lachnospirales.f__Lachnospiraceae.g__GCA.900066575	Sequencing_Run	Two	-0.501882993827611	0.372869055291088	18	0	0.2230423205804	0.600917937030878
k__Bacteria.p__Firmicutes.c__Clostridia.o__Lachnospirales.f__Lachnospiraceae.g__Lachnospiraceae.UCG.001	Sex	M	0.727325010265115	0.544730501070724	18	17	0.228524899833239	0.600917937030878
k__Bacteria.p__Firmicutes.c__Clostridia.o__Clostridia.UCG.014.f__.g__	Sex	M	0.546988833554288	0.415065412079474	18	3	0.225179744564018	0.600917937030878
k__Bacteria.p__Firmicutes.c__Clostridia.o__Lachnospirales.f__Lachnospiraceae.g__Lachnospiraceae.FCS020.group	Sequencing_Run	Two	0.662180923871653	0.505548959675845	18	0	0.23154586558677	0.600917937030878
k__Bacteria.p__Desulfobacterota.c__Desulfovibrionia.o__Desulfovibrionales.f__Desulfovibrionaceae.g__	Sex	M	1.43072012233199	1.09451669651959	18	9	0.231782632854767	0.600917937030878
k__Bacteria.p__Firmicutes.c__Bacilli.o__Lactobacillales.f__Lactobacillaceae.g__Ligilactobacillus	Sequencing_Run	Two	-1.14144470217233	0.878560373109566	18	18	0.236553862120201	0.605808671283441
k__Bacteria.p__Firmicutes.c__Clostridia.o__Oscillospirales.f__Ruminococcaceae.g__Paludicola	Sex	M	-0.39433347240989	0.31803807657275	18	0	0.251406083953373	0.636087682291666
k__Bacteria.p__Firmicutes.c__Clostridia.o__Oscillospirales.f__Oscillospiraceae.g__Intestinimonas	Type	Mucosal	0.768537576936213	0.630440371677594	18	8	0.255630599149006	0.639076497872514
k__Bacteria.p__Proteobacteria.c__Gammaproteobacteria.o__Enterobacterales.f__Enterobacteriaceae.g__Escherichia.Shigella	Sex	M	-0.550011409875885	0.482650663330309	18	15	0.273590584310403	0.647502195925554
k__Bacteria.p__Firmicutes.c__Clostridia.o__Oscillospirales.f__Ruminococcaceae.g__Incertae.Sedis	Sex	M	0.735539074498014	0.610168236126782	18	16	0.264022969553465	0.647502195925554
k__Bacteria.p__Firmicutes.c__Clostridia.o__Oscillospirales.f__Ruminococcaceae.g__Incertae.Sedis	Type	Mucosal	0.490107743056709	0.419512076448031	18	16	0.27441759732083	0.647502195925554
k__Bacteria.p__Bacteroidota.c__Bacteroidia.o__Bacteroidales.f__Muribaculaceae.g__Muribaculum	Sex	M	-0.712553553892185	0.599139339289929	18	18	0.271305552840234	0.647502195925554
k__Bacteria.p__Firmicutes.c__Bacilli.o__Lactobacillales.f__Lactobacillaceae.g__Lactobacillus	Sequencing_Run	Two	-1.5290754239105	1.28026262901217	18	17	0.269826084487144	0.647502195925554
k__Bacteria.p__Firmicutes.c__Clostridia.o__Lachnospirales.f__Lachnospiraceae.g__GCA.900066575	Sex	M	0.42129578469097	0.359382997873578	18	0	0.279344590480494	0.651804044454486
k__Bacteria.p__Firmicutes.c__Clostridia.o__Lachnospirales.f__Lachnospiraceae.g__Lachnospiraceae.UCG.006	Sequencing_Run	Two	0.526674100571374	0.456274988112633	18	17	0.28522739724896	0.658217070574522
k__Bacteria.p__Firmicutes.c__Clostridia.o__Peptostreptococcales.Tissierellales.f__Anaerovoracaceae.g__.Eubacterium..nodatum.group	Sex	M	-0.3187034503445	0.284931688877109	18	0	0.2970774903747	0.678111662811814
k__Bacteria.p__Proteobacteria.c__Gammaproteobacteria.o__Enterobacterales.f__Enterobacteriaceae.g__Escherichia.Shigella	Sequencing_Run	Two	0.522731583769119	0.500532636682159	18	15	0.314021418671117	0.691131186219831
k__Bacteria.p__Firmicutes.c__Clostridia.o__Oscillospirales.f__Oscillospiraceae.g__Oscillospira	Sequencing_Run	Two	-0.450170901108737	0.420944493403784	18	0	0.319236786015827	0.691131186219831
k__Bacteria.p__Firmicutes.c__Bacilli.o__Lactobacillales.f__Lactobacillaceae.g__HT002	Sequencing_Run	Two	-1.43329596705837	1.30272395887101	18	17	0.307279126098708	0.691131186219831
k__Bacteria.p__Firmicutes.c__Clostridia.o__Oscillospirales.f__Butyricicoccaceae.g__UCG.009	Sequencing_Run	Two	0.398608567630104	0.378954042920988	18	0	0.310679125837629	0.691131186219831
k__Bacteria.p__Firmicutes.c__Clostridia.o__Oscillospirales.f__Butyricicoccaceae.g__UCG.009	Type	Mucosal	0.342014473495374	0.329142031033289	18	0	0.316368237783952	0.691131186219831
k__Bacteria.p__Firmicutes.c__Clostridia.o__Lachnospirales.f__Lachnospiraceae.g__Lachnoclostridium	Sex	M	-0.702271011990442	0.630443233717896	18	18	0.325235976204036	0.696934234722935
k__Bacteria.p__Proteobacteria.c__Gammaproteobacteria.o__Enterobacterales.f__Enterobacteriaceae.g__Escherichia.Shigella	Type	Mucosal	0.429049578938508	0.434739598939608	18	15	0.340436349862865	0.72213771183032
k__Bacteria.p__Firmicutes.c__Clostridia.o__Oscillospirales.f__Ruminococcaceae.g__.Eubacterium..siraeum.group	Sequencing_Run	Two	-0.740693232142597	0.738721390977214	18	1	0.348712599640879	0.732296459245846
k__Bacteria.p__Firmicutes.c__Clostridia.o__Lachnospirales.f__Lachnospiraceae.g__Tuzzerella	Sequencing_Run	Two	-0.254330595199197	0.266649327385061	18	0	0.356363367151868	0.740953535662301
k__Bacteria.p__Firmicutes.c__Clostridia.o__Oscillospirales.f__.Eubacterium..coprostanoligenes.group.g__	Sex	M	-0.767974940899706	0.799335461264048	18	3	0.366532118461737	0.754624949774164
k__Bacteria.p__Firmicutes.c__Clostridia.o__Peptostreptococcales.Tissierellales.f__Anaerovoracaceae.g__Family.XIII.UCG.001	Sequencing_Run	Two	0.438196895916636	0.461465293864532	18	0	0.373829905431763	0.761525783561593
k__Bacteria.p__Firmicutes.c__Clostridia.o__Lachnospirales.f__Lachnospiraceae.g__.Eubacterium..xylanophilum.group	Sex	M	0.637035480789642	0.665835107620525	18	4	0.377136578525741	0.761525783561593
k__Bacteria.p__Firmicutes.c__Clostridia.o__Oscillospirales.f__Butyricicoccaceae.g__UCG.009	Sex	M	-0.325930063139301	0.365415572898319	18	0	0.387496814856191	0.774993629712383
k__Bacteria.p__Firmicutes.c__Clostridia.o__Lachnospirales.f__Lachnospiraceae.g__Lachnospiraceae.NK4A136.group	Type	Mucosal	0.352717887569108	0.39149981154318	18	17	0.392470467302703	0.777535831448751
k__Bacteria.p__Cyanobacteria.c__Vampirivibrionia.o__Gastranaerophilales.f__.g__	Sequencing_Run	Two	-0.368443043458765	0.412495189253436	18	0	0.403080487487161	0.79109254553555
k__Bacteria.p__Bacteroidota.c__Bacteroidia.o__Bacteroidales.f__Rikenellaceae.g__Rikenella	Type	Mucosal	-0.325324274676585	0.379879319676382	18	4	0.417919699218965	0.797846698508933
k__Bacteria.p__Firmicutes.c__Clostridia.o__Peptococcales.f__Peptococcaceae.g__	Sex	M	-0.67797052382232	0.779943247201653	18	4	0.412150675561714	0.797846698508933
k__Bacteria.p__Firmicutes.c__Clostridia.o__Lachnospirales.f__Lachnospiraceae.g__Roseburia	Sequencing_Run	Two	0.901868972463509	1.04721948158229	18	14	0.417618995441951	0.797846698508933
k__Bacteria.p__Firmicutes.c__Bacilli.o__Lactobacillales.f__Streptococcaceae.g__Streptococcus	Sequencing_Run	Two	-0.390160350077592	0.472398038961717	18	16	0.422704654594913	0.799711508693079
k__Bacteria.p__Bacteroidota.c__Bacteroidia.o__Bacteroidales.f__Muribaculaceae.g__	Sex	M	-0.55751342851952	0.701898900537607	18	18	0.452219049523961	0.804451537743666
k__Bacteria.p__Firmicutes.c__Clostridia.o__Oscillospirales.f__Ruminococcaceae.g__Incertae.Sedis	Sequencing_Run	Two	0.511848509626569	0.638961331640223	18	16	0.4486228544594	0.804451537743666
k__Bacteria.p__Firmicutes.c__Clostridia.o__Lachnospirales.f__Lachnospiraceae.g__Lachnoclostridium	Type	Mucosal	-0.398384713811424	0.479778890676327	18	18	0.44313977503177	0.804451537743666
k__Bacteria.p__Firmicutes.c__Clostridia.o__Lachnospirales.f__Lachnospiraceae.g__ASF356	Sex	M	-0.332786499019571	0.402638235145737	18	0	0.433592194401505	0.804451537743666
k__Bacteria.p__Firmicutes.c__Clostridia.o__Oscillospirales.f__Oscillospiraceae.g__NK4A214.group	Sex	M	0.217424052248503	0.276996718128075	18	0	0.445572688450732	0.804451537743666
k__Bacteria.p__Firmicutes.c__Clostridia.o__Peptostreptococcales.Tissierellales.f__Anaerovoracaceae.g__.Eubacterium..brachy.group	Sex	M	-0.484844049022455	0.609565423650553	18	2	0.452203247345411	0.804451537743666
k__Bacteria.p__Firmicutes.c__Clostridia.o__Lachnospirales.f__Lachnospiraceae.g__Lachnospiraceae.UCG.010	Sex	M	0.257858495940965	0.329543362804296	18	0	0.44697082466587	0.804451537743666
k__Bacteria.p__Bacteroidota.c__Bacteroidia.o__Bacteroidales.f__Marinifilaceae.g__Odoribacter	Type	Mucosal	0.276732938927945	0.351535359082131	18	5	0.455855871388077	0.804451537743666
k__Bacteria.p__Firmicutes.c__Clostridia.o__Peptostreptococcales.Tissierellales.f__Anaerovoracaceae.g__.Eubacterium..nodatum.group	Sequencing_Run	Two	-0.228853538756261	0.295954056662146	18	0	0.463921374806258	0.811568543557837
k__Bacteria.p__Firmicutes.c__Clostridia.o__Lachnospirales.f__Lachnospiraceae.g__Lachnospiraceae.UCG.010	Type	Mucosal	-0.221634333063019	0.296830731341404	18	0	0.467618065573801	0.811568543557837
k__Bacteria.p__Cyanobacteria.c__Vampirivibrionia.o__Gastranaerophilales.f__.g__	Sex	M	0.298421947550826	0.39766120558614	18	0	0.477170453772743	0.814681262538829
k__Bacteria.p__Firmicutes.c__Clostridia.o__Oscillospirales.f__Ruminococcaceae.g__Harryflintia	Sex	M	-0.2615897438318	0.35584993058696	18	0	0.474406175039119	0.814681262538829
k__Bacteria.p__Firmicutes.c__Clostridia.o__Oscillospirales.f__Oscillospiraceae.g__	Sequencing_Run	Two	0.538057683369076	0.72629839410321	18	8	0.483417192430461	0.816045172846332
k__Bacteria.p__Firmicutes.c__Bacilli.o__Erysipelotrichales.f__Erysipelotrichaceae.g__Dubosiella	Sequencing_Run	Two	-1.76246568059062	2.40177602117613	18	12	0.486903627628595	0.816045172846332
k__Bacteria.p__Bacteroidota.c__Bacteroidia.o__Bacteroidales.f__Rikenellaceae.g__Alistipes	Sex	M	0.504944854506913	0.709692159720688	18	14	0.498771619064102	0.816045172846332
k__Bacteria.p__Firmicutes.c__Bacilli.o__Erysipelotrichales.f__Erysipelotrichaceae.g__Faecalibaculum	Sex	M	-0.996896314772809	1.40916414019049	18	18	0.501241025191538	0.816045172846332
k__Bacteria.p__Firmicutes.c__Clostridia.o__Oscillospirales.f__Ruminococcaceae.g__.Eubacterium..siraeum.group	Type	Mucosal	-0.255001266579616	0.361491478103022	18	1	0.500785847130291	0.816045172846332
k__Bacteria.p__Firmicutes.c__Bacilli.o__Lactobacillales.f__Streptococcaceae.g__Lactococcus	Type	Mucosal	0.271257909867059	0.385156462216655	18	0	0.501284891891318	0.816045172846332
k__Bacteria.p__Firmicutes.c__Clostridia.o__Oscillospirales.f__Butyricicoccaceae.g__Butyricicoccus	Sequencing_Run	Two	-0.276712232341852	0.404924163711308	18	10	0.505527383001467	0.816621157156216
k__Bacteria.p__Firmicutes.c__Clostridia.o__Oscillospirales.f__Ruminococcaceae.g__	Sex	M	0.457944593929217	0.681145923751691	18	4	0.522540215490531	0.832670565671087
k__Bacteria.p__Firmicutes.c__Bacilli.o__Lactobacillales.f__Lactobacillaceae.g__HT002	Sex	M	-0.819230327158855	1.22095877821694	18	17	0.523392926993254	0.832670565671087
k__Bacteria.p__Firmicutes.c__Clostridia.o__Oscillospirales.f__Oscillospiraceae.g__Colidextribacter	Sex	M	0.424517377314638	0.67874302801821	18	9	0.551028736349245	0.834264537364799
k__Bacteria.p__Firmicutes.c__Clostridia.o__Lachnospirales.f__Lachnospiraceae.g__Acetatifactor	Type	Mucosal	0.112079529070175	0.169071837621082	18	1	0.528700477123079	0.834264537364799
k__Bacteria.p__Actinobacteriota.c__Coriobacteriia.o__Coriobacteriales.f__Atopobiaceae.g__Coriobacteriaceae.UCG.002	Sex	M	-0.515155417802667	0.827078313178424	18	3	0.552203669970034	0.834264537364799
k__Bacteria.p__Firmicutes.c__Bacilli.o__Erysipelotrichales.f__Erysipelotrichaceae.g__Faecalibaculum	Type	Mucosal	0.291315838606581	0.457103423896822	18	18	0.542970583031338	0.834264537364799
k__Bacteria.p__Bacteroidota.c__Bacteroidia.o__Bacteroidales.f__Prevotellaceae.g__Prevotellaceae.UCG.001	Sequencing_Run	Two	-0.722997372790307	1.1389699396518	18	16	0.546676089973787	0.834264537364799
k__Bacteria.p__Firmicutes.c__Clostridia.o__Lachnospirales.f__Lachnospiraceae.g__ASF356	Sequencing_Run	Two	-0.277999808181299	0.425287737274638	18	0	0.533241926569181	0.834264537364799
k__Bacteria.p__Actinobacteriota.c__Actinobacteria.o__Bifidobacteriales.f__Bifidobacteriaceae.g__Bifidobacterium	Sex	M	0.900323700431038	1.43626789239085	18	15	0.548755247571395	0.834264537364799
k__Bacteria.p__Bacteroidota.c__Bacteroidia.o__Bacteroidales.f__Rikenellaceae.g__Alistipes	Sequencing_Run	Two	-0.462485987760842	0.754072059740159	18	14	0.558595502182423	0.837893253273635
k__Bacteria.p__Bacteroidota.c__Bacteroidia.o__Bacteroidales.f__Muribaculaceae.g__	Sequencing_Run	Two	0.451818494960384	0.745785649890342	18	18	0.563496256027731	0.839249743020024
k__Bacteria.p__Firmicutes.c__Clostridia.o__Peptostreptococcales.Tissierellales.f__Anaerovoracaceae.g__Family.XIII.UCG.001	Sex	M	0.246929235414251	0.443276200532051	18	0	0.593743835154884	0.871931506171508
k__Bacteria.p__Firmicutes.c__Bacilli.o__Lactobacillales.f__Enterococcaceae.g__Enterococcus	Sequencing_Run	Two	-0.453240970418453	0.811472481700005	18	2	0.593622287221252	0.871931506171508
k__Bacteria.p__Firmicutes.c__Clostridia.o__Oscillospirales.f__Ruminococcaceae.g__	Type	Mucosal	0.0892493043229838	0.169008051015547	18	4	0.613261621780642	0.884393126272997
k__Bacteria.p__Firmicutes.c__Clostridia.o__Peptococcales.f__Peptococcaceae.g__Peptococcus	Type	Mucosal	-0.148089391095555	0.28251315253276	18	0	0.608349013669518	0.884393126272997
k__Bacteria.p__Bacteroidota.c__Bacteroidia.o__Bacteroidales.f__Marinifilaceae.g__Odoribacter	Sequencing_Run	Two	-0.443032403410927	0.840274484162029	18	5	0.614863792551702	0.884393126272997
k__Bacteria.p__Actinobacteriota.c__Coriobacteriia.o__Coriobacteriales.f__Eggerthellaceae.g__Enterorhabdus	Sequencing_Run	Two	-0.285567801264694	0.57236252882616	18	11	0.634327623898757	0.884572315683917
k__Bacteria.p__Firmicutes.c__Clostridia.o__Oscillospirales.f__Oscillospiraceae.g__Intestinimonas	Sex	M	-0.36579049112189	0.790722510820351	18	8	0.657110863079481	0.884572315683917
k__Bacteria.p__Bacteroidota.c__Bacteroidia.o__Bacteroidales.f__Rikenellaceae.g__Rikenella	Sex	M	0.393195681092352	0.816742006521288	18	4	0.644408625260329	0.884572315683917
k__Bacteria.p__Firmicutes.c__Clostridia.o__Oscillospirales.f__Oscillospiraceae.g__Oscillospira	Sex	M	-0.199659728954566	0.396978177127216	18	0	0.62953909312557	0.884572315683917
k__Bacteria.p__Proteobacteria.c__Gammaproteobacteria.o__Burkholderiales.f__Sutterellaceae.g__Parasutterella	Sex	M	-0.444285506792689	0.885398794464301	18	18	0.630697572988171	0.884572315683917
k__Bacteria.p__Actinobacteriota.c__Coriobacteriia.o__Coriobacteriales.f__Atopobiaceae.g__Coriobacteriaceae.UCG.002	Sequencing_Run	Two	0.416655674148507	0.871806383703163	18	3	0.647214553268163	0.884572315683917
k__Bacteria.p__Firmicutes.c__Clostridia.o__Lachnospirales.f__Lachnospiraceae.g__Lachnospiraceae.FCS020.group	Sex	M	0.223997091949185	0.479322445150243	18	0	0.653859746905909	0.884572315683917
k__Bacteria.p__Bacteroidota.c__Bacteroidia.o__Bacteroidales.f__Prevotellaceae.g__Alloprevotella	Sequencing_Run	Two	-0.37048855179335	0.781894599060447	18	14	0.652327745550071	0.884572315683917
k__Bacteria.p__Actinobacteriota.c__Actinobacteria.o__Bifidobacteriales.f__Bifidobacteriaceae.g__Bifidobacterium	Type	Mucosal	0.489230344956384	0.968318114196536	18	15	0.626118201899684	0.884572315683917
k__Bacteria.p__Firmicutes.c__Clostridia.o__Lachnospirales.f__Lachnospiraceae.g__Tuzzerella	Sex	M	0.121985494744517	0.257123043148742	18	0	0.642512082981656	0.884572315683917
k__Bacteria.p__Firmicutes.c__Clostridia.o__Clostridia.vadinBB60.group.f__.g__	Type	Mucosal	-0.131656035382398	0.293904626641867	18	0	0.666177777940645	0.891065817627614
k__Bacteria.p__Firmicutes.c__Clostridia.o__Lachnospirales.f__Lachnospiraceae.g__.Eubacterium..xylanophilum.group	Sequencing_Run	Two	0.311156222363968	0.699181690870355	18	4	0.673606391123935	0.895299633772319
k__Bacteria.p__Firmicutes.c__Clostridia.o__Oscillospirales.f__Oscillospiraceae.g__UCG.003	Type	Mucosal	-0.100915165042663	0.241660343075837	18	0	0.682579817379879	0.901520513520595
k__Bacteria.p__Firmicutes.c__Clostridia.o__Lachnospirales.f__Lachnospiraceae.g__	Sex	M	0.111909994088724	0.325810187718845	18	18	0.741102777881141	0.901831580819384
k__Bacteria.p__Firmicutes.c__Clostridia.o__Oscillospirales.f__Oscillospiraceae.g__Colidextribacter	Sequencing_Run	Two	-0.238226863397073	0.720738895590317	18	9	0.750660726311747	0.901831580819384
k__Bacteria.p__Firmicutes.c__Clostridia.o__Lachnospirales.f__Lachnospiraceae.g__Lachnospiraceae.UCG.001	Sequencing_Run	Two	0.221566146554219	0.569797420880259	18	17	0.711230196558565	0.901831580819384
k__Bacteria.p__Firmicutes.c__Clostridia.o__Lachnospirales.f__Lachnospiraceae.g__Acetatifactor	Sex	M	-0.273950932562872	0.830848257295571	18	1	0.751381027220939	0.901831580819384
k__Bacteria.p__Firmicutes.c__Clostridia.o__Oscillospirales.f__Ruminococcaceae.g__	Sequencing_Run	Two	0.244606758892789	0.725845098729621	18	4	0.745926715016628	0.901831580819384
k__Bacteria.p__Verrucomicrobiota.c__Verrucomicrobiae.o__Opitutales.f__Puniceicoccaceae.g__	Sequencing_Run	Two	0.550947623668506	1.50252312149931	18	6	0.72424660658885	0.901831580819384
k__Bacteria.p__Bacteroidota.c__Bacteroidia.o__Bacteroidales.f__Rikenellaceae.g__Rikenella	Sequencing_Run	Two	0.335732645016441	0.86394036964606	18	4	0.709127684840769	0.901831580819384
k__Bacteria.p__Firmicutes.c__Bacilli.o__Erysipelotrichales.f__Erysipelotrichaceae.g__Faecalibaculum	Sequencing_Run	Two	0.56387004468686	1.49836616300287	18	18	0.717578322068272	0.901831580819384
k__Bacteria.p__Cyanobacteria.c__Vampirivibrionia.o__Gastranaerophilales.f__.g__	Type	Mucosal	-0.131109469967766	0.355923010208165	18	0	0.721550403414357	0.901831580819384
k__Bacteria.p__Firmicutes.c__Clostridia.o__Oscillospirales.f__Ruminococcaceae.g__.Eubacterium..siraeum.group	Sex	M	0.293113241129956	0.69989518350419	18	1	0.687168305717482	0.901831580819384
k__Bacteria.p__Firmicutes.c__Bacilli.o__Lactobacillales.f__Enterococcaceae.g__Enterococcus	Sex	M	-0.252141019484474	0.76470047647314	18	2	0.750870182446463	0.901831580819384
k__Bacteria.p__Actinobacteriota.c__Actinobacteria.o__Bifidobacteriales.f__Bifidobacteriaceae.g__Bifidobacterium	Sequencing_Run	Two	0.494732898413244	1.50499084038168	18	15	0.751526317349487	0.901831580819384
k__Bacteria.p__Firmicutes.c__Clostridia.o__Lachnospirales.f__Lachnospiraceae.g__Roseburia	Sex	M	0.337032015130936	0.984093710924463	18	14	0.741866246131739	0.901831580819384
k__Bacteria.p__Firmicutes.c__Clostridia.o__Oscillospirales.f__Ruminococcaceae.g__Paludicola	Sequencing_Run	Two	-0.110017693986796	0.330275052206387	18	0	0.7484826541923	0.901831580819384
k__Bacteria.p__Desulfobacterota.c__Desulfovibrionia.o__Desulfovibrionales.f__Desulfovibrionaceae.g__Bilophila	Sex	M	-0.3426291489704	0.867367893142758	18	17	0.704187223199759	0.901831580819384
k__Bacteria.p__Firmicutes.c__Clostridia.o__Lachnospirales.f__Lachnospiraceae.g__Marvinbryantia	Type	Mucosal	-0.183766514905147	0.541328270954316	18	3	0.739291943173637	0.901831580819384
k__Bacteria.p__Firmicutes.c__Clostridia.o__Lachnospirales.f__Lachnospiraceae.g__Lachnoclostridium	Sequencing_Run	Two	0.210992043798971	0.65791847099533	18	18	0.765230740232303	0.90280031151002
k__Bacteria.p__Desulfobacterota.c__Desulfovibrionia.o__Desulfovibrionales.f__Desulfovibrionaceae.g__Desulfovibrio	Sequencing_Run	Two	-0.334093084547697	1.07185261206056	18	17	0.764578382284796	0.90280031151002
k__Bacteria.p__Deferribacterota.c__Deferribacteres.o__Deferribacterales.f__Deferribacteraceae.g__Mucispirillum	Sequencing_Run	Two	-0.326563923649611	1.04665619352328	18	14	0.764343534971831	0.90280031151002
k__Bacteria.p__Firmicutes.c__Clostridia.o__Lachnospirales.f__Lachnospiraceae.g__Lachnospiraceae.FCS020.group	Type	Mucosal	-0.07649140595569	0.255379777927857	18	0	0.772353562228894	0.906113117698703
k__Bacteria.p__Firmicutes.c__Clostridia.o__Oscillospirales.f__UCG.010.g__	Sex	M	0.165289963893235	0.581416088527307	18	1	0.783910447630583	0.912520315024125
k__Bacteria.p__Bacteroidota.c__Bacteroidia.o__Bacteroidales.f__Muribaculaceae.g__Muribaculum	Sequencing_Run	Two	0.178349544014327	0.634046025050963	18	18	0.786505604854127	0.912520315024125
k__Bacteria.p__Firmicutes.c__Bacilli.o__Erysipelotrichales.f__Erysipelotrichaceae.g__Dubosiella	Sex	M	0.603850804249729	2.25477930375742	18	12	0.796462513039925	0.913973375619586
k__Bacteria.p__Deferribacterota.c__Deferribacteres.o__Deferribacterales.f__Deferribacteraceae.g__Mucispirillum	Sex	M	0.267025005720858	0.983327991349328	18	14	0.793859685521885	0.913973375619586
k__Bacteria.p__Firmicutes.c__Bacilli.o__Erysipelotrichales.f__Erysipelotrichaceae.g__Dubosiella	Type	Mucosal	0.145976710902369	0.594547171274419	18	12	0.81290063583329	0.927767030027124
k__Bacteria.p__Verrucomicrobiota.c__Verrucomicrobiae.o__Opitutales.f__Puniceicoccaceae.g__	Type	Mucosal	0.136573690449973	0.607202750432244	18	6	0.827797563790995	0.931621083541831
k__Bacteria.p__Proteobacteria.c__Gammaproteobacteria.o__Burkholderiales.f__Sutterellaceae.g__Parasutterella	Sequencing_Run	Two	0.204877597806644	0.942639876445598	18	18	0.83402268431364	0.931621083541831
k__Bacteria.p__Firmicutes.c__Clostridia.o__Oscillospirales.f__Oscillospiraceae.g__UCG.003	Sequencing_Run	Two	-0.0628981714095978	0.278232967496635	18	0	0.824419518440248	0.931621083541831
k__Bacteria.p__Firmicutes.c__Clostridia.o__Oscillospirales.f__Ruminococcaceae.g__Harryflintia	Sequencing_Run	Two	0.0794297441874222	0.369033998194174	18	0	0.832686583730305	0.931621083541831
k__Bacteria.p__Bacteroidota.c__Bacteroidia.o__Bacteroidales.f__Prevotellaceae.g__Alloprevotella	Sex	M	0.157125694010718	0.744204937142798	18	14	0.83936366182621	0.932626290918011
k__Bacteria.p__Firmicutes.c__Clostridia.o__Lachnospirales.f__Lachnospiraceae.g__Lachnospiraceae.NK4A136.group	Sequencing_Run	Two	0.0994512444162944	0.493729750187004	18	17	0.846288603907674	0.933741157825232
k__Bacteria.p__Firmicutes.c__Clostridia.o__Oscillospirales.f__Oscillospiraceae.g__Oscillibacter	Sequencing_Run	Two	-0.137027326830063	0.717022178196488	18	10	0.853706201440212	0.933741157825232
k__Bacteria.p__Firmicutes.c__Clostridia.o__Peptococcales.f__Peptococcaceae.g__	Sequencing_Run	Two	0.161006122155014	0.827932716223268	18	4	0.851197718750657	0.933741157825232
k__Bacteria.p__Firmicutes.c__Clostridia.o__Lachnospirales.f__Lachnospiraceae.g__Lachnospiraceae.UCG.004	Sex	M	-0.0584454799958567	0.34777708055404	18	0	0.868944033365394	0.945483145112605
k__Bacteria.p__Desulfobacterota.c__Desulfovibrionia.o__Desulfovibrionales.f__Desulfovibrionaceae.g__Desulfovibrio	Sex	M	-0.16320309250433	1.01577433688273	18	17	0.876813339237435	0.949127841442584
k__Bacteria.p__Firmicutes.c__Clostridia.o__Oscillospirales.f__Oscillospiraceae.g__	Sex	M	-0.0997327893666101	0.68984431994596	18	8	0.88901605484635	0.951310532507996
k__Bacteria.p__Firmicutes.c__Clostridia.o__Peptostreptococcales.Tissierellales.f__Anaerovoracaceae.g__Family.XIII.UCG.001	Type	Mucosal	-0.0474448925855691	0.360859386131619	18	0	0.898386002914292	0.951310532507996
k__Bacteria.p__Firmicutes.c__Clostridia.o__Oscillospirales.f__.Eubacterium..coprostanoligenes.group.g__	Sequencing_Run	Two	-0.125680823675248	0.846618091965539	18	3	0.886009931548055	0.951310532507996
k__Bacteria.p__Desulfobacterota.c__Desulfovibrionia.o__Desulfovibrionales.f__Desulfovibrionaceae.g__	Sequencing_Run	Two	-0.15922588243855	1.16573465912697	18	9	0.895190581087138	0.951310532507996
k__Bacteria.p__Firmicutes.c__Bacilli.o__Bacillales.f__Bacillaceae.g__Bacillus	Sequencing_Run	Two	0.0813543078953201	0.645382106902698	18	6	0.901479980805196	0.951310532507996
k__Bacteria.p__Verrucomicrobiota.c__Verrucomicrobiae.o__Verrucomicrobiales.f__Akkermansiaceae.g__Akkermansia	Sex	M	0.0348127467419612	0.365260073494455	18	12	0.925419797132958	0.953328337079386
k__Bacteria.p__Firmicutes.c__Clostridia.o__Lachnospirales.f__Lachnospiraceae.g__Acetatifactor	Sequencing_Run	Two	0.0976050902063575	0.886286537928263	18	1	0.915465330947288	0.953328337079386
k__Bacteria.p__Firmicutes.c__Clostridia.o__Lachnospirales.f__Lachnospiraceae.g__.Eubacterium..xylanophilum.group	Type	Mucosal	0.040384709721037	0.418749229642201	18	4	0.926090384591403	0.953328337079386
k__Bacteria.p__Desulfobacterota.c__Desulfovibrionia.o__Desulfovibrionales.f__Desulfovibrionaceae.g__Bilophila	Sequencing_Run	Two	0.0888181085346779	0.922602906505946	18	17	0.925960496683459	0.953328337079386
k__Bacteria.p__Firmicutes.c__Clostridia.o__Lachnospirales.f__Lachnospiraceae.g__Marvinbryantia	Sex	M	-0.068988015780548	0.600986083836924	18	3	0.910240602233449	0.953328337079386
k__Bacteria.p__Firmicutes.c__Clostridia.o__Oscillospirales.f__Butyricicoccaceae.g__Butyricicoccus	Sex	M	-0.0334993071759183	0.39045788803945	18	10	0.932844354918255	0.955596656257725
k__Bacteria.p__Firmicutes.c__Clostridia.o__Lachnospirales.f__Lachnospiraceae.g__Lachnospiraceae.UCG.004	Sequencing_Run	Two	0.0231151236382309	0.360662052976828	18	0	0.949804048390175	0.968246845446295
k__Bacteria.p__Bacteroidota.c__Bacteroidia.o__Bacteroidales.f__Bacteroidaceae.g__Bacteroides	Sequencing_Run	Two	0.0154265683444765	0.574104203044951	18	16	0.979275646641431	0.982662877449168
k__Bacteria.p__Firmicutes.c__Clostridia.o__Oscillospirales.f__UCG.010.g__	Sequencing_Run	Two	-0.0137963729565285	0.613138192721571	18	1	0.982662877449168	0.982662877449168
k__Bacteria.p__Firmicutes.c__Clostridia.o__Oscillospirales.f__Ruminococcaceae.g__Anaerotruncus	Sex	M	0.00924066302577617	0.302321281465101	18	0	0.976047363536333	0.982662877449168
k__Bacteria.p__Bacteroidota.c__Bacteroidia.o__Bacteroidales.f__Rikenellaceae.g__Alistipes	Type	Mucosal	0.00807085798519112	0.245867678569284	18	14	0.974667496303867	0.982662877449168
