Site,PC1,PC2,PC3,#SampleID,Description,BarcodeSequence,PCR.Sample.Plate,Primer.Plate.Well,PrimerName,Sequencing_Run,Line,MouseID_Line,MouseID_Numerical,Sex,Genotype,Site,Site_General,Type,Type_Site,Subset,ASVSampleOrder
Vil1.01B.FP11,-0.8909310634,-1.069333023,-0.2075704844,Vil101BFP11,Vil1-01B-FP11,TTACCTTACACC,P19.07,A11,806rcbc394,Hiseq_April_Nineteen,Vil1Cre,1B_Vil1Cre,28,Male,Neg,Jejunum,SI,Luminal,Luminal_Jejunum,Luminal_SI,0
Lyz2.02B.FP222.S70,-1.119010881,0.3667455693,-0.1220804272,Lyz202BFP222S70,Lyz2_02B_FP222_S70,TCTGCACTGAGC,P19-18,G2,806rcbc169,Hiseq_April_Nineteen,LyzCre,2B_LyzCre,15,Male,Neg,Ileum,SI,Luminal,Luminal_Ileum,Luminal_SI,5
Itg.22.FP518.S21,-1.492070537,0.6593049743,-0.1896512827,Itg22FP518S21,Itg_22_FP518_S21,ATAATTGCCGAG,P19-20,C1,806rcbc312,Hiseq_April_Nineteen,ItgCre,22_ItgCre,12,Female,Neg,Ileum,SI,Luminal,Luminal_Ileum,Luminal_SI,13
Lyz2.04B.FP244.S41,0.7357683668,1.315870795,0.02311010696,Lyz204BFP244S41,Lyz2_04B_FP244_S41,CATCAAGCATAG,P19.21,A2,806rcbc385,Hiseq_April_Nineteen,LyzCre,4B_LyzCre,31,Female,Neg,Proximal_Colon,Colon,Luminal,Luminal_Proximal_Colon,Luminal_Colon,16
Vil1.05B.FP57,1.406589147,0.1784554528,0.155522276,Vil105BFP57,Vil1-05B-FP57,ACCTCAGTCAAG,P19.07,E11,806rcbc442,Hiseq_April_Nineteen,Vil1Cre,5B_Vil1Cre,34,Female,Neg,Cecum,Colon,Luminal,Luminal_Cecum,Luminal_Colon,19
Vil1.03B.FP35,-1.153662349,0.9012538535,-0.0794672009,Vil103BFP35,Vil1-03B-FP35,CTGAGCTCTGCA,P19.07,C12,806rcbc419,Hiseq_April_Nineteen,Vil1Cre,3B_Vil1Cre,29,Female,Neg,Jejunum,SI,Luminal,Luminal_Jejunum,Luminal_SI,24
Itg.02.FP409.S9,0.9554666277,0.4257553901,0.1255862635,Itg02FP409S9,Itg_02_FP409_S9,ATTCTCTCACGT,P19-19,A9,806rcbc200,Hiseq_April_Nineteen,ItgCre,2_ItgCre,10,Female,Neg,Cecum,Colon,Luminal,Luminal_Cecum,Luminal_Colon,26
Vil1.01B.FP07,0.5444853591,1.066592015,-0.2477268143,Vil101BFP07,Vil1-01B-FP07,CCTAGTAAGCTG,P19.07,A7,806rcbc390,Hiseq_April_Nineteen,Vil1Cre,1B_Vil1Cre,28,Male,Neg,Distal_Colon,Colon,Luminal,Luminal_Distal_Colon,Luminal_Colon,29
Lyz2.04B.FP243.S92,0.4954585583,1.747609555,-0.2067513292,Lyz204BFP243S92,Lyz2_04B_FP243_S92,CGATCTTCGAGC,P19-18,H12,806rcbc191,Hiseq_April_Nineteen,LyzCre,4B_LyzCre,31,Female,Neg,Distal_Colon,Colon,Luminal,Luminal_Distal_Colon,Luminal_Colon,30
Vil1.13B.FP153,-1.182661273,1.566781142,0.6108016426,Vil113BFP153,Vil1-13B-FP153,TCTGCACTGAGC,P19.26,G2,806rcbc169,Hiseq_April_Nineteen,Vil1Cre,13B_Vil1Cre,25,Male,Neg,Duodenum,SI,Luminal,Luminal_Duodenum,Luminal_SI,31
Vil1.07B.FP82,-0.7247812329,-1.550506442,-0.03546250098,Vil107BFP82,Vil1-07B-FP82,TCATTCCACTCA,P19.07,H1,806rcbc468,Hiseq_April_Nineteen,Vil1Cre,7B_Vil1Cre,39,Male,Neg,Ileum,SI,Luminal,Luminal_Ileum,Luminal_SI,32
Lyz2.07B.FP283.S81,-0.9792713271,-0.8093015485,0.2540811208,Lyz207BFP283S81,Lyz2_07B_FP283_S81,CCTCGATGCAGT,P19.21,D6,806rcbc425,Hiseq_April_Nineteen,LyzCre,7B_LyzCre,38,Female,Neg,Jejunum,SI,Luminal,Luminal_Jejunum,Luminal_SI,33
Lyz2.04B.FP245.S42,0.8711833634,0.8788993589,0.1120231607,Lyz204BFP245S42,Lyz2_04B_FP245_S42,CATCGCGTTGAC,P19.21,A3,806rcbc386,Hiseq_April_Nineteen,LyzCre,4B_LyzCre,31,Female,Neg,Cecum,Colon,Luminal,Luminal_Cecum,Luminal_Colon,34
Itg.20.FP508.S11,-1.11661933,-1.348731557,-0.1671794296,Itg20FP508S11,Itg_20_FP508_S11,TGTATCTTCACC,P19-20,B3,806rcbc302,Hiseq_April_Nineteen,ItgCre,20_ItgCre,11,Male,Neg,Duodenum,SI,Luminal,Luminal_Duodenum,Luminal_SI,35
Vil1.10B.FP115,-0.5414339011,1.315271471,-0.2056721376,Vil110BFP115,Vil1-10B-FP115,GACATTGTCACG,P19.26,C10,806rcbc129,Hiseq_April_Nineteen,Vil1Cre,10B_Vil1Cre,24,Male,Neg,Ileum,SI,Luminal,Luminal_Ileum,Luminal_SI,39
Vil1.01B.FP08,0.8818165622,0.9029420901,-0.1561289903,Vil101BFP08,Vil1-01B-FP08,TTACCGACGAGT,P19.07,A8,806rcbc391,Hiseq_April_Nineteen,Vil1Cre,1B_Vil1Cre,28,Male,Neg,Proximal_Colon,Colon,Luminal,Luminal_Proximal_Colon,Luminal_Colon,51
Vil1.10B.FP116,0.3220116286,0.5812015492,-0.01566126707,Vil110BFP116,Vil1-10B-FP116,GCCAACAACCAT,P19.26,C11,806rcbc130,Hiseq_April_Nineteen,Vil1Cre,10B_Vil1Cre,24,Male,Neg,Jejunum,SI,Luminal,Luminal_Jejunum,Luminal_SI,52
Vil1.14B.FP167,-1.767119672,1.13710029,0.3034790267,Vil114BFP167,Vil1-14B-FP167,CTGTCAGTGACC,P19.26,H4,806rcbc183,Hiseq_April_Nineteen,Vil1Cre,14B_Vil1Cre,26,Male,Neg,Proximal_Colon,Colon,Luminal,Luminal_Proximal_Colon,Luminal_Colon,53
Vil1.04B.FP46,-0.971660356,-0.3300865673,-0.2272070344,Vil104BFP46,Vil1-04B-FP46,TGGTTATGGCAC,P19.07,D11,806rcbc430,Hiseq_April_Nineteen,Vil1Cre,4B_Vil1Cre,32,Male,Neg,Ileum,SI,Luminal,Luminal_Ileum,Luminal_SI,62
Vil1.06B.FP67,1.096309611,0.3083242227,0.02902087237,Vil106BFP67,Vil1-06B-FP67,TCGAGCCGATCT,P19.07,F9,806rcbc452,Hiseq_April_Nineteen,Vil1Cre,6B_Vil1Cre,37,Male,Neg,Distal_Colon,Colon,Luminal,Luminal_Distal_Colon,Luminal_Colon,65
Lyz2.01B.FP208.S56,1.48453449,0.6357113289,0.07829160402,Lyz201BFP208S56,Lyz2_01B_FP208_S56,TCAGTTCTCGTT,P19-18,E12,806rcbc155,Hiseq_April_Nineteen,LyzCre,1B_LyzCre,9,Male,Neg,Proximal_Colon,Colon,Luminal,Luminal_Proximal_Colon,Luminal_Colon,71
Vil1.14B.FP163,1.335959715,0.07762732348,-0.06036254322,Vil114BFP163,Vil1-14B-FP163,TTGACCGCGGTT,P19.26,G12,806rcbc179,Hiseq_April_Nineteen,Vil1Cre,14B_Vil1Cre,26,Male,Neg,Ileum,SI,Luminal,Luminal_Ileum,Luminal_SI,74
Lyz2.06B.FP271.S69,-1.185721831,-0.9928352526,0.08891570323,Lyz206BFP271S69,Lyz2_06B_FP271_S69,GATATACCAGTG,P19.21,C6,806rcbc413,Hiseq_April_Nineteen,LyzCre,6B_LyzCre,36,Female,Neg,Jejunum,SI,Luminal,Luminal_Jejunum,Luminal_SI,75
Vil1.09B.FP108,-1.435438509,1.313356745,-0.1813397034,Vil109BFP108,Vil1-09B-FP108,CATACCGTGAGT,P19.26,C3,806rcbc122,Hiseq_April_Nineteen,Vil1Cre,9B_Vil1Cre,47,Male,Neg,Cecum,Colon,Luminal,Luminal_Cecum,Luminal_Colon,81
Itg.22.FP515.S18,0.2794635643,1.117498294,-0.1704882385,Itg22FP515S18,Itg_22_FP515_S18,CGCACTACGCAT,P19-20,B10,806rcbc309,Hiseq_April_Nineteen,ItgCre,22_ItgCre,12,Female,Neg,Distal_Colon,Colon,Luminal,Luminal_Distal_Colon,Luminal_Colon,84
Lyz2.05B.FP255.S52,0.4912588567,0.8108497417,-0.09818380111,Lyz205BFP255S52,Lyz2_05B_FP255_S52,CTCTCTCACTTG,P19.21,B1,806rcbc396,Hiseq_April_Nineteen,LyzCre,5B_LyzCre,33,Female,Neg,Distal_Colon,Colon,Luminal,Luminal_Distal_Colon,Luminal_Colon,87
Vil1.02B.FP22,-0.1726830117,0.1457723986,-0.3128804798,Vil102BFP22,Vil1-02B-FP22,AACACTCGATCG,P19.07,B10,806rcbc405,Hiseq_April_Nineteen,Vil1Cre,2B_Vil1Cre,22,Female,Neg,Ileum,SI,Luminal,Luminal_Ileum,Luminal_SI,89
Lyz2.01B.FP210.S58,-1.171154333,0.8252325858,0.07557124458,Lyz201BFP210S58,Lyz2_01B_FP210_S58,GTTATCGCATGG,P19-18,F2,806rcbc157,Hiseq_April_Nineteen,LyzCre,1B_LyzCre,9,Male,Neg,Ileum,SI,Luminal,Luminal_Ileum,Luminal_SI,91
Itg.24.FP528.S31,0.8403076837,0.951208551,-0.01454491691,Itg24FP528S31,Itg_24_FP528_S31,AACTGCGATATG,P19-20,C11,806rcbc322,Hiseq_April_Nineteen,ItgCre,24_ItgCre,13,Female,Neg,Proximal_Colon,Colon,Luminal,Luminal_Proximal_Colon,Luminal_Colon,97
Vil1.05B.FP58,-0.1401207192,0.6971998857,0.04646807401,Vil105BFP58,Vil1-05B-FP58,TCGACCAAACAC,P19.07,E12,806rcbc443,Hiseq_April_Nineteen,Vil1Cre,5B_Vil1Cre,34,Female,Neg,Ileum,SI,Luminal,Luminal_Ileum,Luminal_SI,99
Vil1.04B.FP43,0.5352076031,0.4730552361,-0.09425248235,Vil104BFP43,Vil1-04B-FP43,CGTGCACAATTG,P19.07,D8,806rcbc427,Hiseq_April_Nineteen,Vil1Cre,4B_Vil1Cre,32,Male,Neg,Distal_Colon,Colon,Luminal,Luminal_Distal_Colon,Luminal_Colon,100
Vil1.08B.FP95,-1.03796744,0.5823876199,-0.1205156931,Vil108BFP95,Vil1-08B-FP95,GCGACAATTACA,P19.26,B2,806rcbc109,Hiseq_April_Nineteen,Vil1Cre,8B_Vil1Cre,45,Male,Neg,Proximal_Colon,Colon,Luminal,Luminal_Proximal_Colon,Luminal_Colon,101
Vil1.09B.FP106,-1.30955269,1.282587326,-0.1310993741,Vil109BFP106,Vil1-09B-FP106,AGTAGCGGAAGA,P19.26,C1,806rcbc120,Hiseq_April_Nineteen,Vil1Cre,9B_Vil1Cre,47,Male,Neg,Distal_Colon,Colon,Luminal,Luminal_Distal_Colon,Luminal_Colon,102
Lyz2.07B.FP282.S80,-0.8240500931,-0.3538444202,0.1800125378,Lyz207BFP282S80,Lyz2_07B_FP282_S80,CCTCTGAGAGCT,P19.21,D5,806rcbc424,Hiseq_April_Nineteen,LyzCre,7B_LyzCre,38,Female,Neg,Ileum,SI,Luminal,Luminal_Ileum,Luminal_SI,109
Itg.16.FP484.S87,-0.6812900818,-0.5416842613,-0.2462333903,Itg16FP484S87,Itg_16_FP484_S87,GACTACCCGTTG,P19-19,H3,806rcbc278,Hiseq_April_Nineteen,ItgCre,16_ItgCre,8,Male,Neg,Duodenum,SI,Luminal,Luminal_Duodenum,Luminal_SI,110
Vil1.10B.FP120,-0.1586876195,1.582326677,-0.2820021477,Vil110BFP120,Vil1-10B-FP120,AGCAACATTGCA,P19.26,D4,806rcbc135,Hiseq_April_Nineteen,Vil1Cre,10B_Vil1Cre,24,Male,Neg,Cecum,Colon,Luminal,Luminal_Cecum,Luminal_Colon,111
Vil1.05B.FP60,0.7834529134,-0.2339645339,-0.01987985118,Vil105BFP60,Vil1-05B-FP60,ATATCGCGATGA,P19.07,F2,806rcbc445,Hiseq_April_Nineteen,Vil1Cre,5B_Vil1Cre,34,Female,Neg,Duodenum,SI,Luminal,Luminal_Duodenum,Luminal_SI,112
Lyz2.01B.FP212.S60,-0.6293373921,0.2968583871,0.159614423,Lyz201BFP212S60,Lyz2_01B_FP212_S60,GTAAATTCAGGC,P19-18,F4,806rcbc159,Hiseq_April_Nineteen,LyzCre,1B_LyzCre,9,Male,Neg,Duodenum,SI,Luminal,Luminal_Duodenum,Luminal_SI,113
Vil1.03B.FP32,0.8687652928,1.012817039,-0.07006717764,Vil103BFP32,Vil1-03B-FP32,TACAGTTACGCG,P19.07,C9,806rcbc416,Hiseq_April_Nineteen,Vil1Cre,3B_Vil1Cre,29,Female,Neg,Proximal_Colon,Colon,Luminal,Luminal_Proximal_Colon,Luminal_Colon,115
Vil1.09B.FP105,0.860170823,-0.3261419028,0.05243420767,Vil109BFP105,Vil1-09B-FP105,TTGCCAAGAGTC,P19.26,B12,806rcbc119,Hiseq_April_Nineteen,Vil1Cre,9B_Vil1Cre,47,Male,Neg,Duodenum,SI,Luminal,Luminal_Duodenum,Luminal_SI,121
Vil1.05B.FP59,-0.5766508728,0.428923036,-0.1637371368,Vil105BFP59,Vil1-05B-FP59,CCACCCAGTAAC,P19.07,F1,806rcbc444,Hiseq_April_Nineteen,Vil1Cre,5B_Vil1Cre,34,Female,Neg,Jejunum,SI,Luminal,Luminal_Jejunum,Luminal_SI,127
Vil1.08B.FP96,0.5947912953,0.9133847719,-0.00149559902,Vil108BFP96,Vil1-08B-FP96,TCATGCTCCATT,P19.26,B3,806rcbc110,Hiseq_April_Nineteen,Vil1Cre,8B_Vil1Cre,45,Male,Neg,Cecum,Colon,Luminal,Luminal_Cecum,Luminal_Colon,129
Itg.26.FP540.S44,0.9953345222,0.7286129152,-0.05460000827,Itg26FP540S44,Itg_26_FP540_S44,CTTCGCGGATGT,P19-20,D12,806rcbc335,Hiseq_April_Nineteen,ItgCre,26_ItgCre,14,Female,Neg,Proximal_Colon,Colon,Luminal,Luminal_Proximal_Colon,Luminal_Colon,130
Vil1.06B.FP68,1.268881322,-0.01494318076,0.09554807692,Vil106BFP68,Vil1-06B-FP68,CTCATCATGTTC,P19.07,F10,806rcbc453,Hiseq_April_Nineteen,Vil1Cre,6B_Vil1Cre,37,Male,Neg,Proximal_Colon,Colon,Luminal,Luminal_Proximal_Colon,Luminal_Colon,132
Lyz2.08B.FP291.S89,0.7720760379,0.8357529716,0.03757706924,Lyz208BFP291S89,Lyz2_08B_FP291_S89,TAATGGTCGTAG,P19.21,E2,806rcbc433,Hiseq_April_Nineteen,LyzCre,8B_LyzCre,44,Male,Neg,Distal_Colon,Colon,Luminal,Luminal_Distal_Colon,Luminal_Colon,135
Vil1.01B.FP09,1.069527093,0.6709183314,-0.06084721907,Vil101BFP09,Vil1-01B-FP09,GCTTAGATGTAG,P19.07,A9,806rcbc392,Hiseq_April_Nineteen,Vil1Cre,1B_Vil1Cre,28,Male,Neg,Cecum,Colon,Luminal,Luminal_Cecum,Luminal_Colon,139
Vil1.08B.FP92,1.679260613,-0.8131919993,0.239514842,Vil108BFP92,Vil1-08B-FP92,CTGATCCATCTT,P19.26,H7,806rcbc186,Hiseq_April_Nineteen,Vil1Cre,8B_Vil1Cre,45,Male,Neg,Jejunum,SI,Luminal,Luminal_Jejunum,Luminal_SI,141
Itg.20.FP507.S10,-0.823038468,-1.171739101,-0.2056979569,Itg20FP507S10,Itg_20_FP507_S10,TAAAGACCCGTA,P19-20,B2,806rcbc301,Hiseq_April_Nineteen,ItgCre,20_ItgCre,11,Male,Neg,Jejunum,SI,Luminal,Luminal_Jejunum,Luminal_SI,145
Vil1.04B.FP48,-1.146878155,-0.4606891315,-0.2446910587,Vil104BFP48,Vil1-04B-FP48,AACTCCTGTGGA,P19.07,E1,806rcbc432,Hiseq_April_Nineteen,Vil1Cre,4B_Vil1Cre,32,Male,Neg,Duodenum,SI,Luminal,Luminal_Duodenum,Luminal_SI,149
Vil1.06B.FP69,1.40712185,-0.06903453061,0.06259395159,Vil106BFP69,Vil1-06B-FP69,CCAGGGACTTCT,P19.07,F11,806rcbc454,Hiseq_April_Nineteen,Vil1Cre,6B_Vil1Cre,37,Male,Neg,Cecum,Colon,Luminal,Luminal_Cecum,Luminal_Colon,151
Lyz2.03B.FP234.S82,-0.7558708055,0.2865075217,-0.167437995,Lyz203BFP234S82,Lyz2_03B_FP234_S82,GCTTGAGCTTGA,P19-18,H2,806rcbc181,Hiseq_April_Nineteen,LyzCre,3B_LyzCre,21,Female,Neg,Ileum,SI,Luminal,Luminal_Ileum,Luminal_SI,153
Vil1.04B.FP47,-1.287558561,-0.9859478227,-0.008464739791,Vil104BFP47,Vil1-04B-FP47,CGAGGTTCTGAT,P19.07,D12,806rcbc431,Hiseq_April_Nineteen,Vil1Cre,4B_Vil1Cre,32,Male,Neg,Jejunum,SI,Luminal,Luminal_Jejunum,Luminal_SI,154
Itg.24.FP530.S33,-0.8730588457,1.284589674,0.03017475873,Itg24FP530S33,Itg_24_FP530_S33,GAGATCGCCTAT,P19-20,D1,806rcbc324,Hiseq_April_Nineteen,ItgCre,24_ItgCre,13,Female,Neg,Ileum,SI,Luminal,Luminal_Ileum,Luminal_SI,164
Vil1.03B.FP36,-0.5797978812,0.09505421922,-0.2297434074,Vil103BFP36,Vil1-03B-FP36,CTTCGACTTTCC,P19.07,D1,806rcbc420,Hiseq_April_Nineteen,Vil1Cre,3B_Vil1Cre,29,Female,Neg,Duodenum,SI,Luminal,Luminal_Duodenum,Luminal_SI,166
Vil1.02B.FP19,0.5125724447,1.181137489,-0.2548555864,Vil102BFP19,Vil1-02B-FP19,ACCGGAGTAGGA,P19.07,B7,806rcbc402,Hiseq_April_Nineteen,Vil1Cre,2B_Vil1Cre,22,Female,Neg,Distal_Colon,Colon,Luminal,Luminal_Distal_Colon,Luminal_Colon,168
Itg.02.FP412.S12,-1.245291497,0.0979790602,-0.206140728,Itg02FP412S12,Itg_02_FP412_S12,CGGATAACCTCC,P19-19,A12,806rcbc203,Hiseq_April_Nineteen,ItgCre,2_ItgCre,10,Female,Neg,Duodenum,SI,Luminal,Luminal_Duodenum,Luminal_SI,169
Itg.26.FP539.S43,0.332892126,0.8670028397,-0.1312579004,Itg26FP539S43,Itg_26_FP539_S43,CTGTGTCCATGG,P19-20,D11,806rcbc334,Hiseq_April_Nineteen,ItgCre,26_ItgCre,14,Female,Neg,Distal_Colon,Colon,Luminal,Luminal_Distal_Colon,Luminal_Colon,171
Itg.18.FP491.S94,0.5178896621,1.25309356,-0.121678322,Itg18FP491S94,Itg_18_FP491_S94,CTTGAGAAATCG,P19-19,H10,806rcbc285,Hiseq_April_Nineteen,ItgCre,18_ItgCre,27,Female,Neg,Distal_Colon,Colon,Luminal,Luminal_Distal_Colon,Luminal_Colon,175
Itg.16.FP481.S84,0.7665149764,0.7996329747,-0.1362924515,Itg16FP481S84,Itg_16_FP481_S84,AACCAAACTCGA,P19-19,G12,806rcbc275,Hiseq_April_Nineteen,ItgCre,16_ItgCre,8,Male,Neg,Cecum,Colon,Luminal,Luminal_Cecum,Luminal_Colon,177
Vil1.03B.FP33,0.9738819491,0.7153964142,-0.03684731219,Vil103BFP33,Vil1-03B-FP33,CAAGCCCTAGTA,P19.07,C10,806rcbc417,Hiseq_April_Nineteen,Vil1Cre,3B_Vil1Cre,29,Female,Neg,Cecum,Colon,Luminal,Luminal_Cecum,Luminal_Colon,179
Lyz2.02B.FP224.S72,-0.6910258223,-0.3940716885,-0.04544710217,Lyz202BFP224S72,Lyz2_02B_FP224_S72,TGGGTCCCACAT,P19-18,G4,806rcbc171,Hiseq_April_Nineteen,LyzCre,2B_LyzCre,15,Male,Neg,Duodenum,SI,Luminal,Luminal_Duodenum,Luminal_SI,180
Lyz2.05B.FP259.S56,-0.872092678,-0.6538999868,0.1002935084,Lyz205BFP259S56,Lyz2_05B_FP259_S56,CTAGGATCACTG,P19.21,B5,806rcbc400,Hiseq_April_Nineteen,LyzCre,5B_LyzCre,33,Female,Neg,Jejunum,SI,Luminal,Luminal_Jejunum,Luminal_SI,181
Itg.04.FP422.S22,-1.485666939,0.8334153249,0.2988409749,Itg04FP422S22,Itg_04_FP422_S22,AAGACAGCTATC,P19-19,B10,806rcbc213,Hiseq_April_Nineteen,ItgCre,4_ItgCre,30,Male,Neg,Ileum,SI,Luminal,Luminal_Ileum,Luminal_SI,188
Itg.20.FP506.S9,0.921449039,-0.7110441088,-0.02750318411,Itg20FP506S9,Itg_20_FP506_S9,TCCAACTGCAGA,P19-20,B1,806rcbc300,Hiseq_April_Nineteen,ItgCre,20_ItgCre,11,Male,Neg,Ileum,SI,Luminal,Luminal_Ileum,Luminal_SI,193
Itg.08.FP445.S46,0.8291359069,0.5211494848,-0.1061333849,Itg08FP445S46,Itg_08_FP445_S46,GGTTTAACACGC,P19-19,D10,806rcbc237,Hiseq_April_Nineteen,ItgCre,8_ItgCre,40,Female,Neg,Cecum,Colon,Luminal,Luminal_Cecum,Luminal_Colon,194
Itg.24.FP529.S32,0.9809374953,0.5131215517,0.04632320883,Itg24FP529S32,Itg_24_FP529_S32,CTTCCAACTCAT,P19-20,C12,806rcbc323,Hiseq_April_Nineteen,ItgCre,24_ItgCre,13,Female,Neg,Cecum,Colon,Luminal,Luminal_Cecum,Luminal_Colon,196
Vil1.09B.FP104,0.692062825,0.08850070765,-0.04691850117,Vil109BFP104,Vil1-09B-FP104,TATCTATCCTGC,P19.26,B11,806rcbc118,Hiseq_April_Nineteen,Vil1Cre,9B_Vil1Cre,47,Male,Neg,Jejunum,SI,Luminal,Luminal_Jejunum,Luminal_SI,199
Itg.26.FP544.S48,-1.321498797,0.1974411103,-0.2504082402,Itg26FP544S48,Itg_26_FP544_S48,GTTTCCGTGGTG,P19-20,E4,806rcbc339,Hiseq_April_Nineteen,ItgCre,26_ItgCre,14,Female,Neg,Duodenum,SI,Luminal,Luminal_Duodenum,Luminal_SI,201
Lyz2.08B.FP292.S90,0.9574635613,0.6174542448,0.143241294,Lyz208BFP292S90,Lyz2_08B_FP292_S90,TTGCACCGTCGA,P19.21,E3,806rcbc434,Hiseq_April_Nineteen,LyzCre,8B_LyzCre,44,Male,Neg,Proximal_Colon,Colon,Luminal,Luminal_Proximal_Colon,Luminal_Colon,203
Vil1.10B.FP119,-1.392374512,0.9489153569,-0.1206819627,Vil110BFP119,Vil1-10B-FP119,ACCCAAGCGTTA,P19.26,D2,806rcbc133,Hiseq_April_Nineteen,Vil1Cre,10B_Vil1Cre,24,Male,Neg,Proximal_Colon,Colon,Luminal,Luminal_Proximal_Colon,Luminal_Colon,204
Vil1.04B.FP44,0.7095201868,0.795242602,-0.09485300651,Vil104BFP44,Vil1-04B-FP44,CGGCCTAAGTTC,P19.07,D9,806rcbc428,Hiseq_April_Nineteen,Vil1Cre,4B_Vil1Cre,32,Male,Neg,Proximal_Colon,Colon,Luminal,Luminal_Proximal_Colon,Luminal_Colon,206
Vil1.13B.FP152,-1.186858352,1.780663506,0.3726974906,Vil113BFP152,Vil1-13B-FP152,TTAAGACAGTCG,P19.26,G1,806rcbc168,Hiseq_April_Nineteen,Vil1Cre,13B_Vil1Cre,25,Male,Neg,Jejunum,SI,Luminal,Luminal_Jejunum,Luminal_SI,207
Itg.10.FP460.S62,-1.506161455,0.2603048824,-0.2037650838,Itg10FP460S62,Itg_10_FP460_S62,ACTCTAGCCGGT,P19-19,F2,806rcbc253,Hiseq_April_Nineteen,ItgCre,10_ItgCre,0,Female,Neg,Duodenum,SI,Luminal,Luminal_Duodenum,Luminal_SI,211
Itg.20.FP504.S7,1.027690146,0.274354034,-0.1146256709,Itg20FP504S7,Itg_20_FP504_S7,GCATTCGGCGTT,P19-20,A11,806rcbc298,Hiseq_April_Nineteen,ItgCre,20_ItgCre,11,Male,Neg,Proximal_Colon,Colon,Luminal,Luminal_Proximal_Colon,Luminal_Colon,215
Vil1.07B.FP79,0.2082414271,0.6686082741,-0.1860791127,Vil107BFP79,Vil1-07B-FP79,AACTGTTCGCGC,P19.07,G9,806rcbc464,Hiseq_April_Nineteen,Vil1Cre,7B_Vil1Cre,39,Male,Neg,Distal_Colon,Colon,Luminal,Luminal_Distal_Colon,Luminal_Colon,217
Vil1.14B.FP164,1.008779517,-0.02818701884,-0.08306621534,Vil114BFP164,Vil1-14B-FP164,GTGCAACCAATC,P19.26,H1,806rcbc180,Hiseq_April_Nineteen,Vil1Cre,14B_Vil1Cre,26,Male,Neg,Jejunum,SI,Luminal,Luminal_Jejunum,Luminal_SI,222
Itg.06.FP434.S35,-0.932054656,-0.7062494486,-0.197445296,Itg06FP434S35,Itg_06_FP434_S35,GGAATCCGATTA,P19-19,C11,806rcbc226,Hiseq_April_Nineteen,ItgCre,6_ItgCre,35,Male,Neg,Ileum,SI,Luminal,Luminal_Ileum,Luminal_SI,226
Itg.18.FP496.S99,-1.6353748,0.6301905897,0.1369463336,Itg18FP496S99,Itg_18_FP496_S99,AGACATACCGTA,P19-20,A3,806rcbc290,Hiseq_April_Nineteen,ItgCre,18_ItgCre,27,Female,Neg,Duodenum,SI,Luminal,Luminal_Duodenum,Luminal_SI,227
Itg.24.FP531.S34,-1.948476081,0.9819093958,0.1729691276,Itg24FP531S34,Itg_24_FP531_S34,TGTACATCGCCG,P19-20,D2,806rcbc325,Hiseq_April_Nineteen,ItgCre,24_ItgCre,13,Female,Neg,Jejunum,SI,Luminal,Luminal_Jejunum,Luminal_SI,228
Itg.24.FP527.S30,0.9524102185,0.3880013994,0.05195382795,Itg24FP527S30,Itg_24_FP527_S30,TCGCCGTGTACA,P19-20,C10,806rcbc321,Hiseq_April_Nineteen,ItgCre,24_ItgCre,13,Female,Neg,Distal_Colon,Colon,Luminal,Luminal_Distal_Colon,Luminal_Colon,230
Lyz2.07B.FP279.S77,0.4168942145,0.4933313157,0.05988774047,Lyz207BFP279S77,Lyz2_07B_FP279_S77,GTCATAAGAACC,P19.21,D2,806rcbc421,Hiseq_April_Nineteen,LyzCre,7B_LyzCre,38,Female,Neg,Distal_Colon,Colon,Luminal,Luminal_Distal_Colon,Luminal_Colon,231
Lyz2.06B.FP269.S67,1.074072314,0.6428393119,0.234583294,Lyz206BFP269S67,Lyz2_06B_FP269_S67,GCTAGACACTAC,P19.21,C4,806rcbc411,Hiseq_April_Nineteen,LyzCre,6B_LyzCre,36,Female,Neg,Cecum,Colon,Luminal,Luminal_Cecum,Luminal_Colon,241
Lyz2.03B.FP231.S79,0.3862608484,1.628796007,-0.1468824165,Lyz203BFP231S79,Lyz2_03B_FP231_S79,CGGGTGTTTGCT,P19-18,G11,806rcbc178,Hiseq_April_Nineteen,LyzCre,3B_LyzCre,21,Female,Neg,Distal_Colon,Colon,Luminal,Luminal_Distal_Colon,Luminal_Colon,245
Lyz2.07B.FP281.S79,0.6292426734,0.06735368694,0.03943154582,Lyz207BFP281S79,Lyz2_07B_FP281_S79,CGTAGAGCTCTC,P19.21,D4,806rcbc423,Hiseq_April_Nineteen,LyzCre,7B_LyzCre,38,Female,Neg,Cecum,Colon,Luminal,Luminal_Cecum,Luminal_Colon,249
Vil1.09B.FP107,-0.725277878,1.757126966,-0.1517404286,Vil109BFP107,Vil1-09B-FP107,GCAATTAGGTAC,P19.26,C2,806rcbc121,Hiseq_April_Nineteen,Vil1Cre,9B_Vil1Cre,47,Male,Neg,Proximal_Colon,Colon,Luminal,Luminal_Proximal_Colon,Luminal_Colon,257
Itg.08.FP443.S44,0.20370594,1.228387597,-0.2240100051,Itg08FP443S44,Itg_08_FP443_S44,AGGTGAGTTCTA,P19-19,D8,806rcbc235,Hiseq_April_Nineteen,ItgCre,8_ItgCre,40,Female,Neg,Distal_Colon,Colon,Luminal,Luminal_Distal_Colon,Luminal_Colon,258
Itg.02.FP410.S10,-1.368602844,0.2823033621,0.005426074693,Itg02FP410S10,Itg_02_FP410_S10,CGACTCTAAACG,P19-19,A10,806rcbc201,Hiseq_April_Nineteen,ItgCre,2_ItgCre,10,Female,Neg,Ileum,SI,Luminal,Luminal_Ileum,Luminal_SI,260
Vil1.04B.FP45,0.8839600791,0.5469156817,-0.05511007678,Vil104BFP45,Vil1-04B-FP45,AGCGCTCACATC,P19.07,D10,806rcbc429,Hiseq_April_Nineteen,Vil1Cre,4B_Vil1Cre,32,Male,Neg,Cecum,Colon,Luminal,Luminal_Cecum,Luminal_Colon,267
Itg.06.FP436.S37,-1.092981416,0.03596464452,-0.1633980644,Itg06FP436S37,Itg_06_FP436_S37,TTCTGAGAGGTA,P19-19,D1,806rcbc228,Hiseq_April_Nineteen,ItgCre,6_ItgCre,35,Male,Neg,Duodenum,SI,Luminal,Luminal_Duodenum,Luminal_SI,268
Lyz2.05B.FP256.S53,0.5265800038,0.4965175359,0.01622069508,Lyz205BFP256S53,Lyz2_05B_FP256_S53,ATTGCAAGCAAC,P19.21,B2,806rcbc397,Hiseq_April_Nineteen,LyzCre,5B_LyzCre,33,Female,Neg,Proximal_Colon,Colon,Luminal,Luminal_Proximal_Colon,Luminal_Colon,271
Vil1.03B.FP34,-0.4199799977,0.7266110564,-0.1796950815,Vil103BFP34,Vil1-03B-FP34,TAGTGTCGGATC,P19.07,C11,806rcbc418,Hiseq_April_Nineteen,Vil1Cre,3B_Vil1Cre,29,Female,Neg,Ileum,SI,Luminal,Luminal_Ileum,Luminal_SI,273
Vil1.07B.FP83,-0.8511304556,-0.8260611866,-0.2115967086,Vil107BFP83,Vil1-07B-FP83,GTCACATCACGA,P19.07,H2,806rcbc469,Hiseq_April_Nineteen,Vil1Cre,7B_Vil1Cre,39,Male,Neg,Jejunum,SI,Luminal,Luminal_Jejunum,Luminal_SI,274
Vil1.01B.FP12,-1.035117264,-0.3438003991,-0.3812262621,Vil101BFP12,Vil1-01B-FP12,TGACTAATGGCC,P19.07,A12,806rcbc395,Hiseq_April_Nineteen,Vil1Cre,1B_Vil1Cre,28,Male,Neg,Duodenum,SI,Luminal,Luminal_Duodenum,Luminal_SI,277
Itg.12.FP469.S71,0.9021990538,0.9552329759,-0.02743995083,Itg12FP469S71,Itg_12_FP469_S71,ACTGACTTAAGG,P19-19,F11,806rcbc262,Hiseq_April_Nineteen,ItgCre,12_ItgCre,4,Female,Neg,Cecum,Colon,Luminal,Luminal_Cecum,Luminal_Colon,278
Itg.26.FP543.S47,0.4565053653,0.1798332293,-0.1499045937,Itg26FP543S47,Itg_26_FP543_S47,AAGGGCGCTGAA,P19-20,E3,806rcbc338,Hiseq_April_Nineteen,ItgCre,26_ItgCre,14,Female,Neg,Jejunum,SI,Luminal,Luminal_Jejunum,Luminal_SI,280
Vil1.10B.FP117,0.3170115336,0.5893047893,-0.03538507564,Vil110BFP117,Vil1-10B-FP117,ATCAGTACTAGG,P19.26,C12,806rcbc131,Hiseq_April_Nineteen,Vil1Cre,10B_Vil1Cre,24,Male,Neg,Duodenum,SI,Luminal,Luminal_Duodenum,Luminal_SI,281
Itg.06.FP433.S34,0.9630611202,0.0558111241,-0.03352078408,Itg06FP433S34,Itg_06_FP433_S34,GTCGCCGTACAT,P19-19,C10,806rcbc225,Hiseq_April_Nineteen,ItgCre,6_ItgCre,35,Male,Neg,Cecum,Colon,Luminal,Luminal_Cecum,Luminal_Colon,284
Itg.26.FP542.S46,-1.093452367,0.1159792553,-0.3079106653,Itg26FP542S46,Itg_26_FP542_S46,TGTGTAGCCATG,P19-20,E2,806rcbc337,Hiseq_April_Nineteen,ItgCre,26_ItgCre,14,Female,Neg,Ileum,SI,Luminal,Luminal_Ileum,Luminal_SI,286
Lyz2.02B.FP220.S68,1.086934838,0.9224837855,0.02130222289,Lyz202BFP220S68,Lyz2_02B_FP220_S68,CGCTACAACTCG,P19-18,F12,806rcbc167,Hiseq_April_Nineteen,LyzCre,2B_LyzCre,15,Male,Neg,Proximal_Colon,Colon,Luminal,Luminal_Proximal_Colon,Luminal_Colon,287
Lyz2.05B.FP257.S54,0.8656050538,0.3429581418,0.06791102822,Lyz205BFP257S54,Lyz2_05B_FP257_S54,CACGTGACATGT,P19.21,B3,806rcbc398,Hiseq_April_Nineteen,LyzCre,5B_LyzCre,33,Female,Neg,Cecum,Colon,Luminal,Luminal_Cecum,Luminal_Colon,294
Vil1.08B.FP94,-0.3988189181,0.8382439098,0.004520760524,Vil108BFP94,Vil1-08B-FP94,GCACACCTGATA,P19.26,B1,806rcbc108,Hiseq_April_Nineteen,Vil1Cre,8B_Vil1Cre,45,Male,Neg,Distal_Colon,Colon,Luminal,Luminal_Distal_Colon,Luminal_Colon,295
Itg.16.FP482.S85,-0.9601958655,-0.7675164316,-0.1584367687,Itg16FP482S85,Itg_16_FP482_S85,GCCGTCTCGTAA,P19-19,H1,806rcbc276,Hiseq_April_Nineteen,ItgCre,16_ItgCre,8,Male,Neg,Ileum,SI,Luminal,Luminal_Ileum,Luminal_SI,302
Itg.02.FP408.S8,0.8615230721,0.853909824,0.05670759951,Itg02FP408S8,Itg_02_FP408_S8,CAACACATGCTG,P19-19,A8,806rcbc199,Hiseq_April_Nineteen,ItgCre,2_ItgCre,10,Female,Neg,Proximal_Colon,Colon,Luminal,Luminal_Proximal_Colon,Luminal_Colon,308
Vil1.02B.FP21,0.8413523858,0.7960289283,-0.08164405896,Vil102BFP21,Vil1-02B-FP21,CAATCGGCTTGC,P19.07,B9,806rcbc404,Hiseq_April_Nineteen,Vil1Cre,2B_Vil1Cre,22,Female,Neg,Cecum,Colon,Luminal,Luminal_Cecum,Luminal_Colon,310
Itg.12.FP471.S73,-1.500021032,-0.0685130892,-0.2088905532,Itg12FP471S73,Itg_12_FP471_S73,TTCCTAGGCCAG,P19-19,G1,806rcbc264,Hiseq_April_Nineteen,ItgCre,12_ItgCre,4,Female,Neg,Jejunum,SI,Luminal,Luminal_Jejunum,Luminal_SI,313
Itg.16.FP479.S81,0.125317612,1.558457173,-0.143893372,Itg16FP479S81,Itg_16_FP479_S81,TACGGATTATGG,P19-19,G9,806rcbc272,Hiseq_April_Nineteen,ItgCre,16_ItgCre,8,Male,Neg,Distal_Colon,Colon,Luminal,Luminal_Distal_Colon,Luminal_Colon,316
Vil1.05B.FP55,1.067212837,0.6653355365,-0.04020079971,Vil105BFP55,Vil1-05B-FP55,TAGCGCGAACTT,P19.07,E9,806rcbc440,Hiseq_April_Nineteen,Vil1Cre,5B_Vil1Cre,34,Female,Neg,Distal_Colon,Colon,Luminal,Luminal_Distal_Colon,Luminal_Colon,328
Itg.22.FP516.S19,1.015609102,0.7530899024,-0.02718607328,Itg22FP516S19,Itg_22_FP516_S19,CAGTCGTTAAGA,P19-20,B11,806rcbc310,Hiseq_April_Nineteen,ItgCre,22_ItgCre,12,Female,Neg,Proximal_Colon,Colon,Luminal,Luminal_Proximal_Colon,Luminal_Colon,329
Itg.04.FP420.S20,0.6990062506,0.7859034566,0.01663581425,Itg04FP420S20,Itg_04_FP420_S20,TGCACGTGATAA,P19-19,B8,806rcbc211,Hiseq_April_Nineteen,ItgCre,4_ItgCre,30,Male,Neg,Proximal_Colon,Colon,Luminal,Luminal_Proximal_Colon,Luminal_Colon,336
Itg.10.FP456.S58,0.7870802819,1.188236933,-0.0600177856,Itg10FP456S58,Itg_10_FP456_S58,CTCCCTTTGTGT,P19-19,E10,806rcbc249,Hiseq_April_Nineteen,ItgCre,10_ItgCre,0,Female,Neg,Proximal_Colon,Colon,Luminal,Luminal_Proximal_Colon,Luminal_Colon,337
Lyz2.08B.FP294.S92,-0.6800935759,-1.300869196,0.0565016225,Lyz208BFP294S92,Lyz2_08B_FP294_S92,ATGGCCTGACTA,P19.21,E5,806rcbc436,Hiseq_April_Nineteen,LyzCre,8B_LyzCre,44,Male,Neg,Ileum,SI,Luminal,Luminal_Ileum,Luminal_SI,343
Vil1.13B.FP156,-1.19708006,1.60994382,0.3869516629,Vil113BFP156,Vil1-13B-FP156,CACTGGTGCATA,P19.26,G5,806rcbc172,Hiseq_April_Nineteen,Vil1Cre,13B_Vil1Cre,25,Male,Neg,Cecum,Colon,Luminal,Luminal_Cecum,Luminal_Colon,347
Itg.18.FP492.S95,0.6909582138,1.662460359,-0.1305362142,Itg18FP492S95,Itg_18_FP492_S95,CTACACAGCACA,P19-19,H11,806rcbc286,Hiseq_April_Nineteen,ItgCre,18_ItgCre,27,Female,Neg,Proximal_Colon,Colon,Luminal,Luminal_Proximal_Colon,Luminal_Colon,349
Vil1.06B.FP72,0.805031253,-0.2226160718,-0.02224161315,Vil106BFP72,Vil1-06B-FP72,CAAGGCACAAGG,P19.07,G2,806rcbc457,Hiseq_April_Nineteen,Vil1Cre,6B_Vil1Cre,37,Male,Neg,Duodenum,SI,Luminal,Luminal_Duodenum,Luminal_SI,354
Vil1.02B.FP24,-1.039831325,-0.6899337188,-0.2593407839,Vil102BFP24,Vil1-02B-FP24,GGAGGAGCAATA,P19.07,B12,806rcbc407,Hiseq_April_Nineteen,Vil1Cre,2B_Vil1Cre,22,Female,Neg,Duodenum,SI,Luminal,Luminal_Duodenum,Luminal_SI,357
Itg.12.FP468.S70,0.9177122685,0.9544403976,-0.01714077933,Itg12FP468S70,Itg_12_FP468_S70,GGTCTCCTACAG,P19-19,F10,806rcbc261,Hiseq_April_Nineteen,ItgCre,12_ItgCre,4,Female,Neg,Proximal_Colon,Colon,Luminal,Luminal_Proximal_Colon,Luminal_Colon,362
Lyz2.05B.FP260.S57,-1.004014824,-0.2724587221,0.1481134025,Lyz205BFP260S57,Lyz2_05B_FP260_S57,GATGACCCAAAT,P19.21,B6,806rcbc401,Hiseq_April_Nineteen,LyzCre,5B_LyzCre,33,Female,Neg,Duodenum,SI,Luminal,Luminal_Duodenum,Luminal_SI,363
Itg.12.FP467.S69,0.7108354095,0.7760414916,-0.07450849033,Itg12FP467S69,Itg_12_FP467_S69,ACGTGTAGGCTT,P19-19,F9,806rcbc260,Hiseq_April_Nineteen,ItgCre,12_ItgCre,4,Female,Neg,Distal_Colon,Colon,Luminal,Luminal_Distal_Colon,Luminal_Colon,365
Itg.20.FP505.S8,1.161894565,-0.08602803662,-0.04169991503,Itg20FP505S8,Itg_20_FP505_S8,CGCCATTGTGCA,P19-20,A12,806rcbc299,Hiseq_April_Nineteen,ItgCre,20_ItgCre,11,Male,Neg,Cecum,Colon,Luminal,Luminal_Cecum,Luminal_Colon,369
Vil1.14B.FP166,-1.792279744,1.24460351,0.1161957403,Vil114BFP166,Vil1-14B-FP166,CGCTGTGGATTA,P19.26,H3,806rcbc182,Hiseq_April_Nineteen,Vil1Cre,14B_Vil1Cre,26,Male,Neg,Distal_Colon,Colon,Luminal,Luminal_Distal_Colon,Luminal_Colon,371
Itg.04.FP423.S23,-1.778267165,1.255167981,0.04403497727,Itg04FP423S23,Itg_04_FP423_S23,ATTGACCGGTCA,P19-19,B11,806rcbc214,Hiseq_April_Nineteen,ItgCre,4_ItgCre,30,Male,Neg,Jejunum,SI,Luminal,Luminal_Jejunum,Luminal_SI,374
Itg.22.FP517.S20,1.197739411,0.3538610364,0.0385357791,Itg22FP517S20,Itg_22_FP517_S20,CTACGAAAGCCT,P19-20,B12,806rcbc311,Hiseq_April_Nineteen,ItgCre,22_ItgCre,12,Female,Neg,Cecum,Colon,Luminal,Luminal_Cecum,Luminal_Colon,376
Itg.12.FP472.S74,-0.7753840113,0.04201396047,-0.3495755275,Itg12FP472S74,Itg_12_FP472_S74,ATTAAGCCTGGA,P19-19,G2,806rcbc265,Hiseq_April_Nineteen,ItgCre,12_ItgCre,4,Female,Neg,Duodenum,SI,Luminal,Luminal_Duodenum,Luminal_SI,378
Lyz2.06B.FP268.S65,1.053096316,0.6806586862,0.1861812053,Lyz206BFP268S65,Lyz2_06B_FP268_S65,CTTCCCTAACTC,P19.21,C2,806rcbc409,Hiseq_April_Nineteen,LyzCre,6B_LyzCre,36,Female,Neg,Proximal_Colon,Colon,Luminal,Luminal_Proximal_Colon,Luminal_Colon,381
Lyz2.03B.FP233.S81,0.7316313842,1.662124816,-0.1279453657,Lyz203BFP233S81,Lyz2_03B_FP233_S81,GTGCAACCAATC,P19-18,H1,806rcbc180,Hiseq_April_Nineteen,LyzCre,3B_LyzCre,21,Female,Neg,Cecum,Colon,Luminal,Luminal_Cecum,Luminal_Colon,383
Lyz2.04B.FP246.S43,-0.663474312,0.8000688883,0.2366895646,Lyz204BFP246S43,Lyz2_04B_FP246_S43,GCACATAGTCGT,P19.21,A4,806rcbc387,Hiseq_April_Nineteen,LyzCre,4B_LyzCre,31,Female,Neg,Ileum,SI,Luminal,Luminal_Ileum,Luminal_SI,384
Vil1.14B.FP165,1.118633655,0.08436040888,-0.07214650861,Vil114BFP165,Vil1-14B-FP165,GCTTGAGCTTGA,P19.26,H2,806rcbc181,Hiseq_April_Nineteen,Vil1Cre,14B_Vil1Cre,26,Male,Neg,Duodenum,SI,Luminal,Luminal_Duodenum,Luminal_SI,385
Lyz2.02B.FP221.S69,0.9299970892,0.95038176,0.03080268648,Lyz202BFP221S69,Lyz2_02B_FP221_S69,TTAAGACAGTCG,P19-18,G1,806rcbc168,Hiseq_April_Nineteen,LyzCre,2B_LyzCre,15,Male,Neg,Cecum,Colon,Luminal,Luminal_Cecum,Luminal_Colon,387
Vil1.07B.FP81,0.9017397396,0.6419516389,-0.05416729597,Vil107BFP81,Vil1-07B-FP81,TCAGGTTGCCCA,P19.07,G12,806rcbc467,Hiseq_April_Nineteen,Vil1Cre,7B_Vil1Cre,39,Male,Neg,Cecum,Colon,Luminal,Luminal_Cecum,Luminal_Colon,388
Lyz2.06B.FP270.S68,-1.375583641,0.1021570878,0.0943686981,Lyz206BFP270S68,Lyz2_06B_FP270_S68,TTGGATTGAACG,P19.21,C5,806rcbc412,Hiseq_April_Nineteen,LyzCre,6B_LyzCre,36,Female,Neg,Ileum,SI,Luminal,Luminal_Ileum,Luminal_SI,389
Vil1.07B.FP84,1.152000642,-0.5424484875,0.01277896243,Vil107BFP84,Vil1-07B-FP84,CGACATTTCTCT,P19.07,H3,806rcbc470,Hiseq_April_Nineteen,Vil1Cre,7B_Vil1Cre,39,Male,Neg,Duodenum,SI,Luminal,Luminal_Duodenum,Luminal_SI,390
Lyz2.04B.FP247.S44,-0.9273104519,0.4385636114,0.2677931685,Lyz204BFP247S44,Lyz2_04B_FP247_S44,GGCAAATACACT,P19.21,A5,806rcbc388,Hiseq_April_Nineteen,LyzCre,4B_LyzCre,31,Female,Neg,Jejunum,SI,Luminal,Luminal_Jejunum,Luminal_SI,392
Itg.06.FP431.S32,0.7076247333,0.1870953127,-0.1149125364,Itg06FP431S32,Itg_06_FP431_S32,GCGTCCATGAAT,P19-19,C8,806rcbc223,Hiseq_April_Nineteen,ItgCre,6_ItgCre,35,Male,Neg,Distal_Colon,Colon,Luminal,Luminal_Distal_Colon,Luminal_Colon,394
Lyz2.01B.FP211.S59,-1.146115627,0.8773102612,-0.1519902904,Lyz201BFP211S59,Lyz2_01B_FP211_S59,GATCACGAGAGG,P19-18,F3,806rcbc158,Hiseq_April_Nineteen,LyzCre,1B_LyzCre,9,Male,Neg,Jejunum,SI,Luminal,Luminal_Jejunum,Luminal_SI,397
Lyz2.06B.FP267.S64,1.19423401,0.3254902556,0.09103968869,Lyz206BFP267S64,Lyz2_06B_FP267_S64,AGCGACGAAGAC,P19.21,C1,806rcbc408,Hiseq_April_Nineteen,LyzCre,6B_LyzCre,36,Female,Neg,Distal_Colon,Colon,Luminal,Luminal_Distal_Colon,Luminal_Colon,398
Itg.02.FP407.S7,0.47998892,0.7526110183,0.02409393637,Itg02FP407S7,Itg_02_FP407_S7,CGAGCTGTTACC,P19-19,A7,806rcbc198,Hiseq_April_Nineteen,ItgCre,2_ItgCre,10,Female,Neg,Distal_Colon,Colon,Luminal,Luminal_Distal_Colon,Luminal_Colon,402
Itg.04.FP419.S19,1.251329785,-0.0296432498,0.1246369094,Itg04FP419S19,Itg_04_FP419_S19,AACTTTCAGGAG,P19-19,B7,806rcbc210,Hiseq_April_Nineteen,ItgCre,4_ItgCre,30,Male,Neg,Distal_Colon,Colon,Luminal,Luminal_Distal_Colon,Luminal_Colon,408
Itg.08.FP448.S49,-1.685020463,0.4124392967,-0.165997698,Itg08FP448S49,Itg_08_FP448_S49,ATTGTTCCTACC,P19-19,E1,806rcbc240,Hiseq_April_Nineteen,ItgCre,8_ItgCre,40,Female,Neg,Duodenum,SI,Luminal,Luminal_Duodenum,Luminal_SI,409
Vil1.13B.FP151,-0.9415384908,1.920844192,0.6934512086,Vil113BFP151,Vil1-13B-FP151,CGCTACAACTCG,P19.26,F12,806rcbc167,Hiseq_April_Nineteen,Vil1Cre,13B_Vil1Cre,25,Male,Neg,Ileum,SI,Luminal,Luminal_Ileum,Luminal_SI,412
Vil1.01B.FP10,-1.110308925,-0.8097280395,-0.04555540563,Vil101BFP10,Vil1-01B-FP10,AAGACGTAGCGG,P19.07,A10,806rcbc393,Hiseq_April_Nineteen,Vil1Cre,1B_Vil1Cre,28,Male,Neg,Ileum,SI,Luminal,Luminal_Ileum,Luminal_SI,415
Itg.04.FP424.S24,-0.405863177,0.7996457502,-0.05752295758,Itg04FP424S24,Itg_04_FP424_S24,TTCTCCATCACA,P19-19,B12,806rcbc215,Hiseq_April_Nineteen,ItgCre,4_ItgCre,30,Male,Neg,Duodenum,SI,Luminal,Luminal_Duodenum,Luminal_SI,416
Itg.08.FP446.S47,-1.51176282,0.2631503337,-0.01653834309,Itg08FP446S47,Itg_08_FP446_S47,AGACAGTAGGAG,P19-19,D11,806rcbc238,Hiseq_April_Nineteen,ItgCre,8_ItgCre,40,Female,Neg,Ileum,SI,Luminal,Luminal_Ileum,Luminal_SI,423
Vil1.06B.FP71,0.696343283,-0.8593647518,0.05748360394,Vil106BFP71,Vil1-06B-FP71,CCTGCTTCCTTC,P19.07,G1,806rcbc456,Hiseq_April_Nineteen,Vil1Cre,6B_Vil1Cre,37,Male,Neg,Jejunum,SI,Luminal,Luminal_Jejunum,Luminal_SI,424
Lyz2.01B.FP207.S55,1.231512062,0.3722140768,-0.01004315675,Lyz201BFP207S55,Lyz2_01B_FP207_S55,CGTACTCTCGAG,P19-18,E11,806rcbc154,Hiseq_April_Nineteen,LyzCre,1B_LyzCre,9,Male,Neg,Distal_Colon,Colon,Luminal,Luminal_Distal_Colon,Luminal_Colon,432
Vil1.13B.FP155,-1.309270856,1.273346638,0.7604374414,Vil113BFP155,Vil1-13B-FP155,TGGGTCCCACAT,P19.26,G4,806rcbc171,Hiseq_April_Nineteen,Vil1Cre,13B_Vil1Cre,25,Male,Neg,Proximal_Colon,Colon,Luminal,Luminal_Proximal_Colon,Luminal_Colon,435
Lyz2.08B.FP295.S93,-0.8814150214,-1.021315843,0.07543809306,Lyz208BFP295S93,Lyz2_08B_FP295_S93,ACGCACATACAA,P19.21,E6,806rcbc437,Hiseq_April_Nineteen,LyzCre,8B_LyzCre,44,Male,Neg,Jejunum,SI,Luminal,Luminal_Jejunum,Luminal_SI,437
Itg.08.FP444.S45,0.5158276867,1.144259595,-0.1903153458,Itg08FP444S45,Itg_08_FP444_S45,CCTGTCCTATCT,P19-19,D9,806rcbc236,Hiseq_April_Nineteen,ItgCre,8_ItgCre,40,Female,Neg,Proximal_Colon,Colon,Luminal,Luminal_Proximal_Colon,Luminal_Colon,438
Vil1.13B.FP154,-1.223292811,1.572912536,0.583817431,Vil113BFP154,Vil1-13B-FP154,CGCAGATTAGTA,P19.26,G3,806rcbc170,Hiseq_April_Nineteen,Vil1Cre,13B_Vil1Cre,25,Male,Neg,Distal_Colon,Colon,Luminal,Luminal_Distal_Colon,Luminal_Colon,439
Vil1.14B.FP168,-1.081189874,1.356978014,0.1146827505,Vil114BFP168,Vil1-14B-FP168,ACGATTCGAGTC,P19.26,H5,806rcbc184,Hiseq_April_Nineteen,Vil1Cre,14B_Vil1Cre,26,Male,Neg,Cecum,Colon,Luminal,Luminal_Cecum,Luminal_Colon,441
Vil1.03B.FP31,0.2729349212,1.281038919,-0.2434278317,Vil103BFP31,Vil1-03B-FP31,GTAGACATGTGT,P19.07,C8,806rcbc415,Hiseq_April_Nineteen,Vil1Cre,3B_Vil1Cre,29,Female,Neg,Distal_Colon,Colon,Luminal,Luminal_Distal_Colon,Luminal_Colon,444
Lyz2.03B.FP232.S80,0.4943093668,1.853851135,-0.1705666466,Lyz203BFP232S80,Lyz2_03B_FP232_S80,TTGACCGCGGTT,P19-18,G12,806rcbc179,Hiseq_April_Nineteen,LyzCre,3B_LyzCre,21,Female,Neg,Proximal_Colon,Colon,Luminal,Luminal_Proximal_Colon,Luminal_Colon,445
Lyz2.03B.FP235.S83,-1.210549148,0.4361862375,-0.16459236,Lyz203BFP235S83,Lyz2_03B_FP235_S83,CGCTGTGGATTA,P19-18,H3,806rcbc182,Hiseq_April_Nineteen,LyzCre,3B_LyzCre,21,Female,Neg,Jejunum,SI,Luminal,Luminal_Jejunum,Luminal_SI,447
Itg.18.FP493.S96,0.9269432328,1.001712703,-0.05151833852,Itg18FP493S96,Itg_18_FP493_S96,GAAATGCTACGT,P19-19,H12,806rcbc287,Hiseq_April_Nineteen,ItgCre,18_ItgCre,27,Female,Neg,Cecum,Colon,Luminal,Luminal_Cecum,Luminal_Colon,449
Lyz2.07B.FP284.S82,-1.002525079,-0.4061569426,0.1392441271,Lyz207BFP284S82,Lyz2_07B_FP284_S82,GCGGACTATTCA,P19.21,D7,806rcbc426,Hiseq_April_Nineteen,LyzCre,7B_LyzCre,38,Female,Neg,Duodenum,SI,Luminal,Luminal_Duodenum,Luminal_SI,451
Itg.10.FP457.S59,1.118332604,0.865368642,-0.03388572134,Itg10FP457S59,Itg_10_FP457_S59,AGCTGCACCTAA,P19-19,E11,806rcbc250,Hiseq_April_Nineteen,ItgCre,10_ItgCre,0,Female,Neg,Cecum,Colon,Luminal,Luminal_Cecum,Luminal_Colon,454
Itg.10.FP459.S61,-1.73090117,0.9376374092,-0.2223849633,Itg10FP459S61,Itg_10_FP459_S61,CTATCATCCTCA,P19-19,F1,806rcbc252,Hiseq_April_Nineteen,ItgCre,10_ItgCre,0,Female,Neg,Jejunum,SI,Luminal,Luminal_Jejunum,Luminal_SI,458
Itg.06.FP432.S33,0.6527793133,0.6834286812,-0.2512330586,Itg06FP432S33,Itg_06_FP432_S33,GTAATGCGTAAC,P19-19,C9,806rcbc224,Hiseq_April_Nineteen,ItgCre,6_ItgCre,35,Male,Neg,Proximal_Colon,Colon,Luminal,Luminal_Proximal_Colon,Luminal_Colon,459
Lyz2.01B.FP209.S57,1.48571621,0.2890669932,0.0950113504,Lyz201BFP209S57,Lyz2_01B_FP209_S57,TCGTGCGTGTTG,P19-18,F1,806rcbc156,Hiseq_April_Nineteen,LyzCre,1B_LyzCre,9,Male,Neg,Cecum,Colon,Luminal,Luminal_Cecum,Luminal_Colon,464
Itg.12.FP470.S72,-1.701675726,0.5652756499,-0.1897713283,Itg12FP470S72,Itg_12_FP470_S72,GATGCTGCCGTT,P19-19,F12,806rcbc263,Hiseq_April_Nineteen,ItgCre,12_ItgCre,4,Female,Neg,Ileum,SI,Luminal,Luminal_Ileum,Luminal_SI,468
Lyz2.07B.FP280.S78,0.3771323511,0.3827791372,0.03758838188,Lyz207BFP280S78,Lyz2_07B_FP280_S78,GTCCGCAAGTTA,P19.21,D3,806rcbc422,Hiseq_April_Nineteen,LyzCre,7B_LyzCre,38,Female,Neg,Proximal_Colon,Colon,Luminal,Luminal_Proximal_Colon,Luminal_Colon,470
Itg.10.FP458.S60,-1.657504913,1.051482612,0.03300455068,Itg10FP458S60,Itg_10_FP458_S60,CCTTGACCGATG,P19-19,E12,806rcbc251,Hiseq_April_Nineteen,ItgCre,10_ItgCre,0,Female,Neg,Ileum,SI,Luminal,Luminal_Ileum,Luminal_SI,471
Lyz2.08B.FP296.S95,-0.7114477455,-0.7278136257,0.006984601142,Lyz208BFP296S95,Lyz2_08B_FP296_S95,GATAGCACTCGT,P19.21,E8,806rcbc439,Hiseq_April_Nineteen,LyzCre,8B_LyzCre,44,Male,Neg,Duodenum,SI,Luminal,Luminal_Duodenum,Luminal_SI,475
Itg.16.FP483.S86,-1.353909092,-0.9423371344,-0.1898946711,Itg16FP483S86,Itg_16_FP483_S86,CTGGGTATCTCG,P19-19,H2,806rcbc277,Hiseq_April_Nineteen,ItgCre,16_ItgCre,8,Male,Neg,Jejunum,SI,Luminal,Luminal_Jejunum,Luminal_SI,482
Lyz2.03B.FP236.S84,-1.307743952,0.3714773454,-0.1421315942,Lyz203BFP236S84,Lyz2_03B_FP236_S84,CTGTCAGTGACC,P19-18,H4,806rcbc183,Hiseq_April_Nineteen,LyzCre,3B_LyzCre,21,Female,Neg,Duodenum,SI,Luminal,Luminal_Duodenum,Luminal_SI,484
Lyz2.02B.FP223.S71,-1.18541128,0.2052749222,-0.1361258998,Lyz202BFP223S71,Lyz2_02B_FP223_S71,CGCAGATTAGTA,P19-18,G3,806rcbc170,Hiseq_April_Nineteen,LyzCre,2B_LyzCre,15,Male,Neg,Jejunum,SI,Luminal,Luminal_Jejunum,Luminal_SI,485
Itg.02.FP411.S11,-1.319075742,-0.1650638847,-0.2873278562,Itg02FP411S11,Itg_02_FP411_S11,GTCTTCAGCAAG,P19-19,A11,806rcbc202,Hiseq_April_Nineteen,ItgCre,2_ItgCre,10,Female,Neg,Jejunum,SI,Luminal,Luminal_Jejunum,Luminal_SI,486
Lyz2.05B.FP258.S55,-0.4402761439,-0.8246521688,0.03603182513,Lyz205BFP258S55,Lyz2_05B_FP258_S55,CACAGTTGAAGT,P19.21,B4,806rcbc399,Hiseq_April_Nineteen,LyzCre,5B_LyzCre,33,Female,Neg,Ileum,SI,Luminal,Luminal_Ileum,Luminal_SI,489
Itg.06.FP435.S36,-1.345979938,-0.8712433042,-0.2182589807,Itg06FP435S36,Itg_06_FP435_S36,CACCCGATGGTT,P19-19,C12,806rcbc227,Hiseq_April_Nineteen,ItgCre,6_ItgCre,35,Male,Neg,Jejunum,SI,Luminal,Luminal_Jejunum,Luminal_SI,490
Itg.16.FP480.S83,0.5990746664,1.202324337,-0.1664540163,Itg16FP480S83,Itg_16_FP480_S83,TAACGCTGTGTG,P19-19,G11,806rcbc274,Hiseq_April_Nineteen,ItgCre,16_ItgCre,8,Male,Neg,Proximal_Colon,Colon,Luminal,Luminal_Proximal_Colon,Luminal_Colon,492
Vil1.02B.FP23,-1.395183172,-0.8913526094,-0.2688792699,Vil102BFP23,Vil1-02B-FP23,TGACCGGCTGTT,P19.07,B11,806rcbc406,Hiseq_April_Nineteen,Vil1Cre,2B_Vil1Cre,22,Female,Neg,Jejunum,SI,Luminal,Luminal_Jejunum,Luminal_SI,497
Vil1.07B.FP80,0.4192969682,1.081825151,-0.1650511265,Vil107BFP80,Vil1-07B-FP80,GTTTGGCCACAC,P19.07,G11,806rcbc466,Hiseq_April_Nineteen,Vil1Cre,7B_Vil1Cre,39,Male,Neg,Proximal_Colon,Colon,Luminal,Luminal_Proximal_Colon,Luminal_Colon,501
Itg.22.FP519.S22,-1.492046622,0.5903458781,-0.1729112803,Itg22FP519S22,Itg_22_FP519_S22,GGCATGTTATCG,P19-20,C2,806rcbc313,Hiseq_April_Nineteen,ItgCre,22_ItgCre,12,Female,Neg,Jejunum,SI,Luminal,Luminal_Jejunum,Luminal_SI,503
Itg.22.FP520.S23,-0.6667700961,0.7842053871,-0.2229566226,Itg22FP520S23,Itg_22_FP520_S23,AGGCACAGTAGG,P19-20,C3,806rcbc314,Hiseq_April_Nineteen,ItgCre,22_ItgCre,12,Female,Neg,Duodenum,SI,Luminal,Luminal_Duodenum,Luminal_SI,512
Itg.10.FP455.S57,0.6120732578,1.364799765,-0.2337896604,Itg10FP455S57,Itg_10_FP455_S57,ACCGTGCTCACA,P19-19,E9,806rcbc248,Hiseq_April_Nineteen,ItgCre,10_ItgCre,0,Female,Neg,Distal_Colon,Colon,Luminal,Luminal_Distal_Colon,Luminal_Colon,513
Vil1.05B.FP56,1.309635122,0.564443256,0.1712738182,Vil105BFP56,Vil1-05B-FP56,CATACACGCACC,P19.07,E10,806rcbc441,Hiseq_April_Nineteen,Vil1Cre,5B_Vil1Cre,34,Female,Neg,Proximal_Colon,Colon,Luminal,Luminal_Proximal_Colon,Luminal_Colon,515
Vil1.02B.FP20,0.777768887,1.25507075,-0.2051169595,Vil102BFP20,Vil1-02B-FP20,TGAGGACTACCT,P19.07,B8,806rcbc403,Hiseq_April_Nineteen,Vil1Cre,2B_Vil1Cre,22,Female,Neg,Proximal_Colon,Colon,Luminal,Luminal_Proximal_Colon,Luminal_Colon,526
Itg.04.FP421.S21,1.095370977,0.3034907819,0.09359686353,Itg04FP421S21,Itg_04_FP421_S21,GTTCGGTGTCCA,P19-19,B9,806rcbc212,Hiseq_April_Nineteen,ItgCre,4_ItgCre,30,Male,Neg,Cecum,Colon,Luminal,Luminal_Cecum,Luminal_Colon,528
Vil1.08B.FP91,1.394688133,-0.5149184902,0.178937265,Vil108BFP91,Vil1-08B-FP91,GGTTCGGTCCAT,P19.26,H6,806rcbc185,Hiseq_April_Nineteen,Vil1Cre,8B_Vil1Cre,45,Male,Neg,Ileum,SI,Luminal,Luminal_Ileum,Luminal_SI,529
Vil1.06B.FP70,1.11921089,-0.5890249619,0.1544058973,Vil106BFP70,Vil1-06B-FP70,GCAATCCTTGCG,P19.07,F12,806rcbc455,Hiseq_April_Nineteen,Vil1Cre,6B_Vil1Cre,37,Male,Neg,Ileum,SI,Luminal,Luminal_Ileum,Luminal_SI,532
Vil1.08B.FP93,1.712126754,-0.663845379,0.2580091936,Vil108BFP93,Vil1-08B-FP93,TATGTGCCGGCT,P19.26,H8,806rcbc187,Hiseq_April_Nineteen,Vil1Cre,8B_Vil1Cre,45,Male,Neg,Duodenum,SI,Luminal,Luminal_Duodenum,Luminal_SI,534
Itg.08.FP447.S48,-1.475229145,-0.03777433771,-0.009950525458,Itg08FP447S48,Itg_08_FP447_S48,GCCACGACTTAC,P19-19,D12,806rcbc239,Hiseq_April_Nineteen,ItgCre,8_ItgCre,40,Female,Neg,Jejunum,SI,Luminal,Luminal_Jejunum,Luminal_SI,535
Itg.26.FP541.S45,0.8651212587,0.7298247329,-0.0721288716,Itg26FP541S45,Itg_26_FP541_S45,ATAGGCTGTAGT,P19-20,E1,806rcbc336,Hiseq_April_Nineteen,ItgCre,26_ItgCre,14,Female,Neg,Cecum,Colon,Luminal,Luminal_Cecum,Luminal_Colon,536
Lyz2.08B.FP293.S91,1.212037938,-0.08537337166,0.1524461078,Lyz208BFP293S91,Lyz2_08B_FP293_S91,TGCTACAGACGT,P19.21,E4,806rcbc435,Hiseq_April_Nineteen,LyzCre,8B_LyzCre,44,Male,Neg,Cecum,Colon,Luminal,Luminal_Cecum,Luminal_Colon,542
Itg.18.FP494.S97,-0.615840424,1.154862621,-0.0763907558,Itg18FP494S97,Itg_18_FP494_S97,TCTGAGGTTGCC,P19-20,A1,806rcbc288,Hiseq_April_Nineteen,ItgCre,18_ItgCre,27,Female,Neg,Ileum,SI,Luminal,Luminal_Ileum,Luminal_SI,545
Itg.20.FP503.S6,0.7746257522,0.1800012693,-0.1908941694,Itg20FP503S6,Itg_20_FP503_S6,GCGAAGTTGGGA,P19-20,A10,806rcbc297,Hiseq_April_Nineteen,ItgCre,20_ItgCre,11,Male,Neg,Distal_Colon,Colon,Luminal,Luminal_Distal_Colon,Luminal_Colon,553
Lyz2.02B.FP219.S67,1.457610857,-0.08719229831,0.127783069,Lyz202BFP219S67,Lyz2_02B_FP219_S67,CGTGACAATAGT,P19-18,F11,806rcbc166,Hiseq_April_Nineteen,LyzCre,2B_LyzCre,15,Male,Neg,Distal_Colon,Colon,Luminal,Luminal_Distal_Colon,Luminal_Colon,554
Vil1.09B.FP103,0.06862760504,0.8069038468,-0.1976416449,Vil109BFP103,Vil1-09B-FP103,GTATTTCGGACG,P19.26,B10,806rcbc117,Hiseq_April_Nineteen,Vil1Cre,9B_Vil1Cre,47,Male,Neg,Ileum,SI,Luminal,Luminal_Ileum,Luminal_SI,555
Vil1.10B.FP118,-0.6390181325,1.581831646,-0.006389734548,Vil110BFP118,Vil1-10B-FP118,TCCTCGAGCGAT,P19.26,D1,806rcbc132,Hiseq_April_Nineteen,Vil1Cre,10B_Vil1Cre,24,Male,Neg,Distal_Colon,Colon,Luminal,Luminal_Distal_Colon,Luminal_Colon,560
Lyz2.06B.FP272.S70,-0.7821329335,-0.5340142588,-0.1851299572,Lyz206BFP272S70,Lyz2_06B_FP272_S70,AACAAACTGCCA,P19.21,C7,806rcbc414,Hiseq_April_Nineteen,LyzCre,6B_LyzCre,36,Female,Neg,Duodenum,SI,Luminal,Luminal_Duodenum,Luminal_SI,562
Itg.18.FP495.S98,-1.745570184,0.9206150417,0.1431187635,Itg18FP495S98,Itg_18_FP495_S98,GATCATTCTCTC,P19-20,A2,806rcbc289,Hiseq_April_Nineteen,ItgCre,18_ItgCre,27,Female,Neg,Jejunum,SI,Luminal,Luminal_Jejunum,Luminal_SI,563
SLCFP072,-0.9182460792,-0.8167530124,0.1369683419,SLCFP072,SLCFP072,AACCGATGTACC,20NOVA-03,G1,806rcbc360,NovaSeq_Jan_Twenty,JJWT,329_JJWT,19,Female,WT,Duodenum,SI,Luminal,Luminal_Duodenum,Luminal_SI,3
SLCFP021,0.3230082293,0.1402702003,0.05787946172,SLCFP021,SLCFP021,ACCCATACAGCC,20NOVA-03,B9,806rcbc308,NovaSeq_Jan_Twenty,JJWT,313_JJWT,17,Male,WT,Cecum,Colon,Luminal,Luminal_Cecum,Luminal_Colon,6
SLCFP069,0.1286303715,-0.08996194438,0.1107847714,SLCFP069,SLCFP069,GGCTGCATACTC,20NOVA-03,F10,806rcbc357,NovaSeq_Jan_Twenty,JJWT,329_JJWT,19,Female,WT,Cecum,Colon,Luminal,Luminal_Cecum,Luminal_Colon,14
LYZFP308,1.519035013,-1.368968088,-0.1333911487,LYZFP308,LYZFP308,GTTCACGCCCAA,20NOVA-10,G12,806rcbc371,NovaSeq_Jan_Twenty,LyzCre,9B_LyzCre,46,Male,Neg,Duodenum,SI,Luminal,Luminal_Duodenum,Luminal_SI,17
SLCFP111,0.8243175316,0.4648112486,0.2127924296,SLCFP111,SLCFP111,GGTACCTGCAAT,20NOVA-02,F4,806rcbc543,NovaSeq_Jan_Twenty,JJWT,811_JJWT,42,Male,WT,Cecum,Colon,Luminal,Luminal_Cecum,Luminal_Colon,18
LYZFP307,-0.594779443,-2.790093283,-0.154630166,LYZFP307,LYZFP307,ACCTGTCCTTTC,20NOVA-10,G11,806rcbc370,NovaSeq_Jan_Twenty,LyzCre,9B_LyzCre,46,Male,Neg,Jejunum,SI,Luminal,Luminal_Jejunum,Luminal_SI,22
LYZFP331,-0.6261539122,-1.511631618,0.09177498146,LYZFP331,LYZFP331,TGGAAGAACGGC,20NOVA-11,C3,806rcbc410,NovaSeq_Jan_Twenty,LyzCre,11B_LyzCre,3,Male,Neg,Jejunum,SI,Luminal,Luminal_Jejunum,Luminal_SI,43
SLCFP131,-0.6389625928,-1.644737923,-0.02407152638,SLCFP131,SLCFP131,CTGCATACTGAG,20NOVA-02,G12,806rcbc563,NovaSeq_Jan_Twenty,JJWT,815_JJWT,43,Male,WT,Jejunum,SI,Luminal,Luminal_Jejunum,Luminal_SI,50
SLCFP078,-0.4146517298,-1.216568454,0.004000515554,SLCFP078,SLCFP078,CGCCACGTGTAT,20NOVA-03,G7,806rcbc366,NovaSeq_Jan_Twenty,JJWT,361_JJWT,20,Female,WT,Duodenum,SI,Luminal,Luminal_Duodenum,Luminal_SI,54
SLCFP070,-1.281339932,-0.6606848377,0.04533179348,SLCFP070,SLCFP070,TTGGTAAAGTGC,20NOVA-03,F11,806rcbc358,NovaSeq_Jan_Twenty,JJWT,329_JJWT,19,Female,WT,Ileum,SI,Luminal,Luminal_Ileum,Luminal_SI,60
LYZFP304,1.693489359,-1.516877273,0.05020618374,LYZFP304,LYZFP304,GCAACCGATTGT,20NOVA-10,G8,806rcbc367,NovaSeq_Jan_Twenty,LyzCre,9B_LyzCre,46,Male,Neg,Proximal_Colon,Colon,Luminal,Luminal_Proximal_Colon,Luminal_Colon,64
SLCFP067,-0.1584994326,0.4159936364,0.05369969483,SLCFP067,SLCFP067,GCTAGTTATGGA,20NOVA-03,F8,806rcbc355,NovaSeq_Jan_Twenty,JJWT,329_JJWT,19,Female,WT,Distal_Colon,Colon,Luminal,Luminal_Distal_Colon,Luminal_Colon,72
SLCFP023,-1.185467688,-0.4557352654,0.3361656854,SLCFP023,SLCFP023,CAGTCGTTAAGA,20NOVA-03,B11,806rcbc310,NovaSeq_Jan_Twenty,JJWT,313_JJWT,17,Male,WT,Jejunum,SI,Luminal,Luminal_Jejunum,Luminal_SI,78
SLCFP051,0.9892146735,0.08284703852,0.1502480355,SLCFP051,SLCFP051,AAGGGCGCTGAA,20NOVA-03,E3,806rcbc338,NovaSeq_Jan_Twenty,JJWT,304_JJWT,16,Male,WT,Cecum,Colon,Luminal,Luminal_Cecum,Luminal_Colon,85
LYZFP328,1.366685192,-1.766577124,0.08664800328,LYZFP328,LYZFP328,GGAGGAGCAATA,20NOVA-11,B12,806rcbc407,NovaSeq_Jan_Twenty,LyzCre,11B_LyzCre,3,Male,Neg,Proximal_Colon,Colon,Luminal,Luminal_Proximal_Colon,Luminal_Colon,96
LYZFP317,-0.2275064729,-2.466061685,-0.2378923046,LYZFP317,LYZFP317,TTCTCATGGAGG,20NOVA-10,H8,806rcbc379,NovaSeq_Jan_Twenty,LyzCre,10B_LyzCre,2,Female,Neg,Cecum,Colon,Luminal,Luminal_Cecum,Luminal_Colon,104
SLCFP022,-1.032140699,-0.3145497671,0.2687357409,SLCFP022,SLCFP022,CGCACTACGCAT,20NOVA-03,B10,806rcbc309,NovaSeq_Jan_Twenty,JJWT,313_JJWT,17,Male,WT,Ileum,SI,Luminal,Luminal_Ileum,Luminal_SI,106
LYZFP355,-0.4723548156,-1.720177856,0.1003322065,LYZFP355,LYZFP355,ATGGCCTGACTA,20NOVA-11,E5,806rcbc436,NovaSeq_Jan_Twenty,LyzCre,13B_LyzCre,6,Male,Neg,Jejunum,SI,Luminal,Luminal_Jejunum,Luminal_SI,123
LYZFP319,-0.4941218989,-2.586969425,-0.1656249025,LYZFP319,LYZFP319,CTAGGATCACTG,20NOVA-11,B5,806rcbc400,NovaSeq_Jan_Twenty,LyzCre,10B_LyzCre,2,Female,Neg,Jejunum,SI,Luminal,Luminal_Jejunum,Luminal_SI,126
SLCFP005,-1.233648707,-0.61281534,0.3085534776,SLCFP005,SLCFP005,ATTATCGTCCCT,20NOVA-03,A5,806rcbc292,NovaSeq_Jan_Twenty,JJWT,318_JJWT,18,Female,WT,Jejunum,SI,Luminal,Luminal_Jejunum,Luminal_SI,128
SLCFP024,-1.018078661,-0.4147973052,0.3176102129,SLCFP024,SLCFP024,CTACGAAAGCCT,20NOVA-03,B12,806rcbc311,NovaSeq_Jan_Twenty,JJWT,313_JJWT,17,Male,WT,Duodenum,SI,Luminal,Luminal_Duodenum,Luminal_SI,131
SLCFP093,0.4380810824,0.08469431552,0.1299908362,SLCFP093,SLCFP093,GCTATCAAGACA,20NOVA-03,H10,806rcbc381,NovaSeq_Jan_Twenty,JJWT,801_JJWT,41,Female,WT,Cecum,Colon,Luminal,Luminal_Cecum,Luminal_Colon,134
SLCFP053,-0.7021715899,-0.8265237175,-0.01079840727,SLCFP053,SLCFP053,AGGAACCAGACG,20NOVA-03,E5,806rcbc340,NovaSeq_Jan_Twenty,JJWT,304_JJWT,16,Male,WT,Jejunum,SI,Luminal,Luminal_Jejunum,Luminal_SI,144
LYZFP320,-0.5328971899,-1.545726039,0.1031471875,LYZFP320,LYZFP320,GATGACCCAAAT,20NOVA-11,B6,806rcbc401,NovaSeq_Jan_Twenty,LyzCre,10B_LyzCre,2,Female,Neg,Duodenum,SI,Luminal,Luminal_Duodenum,Luminal_SI,158
SLCFP091,0.5892611603,0.0138627152,0.0541704112,SLCFP091,SLCFP091,TTCTCATGGAGG,20NOVA-03,H8,806rcbc379,NovaSeq_Jan_Twenty,JJWT,801_JJWT,41,Female,WT,Distal_Colon,Colon,Luminal,Luminal_Distal_Colon,Luminal_Colon,165
LYZFP327,0.768172158,-1.537410258,-0.281692682,LYZFP327,LYZFP327,TGACCGGCTGTT,20NOVA-11,B11,806rcbc406,NovaSeq_Jan_Twenty,LyzCre,11B_LyzCre,3,Male,Neg,Distal_Colon,Colon,Luminal,Luminal_Distal_Colon,Luminal_Colon,170
SLCFP095,-1.085690351,-0.5725548209,0.3573212313,SLCFP095,SLCFP095,AATGCAATGCGT,20NOVA-02,D12,806rcbc527,NovaSeq_Jan_Twenty,JJWT,801_JJWT,41,Female,WT,Jejunum,SI,Luminal,Luminal_Jejunum,Luminal_SI,172
SLCFP077,-0.5978371473,-0.4084743113,0.2084483519,SLCFP077,SLCFP077,GCCAAGGATAGG,20NOVA-03,G6,806rcbc365,NovaSeq_Jan_Twenty,JJWT,361_JJWT,20,Female,WT,Jejunum,SI,Luminal,Luminal_Jejunum,Luminal_SI,190
LYZFP356,-0.3586202645,-2.068064232,-0.1987544679,LYZFP356,LYZFP356,ACGCACATACAA,20NOVA-11,E6,806rcbc437,NovaSeq_Jan_Twenty,LyzCre,13B_LyzCre,6,Male,Neg,Duodenum,SI,Luminal,Luminal_Duodenum,Luminal_SI,208
LYZFP354,-0.4252913994,-1.679064469,-0.1023706657,LYZFP354,LYZFP354,TGCTACAGACGT,20NOVA-11,E4,806rcbc435,NovaSeq_Jan_Twenty,LyzCre,13B_LyzCre,6,Male,Neg,Ileum,SI,Luminal,Luminal_Ileum,Luminal_SI,214
SLCFP112,-0.4299235451,-0.7059161502,0.1090840595,SLCFP112,SLCFP112,TCGCCTATAAGG,20NOVA-02,F5,806rcbc544,NovaSeq_Jan_Twenty,JJWT,811_JJWT,42,Male,WT,Ileum,SI,Luminal,Luminal_Ileum,Luminal_SI,224
SLCFP073,0.746672668,-0.7976956605,-0.0106452997,SLCFP073,SLCFP073,TCGATTGGCCGT,20NOVA-03,G2,806rcbc361,NovaSeq_Jan_Twenty,JJWT,361_JJWT,20,Female,WT,Distal_Colon,Colon,Luminal,Luminal_Distal_Colon,Luminal_Colon,225
SLCFP128,0.5374004147,-0.291016072,-0.03761027173,SLCFP128,SLCFP128,TACCTAGTGAGA,20NOVA-02,G9,806rcbc560,NovaSeq_Jan_Twenty,JJWT,815_JJWT,43,Male,WT,Proximal_Colon,Colon,Luminal,Luminal_Proximal_Colon,Luminal_Colon,229
SLCFP092,0.5586157803,0.2598439156,0.08223227772,SLCFP092,SLCFP092,CATAGTGATTGG,20NOVA-03,H9,806rcbc380,NovaSeq_Jan_Twenty,JJWT,801_JJWT,41,Female,WT,Proximal_Colon,Colon,Luminal,Luminal_Proximal_Colon,Luminal_Colon,234
LYZFP332,-0.4428363117,-0.9634106467,0.3054549462,LYZFP332,LYZFP332,GCTAGACACTAC,20NOVA-11,C4,806rcbc411,NovaSeq_Jan_Twenty,LyzCre,11B_LyzCre,3,Male,Neg,Duodenum,SI,Luminal,Luminal_Duodenum,Luminal_SI,236
SLCFP002,0.7082690493,-0.1693275421,0.01726238541,SLCFP002,SLCFP002,GATCATTCTCTC,20NOVA-03,A2,806rcbc289,NovaSeq_Jan_Twenty,JJWT,318_JJWT,18,Female,WT,Proximal_Colon,Colon,Luminal,Luminal_Proximal_Colon,Luminal_Colon,238
LYZFP306,-0.2160336944,-2.7521192,-0.1686598696,LYZFP306,LYZFP306,GTTCCTCCATTA,20NOVA-10,G10,806rcbc369,NovaSeq_Jan_Twenty,LyzCre,9B_LyzCre,46,Male,Neg,Ileum,SI,Luminal,Luminal_Ileum,Luminal_SI,239
SLCFP113,-0.7237000847,-0.5782437972,0.3635683182,SLCFP113,SLCFP113,AGTGGCACTATC,20NOVA-02,F6,806rcbc545,NovaSeq_Jan_Twenty,JJWT,811_JJWT,42,Male,WT,Jejunum,SI,Luminal,Luminal_Jejunum,Luminal_SI,242
SLCFP071,-1.018638436,-0.8149097008,-0.1129980499,SLCFP071,SLCFP071,AAGTGGCTATCC,20NOVA-03,F12,806rcbc359,NovaSeq_Jan_Twenty,JJWT,329_JJWT,19,Female,WT,Jejunum,SI,Luminal,Luminal_Jejunum,Luminal_SI,248
SLCFP004,-1.353208371,-0.3800422562,0.5531817657,SLCFP004,SLCFP004,GATCCTCATGCG,20NOVA-03,A4,806rcbc291,NovaSeq_Jan_Twenty,JJWT,318_JJWT,18,Female,WT,Ileum,SI,Luminal,Luminal_Ileum,Luminal_SI,261
SLCFP019a,0.3040293477,0.1313048967,-0.02048767583,SLCFP019a,SLCFP019a,GGCGATTTACGT,20NOVA-03,B7,806rcbc306,NovaSeq_Jan_Twenty,JJWT,313_JJWT,17,Male,WT,Distal_Colon,Colon,Luminal,Luminal_Distal_Colon,Luminal_Colon,275
LYZFP316,1.621479721,-1.677552568,-0.06535963895,LYZFP316,LYZFP316,ATGCTGCAACAC,20NOVA-10,H7,806rcbc378,NovaSeq_Jan_Twenty,LyzCre,10B_LyzCre,2,Female,Neg,Proximal_Colon,Colon,Luminal,Luminal_Proximal_Colon,Luminal_Colon,285
SLCFP075,0.8739370203,-0.2194760682,0.1932795468,SLCFP075,SLCFP075,TTGGGCCACATA,20NOVA-03,G4,806rcbc363,NovaSeq_Jan_Twenty,JJWT,361_JJWT,20,Female,WT,Cecum,Colon,Luminal,Luminal_Cecum,Luminal_Colon,290
SLCFP049,0.6943945056,-0.2652633586,0.01277763958,SLCFP049,SLCFP049,ATAGGCTGTAGT,20NOVA-03,E1,806rcbc336,NovaSeq_Jan_Twenty,JJWT,304_JJWT,16,Male,WT,Distal_Colon,Colon,Luminal,Luminal_Distal_Colon,Luminal_Colon,292
LYZFP339,1.485967543,-1.63230733,-0.1374218397,LYZFP339,LYZFP339,TAGTGTCGGATC,20NOVA-11,C11,806rcbc418,NovaSeq_Jan_Twenty,LyzCre,12B_LyzCre,5,Male,Neg,Distal_Colon,Colon,Luminal,Luminal_Distal_Colon,Luminal_Colon,298
SLCFP094,-0.01428974503,-0.1048496592,0.2883940224,SLCFP094,SLCFP094,TCTAGCCTGGCA,20NOVA-02,D11,806rcbc526,NovaSeq_Jan_Twenty,JJWT,801_JJWT,41,Female,WT,Ileum,SI,Luminal,Luminal_Ileum,Luminal_SI,301
LYZFP315,1.476449821,-1.647597001,-0.1590793728,LYZFP315,LYZFP315,TCTACGGCACGT,20NOVA-10,H6,806rcbc377,NovaSeq_Jan_Twenty,LyzCre,10B_LyzCre,2,Female,Neg,Distal_Colon,Colon,Luminal,Luminal_Distal_Colon,Luminal_Colon,309
SLCFP050,0.7254039208,0.08117725405,0.05885677767,SLCFP050,SLCFP050,TGTGTAGCCATG,20NOVA-03,E2,806rcbc337,NovaSeq_Jan_Twenty,JJWT,304_JJWT,16,Male,WT,Proximal_Colon,Colon,Luminal,Luminal_Proximal_Colon,Luminal_Colon,340
LYZFP352,1.593732329,-1.111499082,0.1613944055,LYZFP352,LYZFP352,TAATGGTCGTAG,20NOVA-11,E2,806rcbc433,NovaSeq_Jan_Twenty,LyzCre,13B_LyzCre,6,Male,Neg,Proximal_Colon,Colon,Luminal,Luminal_Proximal_Colon,Luminal_Colon,342
LYZFP305,-0.1501237154,-2.395991383,-0.1289543464,LYZFP305,LYZFP305,CATGTGCTTAGG,20NOVA-10,G9,806rcbc368,NovaSeq_Jan_Twenty,LyzCre,9B_LyzCre,46,Male,Neg,Cecum,Colon,Luminal,Luminal_Cecum,Luminal_Colon,353
SLCFP052,-0.8381446623,-0.6314440859,0.0382544553,SLCFP052,SLCFP052,GTTTCCGTGGTG,20NOVA-03,E4,806rcbc339,NovaSeq_Jan_Twenty,JJWT,304_JJWT,16,Male,WT,Ileum,SI,Luminal,Luminal_Ileum,Luminal_SI,368
SLCFP076,-0.7381281303,-0.6375464383,0.2439095594,SLCFP076,SLCFP076,CACACAAAGTCA,20NOVA-03,G5,806rcbc364,NovaSeq_Jan_Twenty,JJWT,361_JJWT,20,Female,WT,Ileum,SI,Luminal,Luminal_Ileum,Luminal_SI,373
LYZFP330,-0.7011550074,-2.273987531,-0.1304755685,LYZFP330,LYZFP330,CTTCCCTAACTC,20NOVA-11,C2,806rcbc409,NovaSeq_Jan_Twenty,LyzCre,11B_LyzCre,3,Male,Neg,Ileum,SI,Luminal,Luminal_Ileum,Luminal_SI,377
SLCFP127,0.1445686378,-0.7475830379,-0.01153436296,SLCFP127,SLCFP127,TTCCGAATCGGC,20NOVA-02,G8,806rcbc559,NovaSeq_Jan_Twenty,JJWT,815_JJWT,43,Male,WT,Distal_Colon,Colon,Luminal,Luminal_Distal_Colon,Luminal_Colon,382
LYZFP340,1.48723338,-1.48521503,0.04671581679,LYZFP340,LYZFP340,CTGAGCTCTGCA,20NOVA-11,C12,806rcbc419,NovaSeq_Jan_Twenty,LyzCre,12B_LyzCre,5,Male,Neg,Proximal_Colon,Colon,Luminal,Luminal_Proximal_Colon,Luminal_Colon,396
SLCFP129,0.5140299826,-0.5661458261,0.1493263449,SLCFP129,SLCFP129,CGTTCTGGTGGT,20NOVA-02,G10,806rcbc561,NovaSeq_Jan_Twenty,JJWT,815_JJWT,43,Male,WT,Cecum,Colon,Luminal,Luminal_Cecum,Luminal_Colon,404
LYZFP351,1.617448951,-1.103142894,0.0557436383,LYZFP351,LYZFP351,AACTCCTGTGGA,20NOVA-11,E1,806rcbc432,NovaSeq_Jan_Twenty,LyzCre,13B_LyzCre,6,Male,Neg,Distal_Colon,Colon,Luminal,Luminal_Distal_Colon,Luminal_Colon,418
SLCFP074,0.9847593831,-0.5149071016,0.04700655535,SLCFP074,SLCFP074,GCATTACTGGAC,20NOVA-03,G3,806rcbc362,NovaSeq_Jan_Twenty,JJWT,361_JJWT,20,Female,WT,Proximal_Colon,Colon,Luminal,Luminal_Proximal_Colon,Luminal_Colon,420
SLCFP054,-0.7626449233,-1.210174632,0.0589769691,SLCFP054,SLCFP054,TAATGCCCAGGT,20NOVA-03,E6,806rcbc341,NovaSeq_Jan_Twenty,JJWT,304_JJWT,16,Male,WT,Duodenum,SI,Luminal,Luminal_Duodenum,Luminal_SI,428
LYZFP303,1.304233654,-1.538381769,-0.2047764953,LYZFP303,LYZFP303,CGCCACGTGTAT,20NOVA-10,G7,806rcbc366,NovaSeq_Jan_Twenty,LyzCre,9B_LyzCre,46,Male,Neg,Distal_Colon,Colon,Luminal,Luminal_Distal_Colon,Luminal_Colon,430
SLCFP003,0.7170836018,5.83E-05,0.0680664912,SLCFP003,SLCFP003,AGACATACCGTA,20NOVA-03,A3,806rcbc290,NovaSeq_Jan_Twenty,JJWT,318_JJWT,18,Female,WT,Cecum,Colon,Luminal,Luminal_Cecum,Luminal_Colon,440
SLCFP068,-0.08231585332,0.1339892806,-0.008376288513,SLCFP068,SLCFP068,CAGATTAACCAG,20NOVA-03,F9,806rcbc356,NovaSeq_Jan_Twenty,JJWT,329_JJWT,19,Female,WT,Proximal_Colon,Colon,Luminal,Luminal_Proximal_Colon,Luminal_Colon,453
SLCFP114,-0.6953918245,-0.589238827,0.3912309652,SLCFP114,SLCFP114,TAACCCGATAGA,20NOVA-02,F7,806rcbc546,NovaSeq_Jan_Twenty,JJWT,811_JJWT,42,Male,WT,Duodenum,SI,Luminal,Luminal_Duodenum,Luminal_SI,472
SLCFP006,-1.257636409,-0.8358767425,0.2222441908,SLCFP006,SLCFP006,CCAGACCGCTAT,20NOVA-03,A6,806rcbc293,NovaSeq_Jan_Twenty,JJWT,318_JJWT,18,Female,WT,Duodenum,SI,Luminal,Luminal_Duodenum,Luminal_SI,477
LYZFP343,-0.4749023547,-1.896515591,-0.04288711184,LYZFP343,LYZFP343,GTCCGCAAGTTA,20NOVA-11,D3,806rcbc422,NovaSeq_Jan_Twenty,LyzCre,12B_LyzCre,5,Male,Neg,Jejunum,SI,Luminal,Luminal_Jejunum,Luminal_SI,481
SLCFP132,-0.4931716916,-1.579172899,0.05128471963,SLCFP132,SLCFP132,CAGGGCCTTTGT,20NOVA-02,H1,806rcbc564,NovaSeq_Jan_Twenty,JJWT,815_JJWT,43,Male,WT,Duodenum,SI,Luminal,Luminal_Duodenum,Luminal_SI,504
LYZFP344,-0.2809696453,-1.166447097,-0.002845868665,LYZFP344,LYZFP344,CGTAGAGCTCTC,20NOVA-11,D4,806rcbc423,NovaSeq_Jan_Twenty,LyzCre,12B_LyzCre,5,Male,Neg,Duodenum,SI,Luminal,Luminal_Duodenum,Luminal_SI,507
LYZFP342,-0.409611178,-1.255782081,0.2363708646,LYZFP342,LYZFP342,GTCATAAGAACC,20NOVA-11,D2,806rcbc421,NovaSeq_Jan_Twenty,LyzCre,12B_LyzCre,5,Male,Neg,Ileum,SI,Luminal,Luminal_Ileum,Luminal_SI,508
SLCFP096,-0.8447291266,0.2146872484,0.7739002938,SLCFP096,SLCFP096,CGAATGAGTCAT,20NOVA-02,E1,806rcbc528,NovaSeq_Jan_Twenty,JJWT,801_JJWT,41,Female,WT,Duodenum,SI,Luminal,Luminal_Duodenum,Luminal_SI,518
SLCFP001,0.386454522,0.03851894548,0.02377686078,SLCFP001,SLCFP001,TCTGAGGTTGCC,20NOVA-03,A1,806rcbc288,NovaSeq_Jan_Twenty,JJWT,318_JJWT,18,Female,WT,Distal_Colon,Colon,Luminal,Luminal_Distal_Colon,Luminal_Colon,520
SLCFP110,0.9261085548,0.2462010347,0.303415408,SLCFP110,SLCFP110,TGTGTTACTCCT,20NOVA-02,F3,806rcbc542,NovaSeq_Jan_Twenty,JJWT,811_JJWT,42,Male,WT,Proximal_Colon,Colon,Luminal,Luminal_Proximal_Colon,Luminal_Colon,524
LYZFP353,1.791396722,-1.010775998,0.2279468221,LYZFP353,LYZFP353,TTGCACCGTCGA,20NOVA-11,E3,806rcbc434,NovaSeq_Jan_Twenty,LyzCre,13B_LyzCre,6,Male,Neg,Cecum,Colon,Luminal,Luminal_Cecum,Luminal_Colon,533
SLCFP109,0.5038417146,0.4377501246,0.04365915013,SLCFP109,SLCFP109,CATAAGGGAGGC,20NOVA-02,F2,806rcbc541,NovaSeq_Jan_Twenty,JJWT,811_JJWT,42,Male,WT,Distal_Colon,Colon,Luminal,Luminal_Distal_Colon,Luminal_Colon,543
SLCFP020,0.2558631296,0.2745306577,-0.009341098815,SLCFP020,SLCFP020,TAAGGCATCGCT,20NOVA-03,B8,806rcbc307,NovaSeq_Jan_Twenty,JJWT,313_JJWT,17,Male,WT,Proximal_Colon,Colon,Luminal,Luminal_Proximal_Colon,Luminal_Colon,552
LYZFP318,1.459127372,-1.452398786,0.1132016635,LYZFP318,LYZFP318,CATAGTGATTGG,20NOVA-10,H9,806rcbc380,NovaSeq_Jan_Twenty,LyzCre,10B_LyzCre,2,Female,Neg,Ileum,SI,Luminal,Luminal_Ileum,Luminal_SI,558
LYZFP329,1.527663955,-2.057200107,0.3172025923,LYZFP329,LYZFP329,AGCGACGAAGAC,20NOVA-11,C1,806rcbc408,NovaSeq_Jan_Twenty,LyzCre,11B_LyzCre,3,Male,Neg,Cecum,Colon,Luminal,Luminal_Cecum,Luminal_Colon,564
LYZFP341,1.74848621,-1.390715937,0.07970629442,LYZFP341,LYZFP341,CTTCGACTTTCC,20NOVA-11,D1,806rcbc420,NovaSeq_Jan_Twenty,LyzCre,12B_LyzCre,5,Male,Neg,Cecum,Colon,Luminal,Luminal_Cecum,Luminal_Colon,565
SLCFP148,1.556864863,-0.1995744621,0.07074494007,SLCFP148,SLCFP148,CCGATGCCTTGA,Plate19,F4,806rcbc447,NovaSeq_Mar_Twenty,JJWT,1094_JJWT,23,Male,WT,Ileum,SI,Luminal,Luminal_Ileum,Luminal_SI,146
SLCFP164,0.6030395067,-0.9200084267,-0.1926293685,SLCFP164,SLCFP164,TACTCTCTTAGC,Plate19,G8,806rcbc463,NovaSeq_Mar_Twenty,JJWT,1088_JJWT,1,Male,WT,Proximal_Colon,Colon,Luminal,Luminal_Proximal_Colon,Luminal_Colon,174
SLCFP166,-1.516676849,-1.770902897,0.03451239466,SLCFP166,SLCFP166,CGAAGCATCTAC,Plate19,G10,806rcbc465,NovaSeq_Mar_Twenty,JJWT,1088_JJWT,1,Male,WT,Ileum,SI,Luminal,Luminal_Ileum,Luminal_SI,218
SLCFP163,0.4720048124,-1.087267035,-0.1918371928,SLCFP163,SLCFP163,ACAAGAACCTTG,Plate19,G7,806rcbc462,NovaSeq_Mar_Twenty,JJWT,1088_JJWT,1,Male,WT,Distal_Colon,Colon,Luminal,Luminal_Distal_Colon,Luminal_Colon,339
SLCFP150,1.422889709,-3.007925716,0.2744109221,SLCFP150,SLCFP150,TACGCAGCACTA,Plate19,F6,806rcbc449,NovaSeq_Mar_Twenty,JJWT,1094_JJWT,23,Male,WT,Duodenum,SI,Luminal,Luminal_Duodenum,Luminal_SI,400
SLCFP167,-1.426594324,-2.303085341,-0.07566229239,SLCFP167,SLCFP167,GTTTGGCCACAC,Plate19,G11,806rcbc466,NovaSeq_Mar_Twenty,JJWT,1088_JJWT,1,Male,WT,Jejunum,SI,Luminal,Luminal_Jejunum,Luminal_SI,405
SLCFP145,0.6428543141,-0.2343709717,-0.1168740236,SLCFP145,SLCFP145,CCACCCAGTAAC,Plate19,F1,806rcbc444,NovaSeq_Mar_Twenty,JJWT,1094_JJWT,23,Male,WT,Distal_Colon,Colon,Luminal,Luminal_Distal_Colon,Luminal_Colon,421
SLCFP165,0.4750230319,-1.035084218,-0.1125189339,SLCFP165,SLCFP165,AACTGTTCGCGC,Plate19,G9,806rcbc464,NovaSeq_Mar_Twenty,JJWT,1088_JJWT,1,Male,WT,Cecum,Colon,Luminal,Luminal_Cecum,Luminal_Colon,455
SLCFP146,1.037853011,-0.3528847512,-0.08179327824,SLCFP146,SLCFP146,ATATCGCGATGA,Plate19,F2,806rcbc445,NovaSeq_Mar_Twenty,JJWT,1094_JJWT,23,Male,WT,Proximal_Colon,Colon,Luminal,Luminal_Proximal_Colon,Luminal_Colon,517
SLCFP147,1.151052246,-0.4201958851,0.01255808658,SLCFP147,SLCFP147,CGCCGGTAATCT,Plate19,F3,806rcbc446,NovaSeq_Mar_Twenty,JJWT,1094_JJWT,23,Male,WT,Cecum,Colon,Luminal,Luminal_Cecum,Luminal_Colon,519
SLCFP149,-1.397748039,-2.184138486,0.06802944813,SLCFP149,SLCFP149,AGCAGGCACGAA,Plate19,F5,806rcbc448,NovaSeq_Mar_Twenty,JJWT,1094_JJWT,23,Male,WT,Jejunum,SI,Luminal,Luminal_Jejunum,Luminal_SI,561