SampleID,Plate,Well,Plate_Well,BarcodeSequence,SampleID,MouseID,Sex,DSS_Treatment,DSS_group,DOB,Colonization,Sacrifice,Genotype,Microbiota,Site,Site_General,Type,Subset ,Sequencing_Run,Description,Folder,ASV_Sample_Order
TL1A_FP_719,1,C3,1C3,AGTCGTGCACAT,719,326,Female,DSS,Group_8,40526,0,40724,WT,Humanized,Jejunum,SI,Luminal,Luminal_SI,2015_Sept,TL1A-FP-719-1C3,2015-Sept-Sixteen,1
TL1A_FP_761,1,F9,1F9,CCACAGATCGAT,761,337,Male,DSS,Group_9,40539,0,40731,WT,Humanized,Jejunum,SI,Luminal,Luminal_SI,2015_Sept,TL1A-FP-761-1F9,2015-Sept-Sixteen,2
TL1A_FP_574,4,D4,4D4,ACGGCGTTATGT,574,292,Female,DSS,Group_7,40415,40491,40612,WT,Humanized,Ileum,SI,Luminal,Luminal_SI,2015_Sept,TL1A-FP-574-4D4,2015-Sept-Eight,3
TL1A_DTT_741,4,H8,4H8,TTCTCATGGAGG,741,344,Male,DSS,Group_9,40539,0,40731,WT,Cedars_SPF,Cecum,Colon,Mucosal,Mucosal_Colon,2015_Sept,TL1A-DTT-741-4H8,2015-Sept-Sixteen,4
TL1A_FP_561,4,C3,4C3,AGGCACAGTAGG,561,287,Female,DSS,Group_7,40366,40491,40612,WT,Humanized,Cecum,Colon,Luminal,Luminal_Colon,2015_Sept,TL1A-FP-561-4C3,2015-Sept-Eight,5
TL1A_DTT_744,2,F12,2F12,CGCTACAACTCG,744,344,Male,DSS,Group_9,40539,0,40731,WT,Cedars_SPF,Duodenum,SI,Mucosal,Mucosal_SI,2015_Sept,TL1A-DTT-744-2F12,2015-Sept-Eight,6
TL1a_DTT_284,2,F8,2F8,CACCTTACCTTA,NA,234,Male,No,None,NA,NA,NA,WT,Cedars_SPF,Proximal_Colon,Colon,Mucosal,Mucosal_Colon,2014_Sept,TL1a-DTT-284,2014_Sept,7
TL1A_FP_720,1,C4,1C4,GTATCTGCGCGT,720,326,Female,DSS,Group_8,40526,0,40724,WT,Humanized,Duodenum,SI,Luminal,Luminal_SI,2015_Sept,TL1A-FP-720-1C4,2015-Sept-Sixteen,8
TL1A_DTT_642,1,H6,1H6,CTGCTATTCCTC,642,322,Male,No,None,40512,0,40696,WT,Humanized,Duodenum,SI,Mucosal,Mucosal_SI,2015_Sept,TL1A-DTT-642-1H6,2015-Sept-Eight,9
TL1a_DTT_173_Repeat,4,F3,4F3,CTCTGCCTAATT,NA,178,Female,No,None,NA,NA,NA,WT,Humanized,Jejunum,SI,Mucosal,Mucosal_SI,2014_Nov,TL1a-DTT-173-Repeat,2014-Nov-one,10
TL1A_DTT_576,1,F12,1F12,CGTAATTGCCGC,576,292,Female,DSS,Group_7,40415,40491,40612,WT,Humanized,Duodenum,SI,Mucosal,Mucosal_SI,2015_Sept,TL1A-DTT-576-1F12,2015-Sept-Eight,11
TL1A_DTT_802,3,C10,3C10,GTCGCCGTACAT,802,366,Male,DSS,Group_11,40604,0,40766,WT,Cedars_SPF,Ileum,SI,Mucosal,Mucosal_SI,2015_Sept,TL1A-DTT-802-3C10,2015-Sept-Eight,12
TL1a_DTT_131,1,E11,1E11,AGTTGAGGCATT,NA,167,Female,No,None,NA,NA,NA,WT,Cedars_SPF,Jejunum,SI,Mucosal,Mucosal_SI,2014_Sept,TL1a-DTT-131,2014_Sept,13
TL1A_FP_790,2,A2,2A2,TGTGCGATAACA,790,349,Female,DSS,Group_10,40557,0,40745,WT,Humanized,Ileum,SI,Luminal,Luminal_SI,2015_Sept,TL1A-FP-790-2A2,2015-Sept-Sixteen,14
TL1A_FP_641,4,E11,4E11,GCTGTGATTCGA,641,322,Male,No,None,40512,0,40696,WT,Humanized,Jejunum,SI,Luminal,Luminal_SI,2015_Sept,TL1A-FP-641-4E11,2015-Sept-Eight,15
TL1A_FP_642,4,E12,4E12,CTAGCTATGGAC,642,322,Male,No,None,40512,0,40696,WT,Humanized,Duodenum,SI,Luminal,Luminal_SI,2015_Sept,TL1A-FP-642-4E12,2015-Sept-Eight,16
TL1A_DTT_804,3,C12,3C12,CACCCGATGGTT,804,366,Male,DSS,Group_11,40604,0,40766,WT,Cedars_SPF,Duodenum,SI,Mucosal,Mucosal_SI,2015_Sept,TL1A-DTT-804-3C12,2015-Sept-Eight,17
TL1A_DTT_690,2,B6,2B6,TACTCGGGAACT,690,340,Male,No,None,40539,0,40703,WT,Humanized,Duodenum,SI,Mucosal,Mucosal_SI,2015_Sept,TL1A-DTT-690-2B6,2015-Sept-Eight,18
TL1A_FP_689,4,C9,4C9,GTACTGAAGATC,689,340,Male,No,None,40539,0,40703,WT,Humanized,Jejunum,SI,Luminal,Luminal_SI,2015_Sept,TL1A-FP-689-4C9,2015-Sept-Eight,19
TL1a_FP_162,3,H5,3H5,AACCGCATAAGT,NA,183,Male,No,None,NA,NA,NA,WT,Cedars_SPF,Duodenum,SI,Luminal,Luminal_SI,2014_Nov,TL1a-FP-162,2014-Nov-two,20
TL1A_DTT_720,2,D12,2D12,GTGTTAGATGTG,720,326,Female,DSS,Group_8,40526,0,40724,WT,Humanized,Duodenum,SI,Mucosal,Mucosal_SI,2015_Sept,TL1A-DTT-720-2D12,2015-Sept-Eight,21
TL1a_DTT_174_Repeat,4,F4,4F4,ATATGACCCAGC,NA,178,Female,No,None,NA,NA,NA,WT,Humanized,Duodenum,SI,Mucosal,Mucosal_SI,2014_Nov,TL1a-DTT-174-Repeat,2014-Nov-one,22
TL1A_DTT_673,2,A1,2A1,TACCGCTTCTTC,673,342,Male,No,None,40539,0,40703,WT,Cedars_SPF,Distal_Colon,Colon,Mucosal,Mucosal_Colon,2015_Sept,TL1A-DTT-673-2A1,2015-Sept-Eight,23
TL1A_FP_540,4,A6,4A6,CCAGACCGCTAT,540,279,Female,DSS,Group_6,40345,40491,40604,WT,Humanized,Duodenum,SI,Luminal,Luminal_SI,2015_Sept,TL1A-FP-540-4A6,2015-Sept-Eight,24
TL1A_FP_638,4,E8,4E8,CCACATTGGGTC,638,322,Male,No,None,40512,0,40696,WT,Humanized,Proximal_Colon,Colon,Luminal,Luminal_Colon,2015_Sept,TL1A-FP-638-4E8,2015-Sept-Eight,25
TL1A_FP_701,1,A9,1A9,ATCCTTTGGTTC,701,314,Female,DSS,Group_8,40476,0,40724,WT,Cedars_SPF,Jejunum,SI,Luminal,Luminal_SI,2015_Sept,TL1A-FP-701-1A9,2015-Sept-Sixteen,26
TL1a_FP_88,3,D11,3D11,AGACAGTAGGAG,NA,161,Male,No,None,NA,NA,NA,WT,Cedars_SPF,Ileum,SI,Luminal,Luminal_SI,2014_Nov,TL1a-FP-88,2014-Nov-two,27
TL1A_FP_551,4,B5,4B5,TCGTGGATAGCT,551,306,Male,DSS,Group_7,40450,40491,40612,WT,Cedars_SPF,Jejunum,SI,Luminal,Luminal_SI,2015_Sept,TL1A-FP-551-4B5,2015-Sept-Eight,28
TL1A_DTT_572,1,F8,1F8,GTGTTGTCGTGC,572,292,Female,DSS,Group_7,40415,40491,40612,WT,Humanized,Proximal_Colon,Colon,Mucosal,Mucosal_Colon,2015_Sept,TL1A-DTT-572-1F8,2015-Sept-Eight,29
TL1A_FP_514,3,G4,3G4,ACAGCTCAAACA,514,280,Female,DSS,Group_6,40345,40491,40604,WT,Cedars_SPF,Ileum,SI,Luminal,Luminal_SI,2015_Sept,TL1A-FP-514-3G4,2015-Sept-Eight,30
TL1A_FP_537,4,A3,4A3,AGACATACCGTA,537,279,Female,DSS,Group_6,40345,40491,40604,WT,Humanized,Cecum,Colon,Luminal,Luminal_Colon,2015_Sept,TL1A-FP-537-4A3,2015-Sept-Eight,31
TL1a_FP_140,3,G8,3G8,CATCATACGGGT,NA,172,Male,No,None,NA,NA,NA,WT,Humanized,Proximal_Colon,Colon,Luminal,Luminal_Colon,2014_Nov,TL1a-FP-140,2014-Nov-two,32
TL1A_FP_549,4,B3,4B3,TGTATCTTCACC,549,306,Male,DSS,Group_7,40450,40491,40612,WT,Cedars_SPF,Cecum,Colon,Luminal,Luminal_Colon,2015_Sept,TL1A-FP-549-4B3,2015-Sept-Eight,33
TL1A_FP_626,4,D8,4D8,GAGGACCAGCAA,626,324,Male,No,None,40512,0,40696,WT,Cedars_SPF,Proximal_Colon,Colon,Luminal,Luminal_Colon,2015_Sept,TL1A-FP-626-4D8,2015-Sept-Eight,34
TL1A_DTT_516,1,A12,1A12,AATTGTGTCGGA,516,280,Female,DSS,Group_6,40345,40491,40604,WT,Cedars_SPF,Duodenum,SI,Mucosal,Mucosal_SI,2015_Sept,TL1A-DTT-516-1A12,2015-Sept-Eight,35
TL1a_DTT_76_Repeat,4,C12,4C12,CTTCCAACTCAT,NA,143,Male,No,None,NA,NA,NA,WT,Humanized,Ileum,SI,Mucosal,Mucosal_SI,2014_Nov,TL1a-DTT-76-Repeat,2014-Nov-one,36
TL1A_FP_739,1,D11,1D11,TGTGAATTCGGA,739,344,Male,DSS,Group_9,40539,0,40731,WT,Cedars_SPF,Distal_Colon,Colon,Luminal,Luminal_Colon,2015_Sept,TL1A-FP-739-1D11,2015-Sept-Sixteen,37
TL1a_FP_230,4,C5,4C5,CTCTTCTGATCA,NA,223,Female,No,None,NA,NA,NA,WT,Cedars_SPF,Proximal_Colon,Colon,Luminal,Luminal_Colon,2014_Nov,TL1a-FP-230,2014-Nov-two,38
TL1a_FP_89,3,D12,3D12,GCCACGACTTAC,NA,161,Male,No,None,NA,NA,NA,WT,Cedars_SPF,Jejunum,SI,Luminal,Luminal_SI,2014_Nov,TL1a-FP-89,2014-Nov-two,39
TL1a_FP_207,4,B8,4B8,TAAGGCATCGCT,NA,213,Female,No,None,NA,NA,NA,WT,Humanized,Cecum,Colon,Luminal,Luminal_Colon,2014_Nov,TL1a-FP-207,2014-Nov-two,40
TL1A_DTT_513,1,A9,1A9,ATCCTTTGGTTC,513,280,Female,DSS,Group_6,40345,40491,40604,WT,Cedars_SPF,Cecum,Colon,Mucosal,Mucosal_Colon,2015_Sept,TL1A-DTT-513-1A9,2015-Sept-Eight,41
TL1a_DTT_78,1,B6,1B6,TAACGTGTGTGC,NA,143,Male,No,None,NA,NA,NA,WT,Humanized,Duodenum,SI,Mucosal,Mucosal_SI,2014_Sept,TL1a-DTT-78,2014_Sept,42
TL1a_DTT_231,2,C3,2C3,CATACCGTGAGT,NA,223,Female,No,None,NA,NA,NA,WT,Cedars_SPF,Cecum,Colon,Mucosal,Mucosal_Colon,2014_Sept,TL1a-DTT-231,2014_Sept,43
TL1A_FP_573,4,D3,4D3,TGTTAAGCAGCA,573,292,Female,DSS,Group_7,40415,40491,40612,WT,Humanized,Cecum,Colon,Luminal,Luminal_Colon,2015_Sept,TL1A-FP-573-4D3,2015-Sept-Eight,44
TL1A_DTT_716,2,D8,2D8,CGTGATCCGCTA,716,326,Female,DSS,Group_8,40526,0,40724,WT,Humanized,Proximal_Colon,Colon,Mucosal,Mucosal_Colon,2015_Sept,TL1A-DTT-716-2D8,2015-Sept-Eight,45
TL1a_FP_234,4,C9,4C9,GTACTGAAGATC,NA,223,Female,No,None,NA,NA,NA,WT,Cedars_SPF,Duodenum,SI,Luminal,Luminal_SI,2014_Nov,TL1a-FP-234,2014-Nov-two,46
TL1a_FP_205,3,A1,3A1,GTCGAATTTGCG,NA,213,Female,No,None,NA,NA,NA,WT,Humanized,Distal_Colon,Colon,Luminal,Luminal_Colon,2014_Sept,TL1a-FP-205,2014_Sept,47
TL1A_FP_640,4,E10,4E10,AAGTCACACACA,640,322,Male,No,None,40512,0,40696,WT,Humanized,Ileum,SI,Luminal,Luminal_SI,2015_Sept,TL1A-FP-640-4E10,2015-Sept-Eight,48
TL1A_FP_758,1,F6,1F6,ACTTCCAACTTC,758,337,Male,DSS,Group_9,40539,0,40731,WT,Humanized,Proximal_Colon,Colon,Luminal,Luminal_Colon,2015_Sept,TL1A-FP-758-1F6,2015-Sept-Sixteen,49
TL1a_FP_65,3,C4,3C4,TGGTTGGTTACG,NA,141,Male,No,None,NA,NA,NA,WT,Humanized,Jejunum,SI,Luminal,Luminal_SI,2014_Nov,TL1a-FP-65,2014-Nov-two,50
TL1A_FP_718,1,C2,1C2,CGAGCAATCCTA,718,326,Female,DSS,Group_8,40526,0,40724,WT,Humanized,Ileum,SI,Luminal,Luminal_SI,2015_Sept,TL1A-FP-718-1C2,2015-Sept-Sixteen,51
TL1a_FP_128,3,F10,3F10,GGTCTCCTACAG,NA,167,Female,No,None,NA,NA,NA,WT,Cedars_SPF,Proximal_Colon,Colon,Luminal,Luminal_Colon,2014_Nov,TL1a-FP-128,2014-Nov-two,52
TL1A_DTT_773,3,A5,3A5,CGCTCACAGAAT,773,350,Female,DSS,Group_10,40557,0,40745,WT,Cedars_SPF,Jejunum,SI,Mucosal,Mucosal_SI,2015_Sept,TL1A-DTT-773-3A5,2015-Sept-Eight,53
TL1A_DTT_812,3,D8,3D8,AGGTGAGTTCTA,812,360,Male,DSS,Group_11,40583,0,40766,WT,Humanized,Proximal_Colon,Colon,Mucosal,Mucosal_Colon,2015_Sept,TL1A-DTT-812-3D8,2015-Sept-Eight,54
TL1A_DTT_527,1,B11,1B11,CAAACAACAGCT,527,284,Female,DSS,Group_6,40366,40491,40604,WT,Cedars_SPF,Jejunum,SI,Mucosal,Mucosal_SI,2015_Sept,TL1A-DTT-527-1B11,2015-Sept-Eight,55
TL1A_FP_733,1,D5,1D5,GAACACTTTGGA,733,335,Female,DSS,Group_9,40539,0,40731,WT,Cedars_SPF,Distal_Colon,Colon,Luminal,Luminal_Colon,2015_Sept,TL1A-FP-733-1D5,2015-Sept-Sixteen,56
TL1a_FP_64,3,C3,3C3,GGATAGCCAAGG,NA,141,Male,No,None,NA,NA,NA,WT,Humanized,Ileum,SI,Luminal,Luminal_SI,2014_Nov,TL1a-FP-64,2014-Nov-two,57
TL1a_DTT_172_Re_extracted,4,G8,4G8,GCAACCGATTGT,NA,178,Female,No,None,NA,NA,NA,WT,Humanized,Ileum,SI,Mucosal,Mucosal_SI,2014_Nov,TL1a-DTT-172-Re-extracted,2014-Nov-two,58
TL1A_DTT_552,1,D12,1D12,CATTCGTGGCGT,552,306,Male,DSS,Group_7,40450,40491,40612,WT,Cedars_SPF,Duodenum,SI,Mucosal,Mucosal_SI,2015_Sept,TL1A-DTT-552-1D12,2015-Sept-Eight,59
TL1A_DTT_822,3,E6,3E6,TATCACCGGCAC,822,375,Male,DSS,Group_11,40617,0,40766,WT,Humanized,Duodenum,SI,Mucosal,Mucosal_SI,2015_Sept,TL1A-DTT-822-3E6,2015-Sept-Eight,60
TL1A_DTT_770,3,A2,3A2,GCATCAGAGTTA,770,350,Female,DSS,Group_10,40557,0,40745,WT,Cedars_SPF,Proximal_Colon,Colon,Mucosal,Mucosal_Colon,2015_Sept,TL1A-DTT-770-3A2,2015-Sept-Eight,61
TL1A_DTT_675,2,A3,2A3,GATTATCGACGA,675,342,Male,No,None,40539,0,40703,WT,Cedars_SPF,Cecum,Colon,Mucosal,Mucosal_Colon,2015_Sept,TL1A-DTT-675-2A3,2015-Sept-Eight,62
TL1A_FP_814,2,C2,2C2,GCAATTAGGTAC,814,360,Male,DSS,Group_11,40583,0,40766,WT,Humanized,Ileum,SI,Luminal,Luminal_SI,2015_Sept,TL1A-FP-814-2C2,2015-Sept-Sixteen,63
TL1a_FP_209,4,B10,4B10,CGCACTACGCAT,NA,213,Female,No,None,NA,NA,NA,WT,Humanized,Jejunum,SI,Luminal,Luminal_SI,2014_Nov,TL1a-FP-209,2014-Nov-two,64
TL1A_FP_629,4,D11,4D11,CTGTGTCCATGG,629,324,Male,No,None,40512,0,40696,WT,Cedars_SPF,Jejunum,SI,Luminal,Luminal_SI,2015_Sept,TL1A-FP-629-4D11,2015-Sept-Eight,65
TL1a_DTT_268_Repeat,4,G9,4G9,CATGTGCTTAGG,NA,251,Male,No,None,NA,NA,NA,WT,Cedars_SPF,Ileum,SI,Mucosal,Mucosal_SI,2014_Nov,TL1a-DTT-268-Repeat,2014-Nov-one,66
TL1a_FP_85,2,G11,2G11,CGGGTGTTTGCT,NA,161,Male,No,None,NA,NA,NA,WT,Cedars_SPF,Distal_Colon,Colon,Luminal,Luminal_Colon,2014_Sept,TL1a-FP-85,2014_Sept,67
TL1a_DTT_267,2,E3,2E3,AGAGTCTTGCCA,NA,251,Male,No,None,NA,NA,NA,WT,Cedars_SPF,Cecum,Colon,Mucosal,Mucosal_Colon,2014_Sept,TL1a-DTT-267,2014_Sept,68
TL1A_FP_527,3,H5,3H5,AACCGCATAAGT,527,284,Female,DSS,Group_6,40366,40491,40604,WT,Cedars_SPF,Jejunum,SI,Luminal,Luminal_SI,2015_Sept,TL1A-FP-527-3H5,2015-Sept-Eight,69
TL1A_FP_815,2,C3,2C3,CATACCGTGAGT,815,360,Male,DSS,Group_11,40583,0,40766,WT,Humanized,Jejunum,SI,Luminal,Luminal_SI,2015_Sept,TL1A-FP-815-2C3,2015-Sept-Sixteen,70
TL1a_DTT_139,1,F7,1F7,CTCACCTAGGAA,NA,172,Male,No,None,NA,NA,NA,WT,Humanized,Distal_Colon,Colon,Mucosal,Mucosal_Colon,2014_Sept,TL1a-DTT-139,2014_Sept,71
TL1A_DTT_563,1,E11,1E11,AGTTGAGGCATT,563,287,Female,DSS,Group_7,40366,40491,40612,WT,Humanized,Jejunum,SI,Mucosal,Mucosal_SI,2015_Sept,TL1A-DTT-563-1E11,2015-Sept-Eight,72
TL1a_FP_129,3,F11,3F11,ACTGACTTAAGG,NA,167,Female,No,None,NA,NA,NA,WT,Cedars_SPF,Cecum,Colon,Luminal,Luminal_Colon,2014_Nov,TL1a-FP-129,2014-Nov-two,73
TL1A_DTT_626,1,G2,1G2,ATGGGTTCCGTC,626,324,Male,No,None,40512,0,40696,WT,Cedars_SPF,Proximal_Colon,Colon,Mucosal,Mucosal_Colon,2015_Sept,TL1A-DTT-626-1G2,2015-Sept-Eight,74
TL1a_DTT_171,1,H3,1H3,GTTGTTCTGGGA,NA,178,Female,No,None,NA,NA,NA,WT,Humanized,Cecum,Colon,Mucosal,Mucosal_Colon,2014_Sept,TL1a-DTT-171,2014_Sept,75
TL1A_FP_713,1,B9,1B9,GATCTGCGATCC,713,310,Male,DSS,Group_8,40464,0,40724,WT,Humanized,Jejunum,SI,Luminal,Luminal_SI,2015_Sept,TL1A-FP-713-1B9,2015-Sept-Sixteen,76
TL1A_DTT_700,2,C4,2C4,ATGTGTGTAGAC,700,314,Female,DSS,Group_8,40476,0,40724,WT,Cedars_SPF,Ileum,SI,Mucosal,Mucosal_SI,2015_Sept,TL1A-DTT-700-2C4,2015-Sept-Eight,77
TL1A_DTT_803,3,C11,3C11,GGAATCCGATTA,803,366,Male,DSS,Group_11,40604,0,40766,WT,Cedars_SPF,Jejunum,SI,Mucosal,Mucosal_SI,2015_Sept,TL1A-DTT-803-3C11,2015-Sept-Eight,78
TL1a_FP_206,4,B7,4B7,GGCGATTTACGT,NA,213,Female,No,None,NA,NA,NA,WT,Humanized,Proximal_Colon,Colon,Luminal,Luminal_Colon,2014_Nov,TL1a-FP-206,2014-Nov-two,79
TL1a_DTT_143,1,F11,1F11,GATTCCGGCTCA,NA,172,Male,No,None,NA,NA,NA,WT,Humanized,Jejunum,SI,Mucosal,Mucosal_SI,2014_Sept,TL1a-DTT-143,2014_Sept,80
TL1a_FP_287,4,F7,4F7,TTATGGTACGGA,NA,234,Male,No,None,NA,NA,NA,WT,Cedars_SPF,Jejunum,SI,Luminal,Luminal_SI,2014_Nov,TL1a-FP-287,2014-Nov-two,81
TL1a_FP_242,4,D3,4D3,TGTTAAGCAGCA,NA,226,Female,No,None,NA,NA,NA,WT,Humanized,Proximal_Colon,Colon,Luminal,Luminal_Colon,2014_Nov,TL1a-FP-242,2014-Nov-two,82
TL1A_DTT_629,1,G5,1G5,ATTCTGCCGAAG,629,324,Male,No,None,40512,0,40696,WT,Cedars_SPF,Jejunum,SI,Mucosal,Mucosal_SI,2015_Sept,TL1A-DTT-629-1G5,2015-Sept-Eight,83
TL1a_FP_86,3,D9,3D9,CCTGTCCTATCT,NA,161,Male,No,None,NA,NA,NA,WT,Cedars_SPF,Proximal_Colon,Colon,Luminal,Luminal_Colon,2014_Nov,TL1a-FP-86,2014-Nov-two,84
TL1A_FP_799,2,A11,2A11,TCTTGGAGGTCA,799,366,Male,DSS,Group_11,40604,0,40766,WT,Cedars_SPF,Distal_Colon,Colon,Luminal,Luminal_Colon,2015_Sept,TL1A-FP-799-2A11,2015-Sept-Sixteen,85
TL1a_FP_77,3,D2,3D2,ATCCCTACGGAA,NA,143,Male,No,None,NA,NA,NA,WT,Humanized,Jejunum,SI,Luminal,Luminal_SI,2014_Nov,TL1a-FP-77,2014-Nov-two,86
TL1a_FP_245,4,D6,4D6,CAAAGCGGTATT,NA,226,Female,No,None,NA,NA,NA,WT,Humanized,Jejunum,SI,Luminal,Luminal_SI,2014_Nov,TL1a-FP-245,2014-Nov-two,87
TL1a_FP_198,4,B1,4B1,TCCAACTGCAGA,NA,217,Female,No,None,NA,NA,NA,WT,Cedars_SPF,Duodenum,SI,Luminal,Luminal_SI,2014_Nov,TL1a-FP-198,2014-Nov-two,88
TL1A_FP_759,1,F7,1F7,CTCACCTAGGAA,759,337,Male,DSS,Group_9,40539,0,40731,WT,Humanized,Cecum,Colon,Luminal,Luminal_Colon,2015_Sept,TL1A-FP-759-1F7,2015-Sept-Sixteen,89
TL1a_FP_161,3,H4,3H4,GCGTTGCAAACT,NA,183,Male,No,None,NA,NA,NA,WT,Cedars_SPF,Jejunum,SI,Luminal,Luminal_SI,2014_Nov,TL1a-FP-161,2014-Nov-two,90
TL1a_FP_266,4,E1,4E1,ATAGGCTGTAGT,NA,251,Male,No,None,NA,NA,NA,WT,Cedars_SPF,Proximal_Colon,Colon,Luminal,Luminal_Colon,2014_Nov,TL1a-FP-266,2014-Nov-two,91
TL1a_FP_127,2,H4,2H4,CTGTCAGTGACC,NA,167,Female,No,None,NA,NA,NA,WT,Cedars_SPF,Distal_Colon,Colon,Luminal,Luminal_Colon,2014_Sept,TL1a-FP-127,2014_Sept,92
TL1A_FP_744,1,E4,1E4,CTATCTCCTGTC,744,344,Male,DSS,Group_9,40539,0,40731,WT,Cedars_SPF,Duodenum,SI,Luminal,Luminal_SI,2015_Sept,TL1A-FP-744-1E4,2015-Sept-Sixteen,93
TL1A_DTT_757,2,H1,2H1,GTGCAACCAATC,757,337,Male,DSS,Group_9,40539,0,40731,WT,Humanized,Distal_Colon,Colon,Mucosal,Mucosal_Colon,2015_Sept,TL1A-DTT-757-2H1,2015-Sept-Eight,94
TL1a_FP_76,3,D1,3D1,TTCTGAGAGGTA,NA,143,Male,No,None,NA,NA,NA,WT,Humanized,Ileum,SI,Luminal,Luminal_SI,2014_Nov,TL1a-FP-76,2014-Nov-two,95
TL1A_FP_676,4,F10,4F10,GGCTGCATACTC,676,342,Male,No,None,40539,0,40703,WT,Cedars_SPF,Ileum,SI,Luminal,Luminal_SI,2015_Sept,TL1A-FP-676-4F10,2015-Sept-Eight,96
TL1A_FP_818,2,C6,2C6,TTCTCTCGACAT,818,375,Male,DSS,Group_11,40617,0,40766,WT,Humanized,Proximal_Colon,Colon,Luminal,Luminal_Colon,2015_Sept,TL1A-FP-818-2C6,2015-Sept-Sixteen,97
TL1a_FP_73,2,G9,2G9,TAATCGGTGCCA,NA,143,Male,No,None,NA,NA,NA,WT,Humanized,Distal_Colon,Colon,Luminal,Luminal_Colon,2014_Sept,TL1a-FP-73,2014_Sept,98
TL1A_FP_760,1,F8,1F8,GTGTTGTCGTGC,760,337,Male,DSS,Group_9,40539,0,40731,WT,Humanized,Ileum,SI,Luminal,Luminal_SI,2015_Sept,TL1A-FP-760-1F8,2015-Sept-Sixteen,99
TL1A_DTT_514,1,A10,1A10,TACAGCGCATAC,514,280,Female,DSS,Group_6,40345,40491,40604,WT,Cedars_SPF,Ileum,SI,Mucosal,Mucosal_SI,2015_Sept,TL1A-DTT-514-1A10,2015-Sept-Eight,100
TL1a_FP_102,3,E11,3E11,AGCTGCACCTAA,NA,163,Male,No,None,NA,NA,NA,WT,Humanized,Duodenum,SI,Luminal,Luminal_SI,2014_Nov,TL1a-FP-102,2014-Nov-two,101
TL1A_DTT_734,2,F2,2F2,GTTATCGCATGG,734,335,Female,DSS,Group_9,40539,0,40731,WT,Cedars_SPF,Proximal_Colon,Colon,Mucosal,Mucosal_Colon,2015_Sept,TL1A-DTT-734-2F2,2015-Sept-Eight,102
TL1A_FP_698,1,A6,1A6,ATCGCACAGTAA,698,314,Female,DSS,Group_8,40476,0,40724,WT,Cedars_SPF,Proximal_Colon,Colon,Luminal,Luminal_Colon,2015_Sept,TL1A-FP-698-1A6,2015-Sept-Sixteen,103
TL1a_DTT_169_Re_extracted,4,G6,4G6,GCCAAGGATAGG,NA,178,Female,No,None,NA,NA,NA,WT,Humanized,Distal_Colon,Colon,Mucosal,Mucosal_Colon,2014_Nov,TL1a-DTT-169-Re-extracted,2014-Nov-two,104
TL1a_FP_197,4,A12,4A12,CGCCATTGTGCA,NA,217,Female,No,None,NA,NA,NA,WT,Cedars_SPF,Jejunum,SI,Luminal,Luminal_SI,2014_Nov,TL1a-FP-197,2014-Nov-two,105
TL1A_FP_820,2,C8,2C8,GTTAAGCTGACC,820,375,Male,DSS,Group_11,40617,0,40766,WT,Humanized,Ileum,SI,Luminal,Luminal_SI,2015_Sept,TL1A-FP-820-2C8,2015-Sept-Sixteen,106
TL1A_FP_576,4,D6,4D6,CAAAGCGGTATT,576,292,Female,DSS,Group_7,40415,40491,40612,WT,Humanized,Duodenum,SI,Luminal,Luminal_SI,2015_Sept,TL1A-FP-576-4D6,2015-Sept-Eight,107
TL1a_DTT_209,2,B5,2B5,GAGAGCAACAGA,NA,213,Female,No,None,NA,NA,NA,WT,Humanized,Jejunum,SI,Mucosal,Mucosal_SI,2014_Sept,TL1a-DTT-209,2014_Sept,108
TL1A_FP_697,1,A5,1A5,TGGTCAACGATA,697,314,Female,DSS,Group_8,40476,0,40724,WT,Cedars_SPF,Distal_Colon,Colon,Luminal,Luminal_Colon,2015_Sept,TL1A-FP-697-1A5,2015-Sept-Sixteen,109
TL1A_FP_822,2,C10,2C10,GACATTGTCACG,822,375,Male,DSS,Group_11,40617,0,40766,WT,Humanized,Duodenum,SI,Luminal,Luminal_SI,2015_Sept,TL1A-FP-822-2C10,2015-Sept-Sixteen,110
TL1a_FP_159,3,H2,3H2,CTGGGTATCTCG,NA,183,Male,No,None,NA,NA,NA,WT,Cedars_SPF,Cecum,Colon,Luminal,Luminal_Colon,2014_Nov,TL1a-FP-159,2014-Nov-two,111
TL1A_DTT_677,2,A5,2A5,GATGTATGTGGT,677,342,Male,No,None,40539,0,40703,WT,Cedars_SPF,Jejunum,SI,Mucosal,Mucosal_SI,2015_Sept,TL1A-DTT-677-2A5,2015-Sept-Eight,112
TL1A_DTT_676,2,A4,2A4,GCCTAGCCCAAT,676,342,Male,No,None,40539,0,40703,WT,Cedars_SPF,Ileum,SI,Mucosal,Mucosal_SI,2015_Sept,TL1A-DTT-676-2A4,2015-Sept-Eight,113
TL1A_DTT_550,1,D10,1D10,TCGGAATTAGAC,550,306,Male,DSS,Group_7,40450,40491,40612,WT,Cedars_SPF,Ileum,SI,Mucosal,Mucosal_SI,2015_Sept,TL1A-DTT-550-1D10,2015-Sept-Eight,114
TL1A_DTT_564,1,E12,1E12,ACAATAGACACC,564,287,Female,DSS,Group_7,40366,40491,40612,WT,Humanized,Duodenum,SI,Mucosal,Mucosal_SI,2015_Sept,TL1A-DTT-564-1E12,2015-Sept-Eight,115
TL1a_DTT_160,1,G4,1G4,AACTAGTTCAGG,NA,183,Male,No,None,NA,NA,NA,WT,Cedars_SPF,Ileum,SI,Mucosal,Mucosal_SI,2014_Sept,TL1a-DTT-160,2014_Sept,116
TL1A_DTT_815,3,D11,3D11,AGACAGTAGGAG,815,360,Male,DSS,Group_11,40583,0,40766,WT,Humanized,Jejunum,SI,Mucosal,Mucosal_SI,2015_Sept,TL1A-DTT-815-3D11,2015-Sept-Eight,117
TL1A_DTT_561,1,E9,1E9,CATCCCTCTACT,561,287,Female,DSS,Group_7,40366,40491,40612,WT,Humanized,Cecum,Colon,Mucosal,Mucosal_Colon,2015_Sept,TL1A-DTT-561-1E9,2015-Sept-Eight,118
TL1A_FP_677,4,F11,4F11,TTGGTAAAGTGC,677,342,Male,No,None,40539,0,40703,WT,Cedars_SPF,Jejunum,SI,Luminal,Luminal_SI,2015_Sept,TL1A-FP-677-4F11,2015-Sept-Eight,119
TL1a_FP_132,3,G2,3G2,ATTAAGCCTGGA,NA,167,Female,No,None,NA,NA,NA,WT,Cedars_SPF,Duodenum,SI,Luminal,Luminal_SI,2014_Nov,TL1a-FP-132,2014-Nov-two,120
TL1A_DTT_736,2,F4,2F4,GTAAATTCAGGC,736,335,Female,DSS,Group_9,40539,0,40731,WT,Cedars_SPF,Ileum,SI,Mucosal,Mucosal_SI,2015_Sept,TL1A-DTT-736-2F4,2015-Sept-Eight,121
TL1a_FP_98,3,E7,3E7,TATGCCAGAGAT,NA,163,Male,No,None,NA,NA,NA,WT,Humanized,Proximal_Colon,Colon,Luminal,Luminal_Colon,2014_Nov,TL1a-FP-98,2014-Nov-two,122
TL1A_FP_770,1,G6,1G6,AGCATGTCCCGT,770,350,Female,DSS,Group_10,40557,0,40745,WT,Cedars_SPF,Proximal_Colon,Colon,Luminal,Luminal_Colon,2015_Sept,TL1A-FP-770-1G6,2015-Sept-Sixteen,123
TL1a_FP_75,3,C12,3C12,CACCCGATGGTT,NA,143,Male,No,None,NA,NA,NA,WT,Humanized,Cecum,Colon,Luminal,Luminal_Colon,2014_Nov,TL1a-FP-75,2014-Nov-two,124
TL1a_FP_130,3,F12,3F12,GATGCTGCCGTT,NA,167,Female,No,None,NA,NA,NA,WT,Cedars_SPF,Ileum,SI,Luminal,Luminal_SI,2014_Nov,TL1a-FP-130,2014-Nov-two,125
TL1A_DTT_539,1,C11,1C11,TTGCGTTAGCAG,539,279,Female,DSS,Group_6,40345,40491,40604,WT,Humanized,Jejunum,SI,Mucosal,Mucosal_SI,2015_Sept,TL1A-DTT-539-1C11,2015-Sept-Eight,126
TL1a_DTT_234,2,C6,2C6,TTCTCTCGACAT,NA,223,Female,No,None,NA,NA,NA,WT,Cedars_SPF,Duodenum,SI,Mucosal,Mucosal_SI,2014_Sept,TL1a-DTT-234,2014_Sept,127
TL1a_FP_173,4,A2,4A2,GATCATTCTCTC,NA,178,Female,No,None,NA,NA,NA,WT,Humanized,Jejunum,SI,Luminal,Luminal_SI,2014_Nov,TL1a-FP-173,2014-Nov-two,128
TL1A_FP_685,1,F5,1F5,TCTCTACCACTC,685,340,Male,No,None,40539,0,40703,WT,Humanized,Distal_Colon,Colon,Luminal,Luminal_Colon,2015_Sept,TL1A-FP-685-1F5,2015-Sept-Eight,129
TL1a_DTT_74,1,B2,1B2,AGTCGAACGAGG,NA,143,Male,No,None,NA,NA,NA,WT,Humanized,Proximal_Colon,Colon,Mucosal,Mucosal_Colon,2014_Sept,TL1a-DTT-74,2014_Sept,130
TL1A_DTT_769,3,A1,3A1,GTCGAATTTGCG,769,350,Female,DSS,Group_10,40557,0,40745,WT,Cedars_SPF,Distal_Colon,Colon,Mucosal,Mucosal_Colon,2015_Sept,TL1A-DTT-769-3A1,2015-Sept-Eight,131
TL1a_DTT_158,1,G2,1G2,ATGGGTTCCGTC,NA,183,Male,No,None,NA,NA,NA,WT,Cedars_SPF,Proximal_Colon,Colon,Mucosal,Mucosal_Colon,2014_Sept,TL1a-DTT-158,2014_Sept,132
TL1A_DTT_821,3,E5,3E5,GAGACGTGTTCT,821,375,Male,DSS,Group_11,40617,0,40766,WT,Humanized,Jejunum,SI,Mucosal,Mucosal_SI,2015_Sept,TL1A-DTT-821-3E5,2015-Sept-Eight,133
TL1A_DTT_698,2,C2,2C2,GCAATTAGGTAC,698,314,Female,DSS,Group_8,40476,0,40724,WT,Cedars_SPF,Proximal_Colon,Colon,Mucosal,Mucosal_Colon,2015_Sept,TL1A-DTT-698-2C2,2015-Sept-Eight,134
TL1A_FP_525,3,H3,3H3,GACTACCCGTTG,525,284,Female,DSS,Group_6,40366,40491,40604,WT,Cedars_SPF,Cecum,Colon,Luminal,Luminal_Colon,2015_Sept,TL1A-FP-525-3H3,2015-Sept-Eight,135
TL1A_DTT_523,1,B7,1B7,CATTATGGCGTG,523,284,Female,DSS,Group_6,40366,40491,40604,WT,Cedars_SPF,Distal_Colon,Colon,Mucosal,Mucosal_Colon,2015_Sept,TL1A-DTT-523-1B7,2015-Sept-Eight,136
TL1a_DTT_269_Repeat,4,G10,4G10,GTTCCTCCATTA,NA,251,Male,No,None,NA,NA,NA,WT,Cedars_SPF,Jejunum,SI,Mucosal,Mucosal_SI,2014_Nov,TL1a-DTT-269-Repeat,2014-Nov-one,137
TL1a_DTT_161_Repeat,4,E10,4E10,AAGTCACACACA,NA,183,Male,No,None,NA,NA,NA,WT,Cedars_SPF,Jejunum,SI,Mucosal,Mucosal_SI,2014_Nov,TL1a-DTT-161-Repeat,2014-Nov-one,138
TL1A_DTT_717,4,H7,4H7,ATGCTGCAACAC,717,326,Female,DSS,Group_8,40526,0,40724,WT,Humanized,Cecum,Colon,Mucosal,Mucosal_Colon,2015_Sept,TL1A-DTT-717-4H7,2015-Sept-Sixteen,139
TL1A_FP_712,1,B8,1B8,CCAATACGCCTG,712,310,Male,DSS,Group_8,40464,0,40724,WT,Humanized,Ileum,SI,Luminal,Luminal_SI,2015_Sept,TL1A-FP-712-1B8,2015-Sept-Sixteen,140
TL1a_FP_193,2,H11,2H11,CGGATCTAGTGT,NA,217,Female,No,None,NA,NA,NA,WT,Cedars_SPF,Distal_Colon,Colon,Luminal,Luminal_Colon,2014_Sept,TL1a-FP-193,2014_Sept,141
TL1a_FP_139,2,H6,2H6,GGTTCGGTCCAT,NA,172,Male,No,None,NA,NA,NA,WT,Humanized,Distal_Colon,Colon,Luminal,Luminal_Colon,2014_Sept,TL1a-FP-139,2014_Sept,142
TL1a_FP_90,3,E1,3E1,ATTGTTCCTACC,NA,161,Male,No,None,NA,NA,NA,WT,Cedars_SPF,Duodenum,SI,Luminal,Luminal_SI,2014_Nov,TL1a-FP-90,2014-Nov-two,143
TL1a_DTT_141,1,F9,1F9,CCACAGATCGAT,NA,172,Male,No,None,NA,NA,NA,WT,Humanized,Cecum,Colon,Mucosal,Mucosal_Colon,2014_Sept,TL1a-DTT-141,2014_Sept,144
TL1A_DTT_699,2,C3,2C3,CATACCGTGAGT,699,314,Female,DSS,Group_8,40476,0,40724,WT,Cedars_SPF,Cecum,Colon,Mucosal,Mucosal_Colon,2015_Sept,TL1A-DTT-699-2C3,2015-Sept-Eight,145
TL1A_DTT_738,2,F6,2F6,ACACGCGGTTTA,738,335,Female,DSS,Group_9,40539,0,40731,WT,Cedars_SPF,Duodenum,SI,Mucosal,Mucosal_SI,2015_Sept,TL1A-DTT-738-2F6,2015-Sept-Eight,146
TL1A_FP_515,3,G5,3G5,GAGCGTATCCAT,515,280,Female,DSS,Group_6,40345,40491,40604,WT,Cedars_SPF,Jejunum,SI,Luminal,Luminal_SI,2015_Sept,TL1A-FP-515-3G5,2015-Sept-Eight,147
TL1a_DTT_210,2,B6,2B6,TACTCGGGAACT,NA,213,Female,No,None,NA,NA,NA,WT,Humanized,Duodenum,SI,Mucosal,Mucosal_SI,2014_Sept,TL1a-DTT-210,2014_Sept,148
TL1A_FP_686,1,F6,1F6,ACTTCCAACTTC,686,340,Male,No,None,40539,0,40703,WT,Humanized,Proximal_Colon,Colon,Luminal,Luminal_Colon,2015_Sept,TL1A-FP-686-1F6,2015-Sept-Eight,149
TL1A_FP_674,4,F8,4F8,GCTAGTTATGGA,674,342,Male,No,None,40539,0,40703,WT,Cedars_SPF,Proximal_Colon,Colon,Luminal,Luminal_Colon,2015_Sept,TL1A-FP-674-4F8,2015-Sept-Eight,150
TL1A_FP_678,4,F12,4F12,AAGTGGCTATCC,678,342,Male,No,None,40539,0,40703,WT,Cedars_SPF,Duodenum,SI,Luminal,Luminal_SI,2015_Sept,TL1A-FP-678-4F12,2015-Sept-Eight,151
TL1a_FP_265,3,A7,3A7,CGAGCTGTTACC,NA,251,Male,No,None,NA,NA,NA,WT,Cedars_SPF,Distal_Colon,Colon,Luminal,Luminal_Colon,2014_Sept,TL1a-FP-265,2014_Sept,152
TL1A_FP_559,4,C1,4C1,ATAATTGCCGAG,559,287,Female,DSS,Group_7,40366,40491,40612,WT,Humanized,Distal_Colon,Colon,Luminal,Luminal_Colon,2015_Sept,TL1A-FP-559-4C1,2015-Sept-Eight,153
TL1a_FP_141,3,G9,3G9,TACGGATTATGG,NA,172,Male,No,None,NA,NA,NA,WT,Humanized,Cecum,Colon,Luminal,Luminal_Colon,2014_Nov,TL1a-FP-141,2014-Nov-two,154
TL1a_FP_174,4,A3,4A3,AGACATACCGTA,NA,178,Female,No,None,NA,NA,NA,WT,Humanized,Duodenum,SI,Luminal,Luminal_SI,2014_Nov,TL1a-FP-174,2014-Nov-two,155
TL1a_FP_144,3,G12,3G12,AACCAAACTCGA,NA,172,Male,No,None,NA,NA,NA,WT,Humanized,Duodenum,SI,Luminal,Luminal_SI,2014_Nov,TL1a-FP-144,2014-Nov-two,156
TL1A_DTT_540,1,C12,1C12,TACGAGCCCTAA,540,279,Female,DSS,Group_6,40345,40491,40604,WT,Humanized,Duodenum,SI,Mucosal,Mucosal_SI,2015_Sept,TL1A-DTT-540-1C12,2015-Sept-Eight,157
TL1a_FP_195,4,A10,4A10,GCGAAGTTGGGA,NA,217,Female,No,None,NA,NA,NA,WT,Cedars_SPF,Cecum,Colon,Luminal,Luminal_Colon,2014_Nov,TL1a-FP-195,2014-Nov-two,158
TL1A_DTT_787,3,B7,3B7,AACTTTCAGGAG,787,349,Female,DSS,Group_10,40557,0,40745,WT,Humanized,Distal_Colon,Colon,Mucosal,Mucosal_Colon,2015_Sept,TL1A-DTT-787-3B7,2015-Sept-Eight,159
TL1a_FP_142,3,G10,3G10,ATAGCGAACTCA,NA,172,Male,No,None,NA,NA,NA,WT,Humanized,Ileum,SI,Luminal,Luminal_SI,2014_Nov,TL1a-FP-142,2014-Nov-two,160
TL1A_DTT_674,2,A2,2A2,TGTGCGATAACA,674,342,Male,No,None,40539,0,40703,WT,Cedars_SPF,Proximal_Colon,Colon,Mucosal,Mucosal_Colon,2015_Sept,TL1A-DTT-674-2A2,2015-Sept-Eight,161
TL1A_FP_801,2,B1,2B1,GCACACCTGATA,801,366,Male,DSS,Group_11,40604,0,40766,WT,Cedars_SPF,Cecum,Colon,Luminal,Luminal_Colon,2015_Sept,TL1A-FP-801-2B1,2015-Sept-Sixteen,162
TL1a_FP_158,3,H1,3H1,GCCGTCTCGTAA,NA,183,Male,No,None,NA,NA,NA,WT,Cedars_SPF,Proximal_Colon,Colon,Luminal,Luminal_Colon,2014_Nov,TL1a-FP-158,2014-Nov-two,163
TL1A_DTT_714,2,D6,2D6,CAGAAATGTGTC,714,310,Male,DSS,Group_8,40464,0,40724,WT,Humanized,Duodenum,SI,Mucosal,Mucosal_SI,2015_Sept,TL1A-DTT-714-2D6,2015-Sept-Eight,164
TL1a_DTT_143_Repeat,4,E7,4E7,TATGAACGTCCG,NA,172,Male,No,None,NA,NA,NA,WT,Humanized,Jejunum,SI,Mucosal,Mucosal_SI,2014_Nov,TL1a-DTT-143-Repeat,2014-Nov-one,165
TL1a_DTT_129,1,E9,1E9,CATCCCTCTACT,NA,167,Female,No,None,NA,NA,NA,WT,Cedars_SPF,Cecum,Colon,Mucosal,Mucosal_Colon,2014_Sept,TL1a-DTT-129,2014_Sept,166
TL1A_FP_523,3,H1,3H1,GCCGTCTCGTAA,523,284,Female,DSS,Group_6,40366,40491,40604,WT,Cedars_SPF,Distal_Colon,Colon,Luminal,Luminal_Colon,2015_Sept,TL1A-FP-523-3H1,2015-Sept-Eight,167
TL1A_DTT_816,3,D12,3D12,GCCACGACTTAC,816,360,Male,DSS,Group_11,40583,0,40766,WT,Humanized,Duodenum,SI,Mucosal,Mucosal_SI,2015_Sept,TL1A-DTT-816-3D12,2015-Sept-Eight,168
TL1A_DTT_762,2,H6,2H6,GGTTCGGTCCAT,762,337,Male,DSS,Group_9,40539,0,40731,WT,Humanized,Duodenum,SI,Mucosal,Mucosal_SI,2015_Sept,TL1A-DTT-762-2H6,2015-Sept-Eight,169
TL1A_DTT_790,3,B10,3B10,AAGACAGCTATC,790,349,Female,DSS,Group_10,40557,0,40745,WT,Humanized,Ileum,SI,Mucosal,Mucosal_SI,2015_Sept,TL1A-DTT-790-3B10,2015-Sept-Eight,170
TL1a_DTT_265,2,E1,2E1,TTAGAGCCATGC,NA,251,Male,No,None,NA,NA,NA,WT,Cedars_SPF,Distal_Colon,Colon,Mucosal,Mucosal_Colon,2014_Sept,TL1a-DTT-265,2014_Sept,171
TL1A_DTT_713,2,D5,2D5,GATGTGGTGTTA,713,310,Male,DSS,Group_8,40464,0,40724,WT,Humanized,Jejunum,SI,Mucosal,Mucosal_SI,2015_Sept,TL1A-DTT-713-2D5,2015-Sept-Eight,172
TL1a_DTT_285,2,F9,2F9,TTAACCTTCCTG,NA,234,Male,No,None,NA,NA,NA,WT,Cedars_SPF,Cecum,Colon,Mucosal,Mucosal_Colon,2014_Sept,TL1a-DTT-285,2014_Sept,173
TL1A_DTT_528,1,B12,1B12,GCAACACCATCC,528,284,Female,DSS,Group_6,40366,40491,40604,WT,Cedars_SPF,Duodenum,SI,Mucosal,Mucosal_SI,2015_Sept,TL1A-DTT-528-1B12,2015-Sept-Eight,174
TL1A_DTT_559,1,E7,1E7,GTCGACAGAGGA,559,287,Female,DSS,Group_7,40366,40491,40612,WT,Humanized,Distal_Colon,Colon,Mucosal,Mucosal_Colon,2015_Sept,TL1A-DTT-559-1E7,2015-Sept-Eight,175
TL1A_DTT_712,2,D4,2D4,AGCAACATTGCA,712,310,Male,DSS,Group_8,40464,0,40724,WT,Humanized,Ileum,SI,Mucosal,Mucosal_SI,2015_Sept,TL1A-DTT-712-2D4,2015-Sept-Eight,176
TL1A_DTT_760,2,H4,2H4,CTGTCAGTGACC,760,337,Male,DSS,Group_9,40539,0,40731,WT,Humanized,Ileum,SI,Mucosal,Mucosal_SI,2015_Sept,TL1A-DTT-760-2H4,2015-Sept-Eight,177
TL1a_DTT_144_Repeat,4,E8,4E8,CCACATTGGGTC,NA,172,Male,No,None,NA,NA,NA,WT,Humanized,Duodenum,SI,Mucosal,Mucosal_SI,2014_Nov,TL1a-DTT-144-Repeat,2014-Nov-one,178
TL1A_FP_734,1,D6,1D6,GAGCCATCTGTA,734,335,Female,DSS,Group_9,40539,0,40731,WT,Cedars_SPF,Proximal_Colon,Colon,Luminal,Luminal_Colon,2015_Sept,TL1A-FP-734-1D6,2015-Sept-Sixteen,179
TL1A_DTT_737,2,F5,2F5,AGTGTTTCGGAC,737,335,Female,DSS,Group_9,40539,0,40731,WT,Cedars_SPF,Jejunum,SI,Mucosal,Mucosal_SI,2015_Sept,TL1A-DTT-737-2F5,2015-Sept-Eight,180
TL1a_DTT_241,2,D1,2D1,TCCTCGAGCGAT,NA,226,Female,No,None,NA,NA,NA,WT,Humanized,Distal_Colon,Colon,Mucosal,Mucosal_Colon,2014_Sept,TL1a-DTT-241,2014_Sept,181
TL1a_DTT_159,1,G3,1G3,TAGGCATGCTTG,NA,183,Male,No,None,NA,NA,NA,WT,Cedars_SPF,Cecum,Colon,Mucosal,Mucosal_Colon,2014_Sept,TL1a-DTT-159,2014_Sept,182
TL1a_FP_62,3,C1,3C1,CGTAGGTAGAGG,NA,141,Male,No,None,NA,NA,NA,WT,Humanized,Proximal_Colon,Colon,Luminal,Luminal_Colon,2014_Nov,TL1a-FP-62,2014-Nov-two,183
TL1A_DTT_627,1,G3,1G3,TAGGCATGCTTG,627,324,Male,No,None,40512,0,40696,WT,Cedars_SPF,Cecum,Colon,Mucosal,Mucosal_Colon,2015_Sept,TL1A-DTT-627-1G3,2015-Sept-Eight,184
TL1a_FP_157,2,H7,2H7,CTGATCCATCTT,NA,183,Male,No,None,NA,NA,NA,WT,Cedars_SPF,Distal_Colon,Colon,Luminal,Luminal_Colon,2014_Sept,TL1a-FP-157,2014_Sept,185
TL1A_FP_787,1,H11,1H11,TTGGCTCTATTC,787,349,Female,DSS,Group_10,40557,0,40745,WT,Humanized,Distal_Colon,Colon,Luminal,Luminal_Colon,2015_Sept,TL1A-FP-787-1H11,2015-Sept-Sixteen,186
TL1a_DTT_243,2,D3,2D3,TGCAGCAAGATT,NA,226,Female,No,None,NA,NA,NA,WT,Humanized,Cecum,Colon,Mucosal,Mucosal_Colon,2014_Sept,TL1a-DTT-243,2014_Sept,187
TL1A_FP_513,3,G3,3G3,TGGCTTTCTATC,513,280,Female,DSS,Group_6,40345,40491,40604,WT,Cedars_SPF,Cecum,Colon,Luminal,Luminal_Colon,2015_Sept,TL1A-FP-513-3G3,2015-Sept-Eight,188
TL1A_FP_625,4,D7,4D7,CGAAACTACGTA,625,324,Male,No,None,40512,0,40696,WT,Cedars_SPF,Distal_Colon,Colon,Luminal,Luminal_Colon,2015_Sept,TL1A-FP-625-4D7,2015-Sept-Eight,189
TL1a_DTT_127_Repeat,4,E1,4E1,ATAGGCTGTAGT,NA,167,Female,No,None,NA,NA,NA,WT,Cedars_SPF,Distal_Colon,Colon,Mucosal,Mucosal_Colon,2014_Nov,TL1a-DTT-127-Repeat,2014-Nov-one,190
TL1A_FP_774,1,G10,1G10,TGCGCTGAATGT,774,350,Female,DSS,Group_10,40557,0,40745,WT,Cedars_SPF,Duodenum,SI,Luminal,Luminal_SI,2015_Sept,TL1A-FP-774-1G10,2015-Sept-Sixteen,191
TL1A_FP_710,1,B6,1B6,TAACGTGTGTGC,710,310,Male,DSS,Group_8,40464,0,40724,WT,Humanized,Proximal_Colon,Colon,Luminal,Luminal_Colon,2015_Sept,TL1A-FP-710-1B6,2015-Sept-Sixteen,192
TL1A_FP_742,1,E2,1E2,GGCCAGTTCCTA,742,344,Male,DSS,Group_9,40539,0,40731,WT,Cedars_SPF,Ileum,SI,Luminal,Luminal_SI,2015_Sept,TL1A-FP-742-1E2,2015-Sept-Sixteen,193
TL1a_DTT_205,2,B1,2B1,GCACACCTGATA,NA,213,Female,No,None,NA,NA,NA,WT,Humanized,Distal_Colon,Colon,Mucosal,Mucosal_Colon,2014_Sept,TL1a-DTT-205,2014_Sept,194
TL1A_DTT_813,3,D9,3D9,CCTGTCCTATCT,813,360,Male,DSS,Group_11,40583,0,40766,WT,Humanized,Cecum,Colon,Mucosal,Mucosal_Colon,2015_Sept,TL1A-DTT-813-3D9,2015-Sept-Eight,195
TL1A_DTT_640,1,H4,1H4,GGACTTCCAGCT,640,322,Male,No,None,40512,0,40696,WT,Humanized,Ileum,SI,Mucosal,Mucosal_SI,2015_Sept,TL1A-DTT-640-1H4,2015-Sept-Eight,196
TL1A_DTT_574,1,F10,1F10,TATCGACACAAG,574,292,Female,DSS,Group_7,40415,40491,40612,WT,Humanized,Ileum,SI,Mucosal,Mucosal_SI,2015_Sept,TL1A-DTT-574-1F10,2015-Sept-Eight,197
TL1A_DTT_799,3,C7,3C7,TACACAAGTCGC,799,366,Male,DSS,Group_11,40604,0,40766,WT,Cedars_SPF,Distal_Colon,Colon,Mucosal,Mucosal_Colon,2015_Sept,TL1A-DTT-799-3C7,2015-Sept-Eight,198
TL1a_DTT_206,2,B2,2B2,GCGACAATTACA,NA,213,Female,No,None,NA,NA,NA,WT,Humanized,Proximal_Colon,Colon,Mucosal,Mucosal_Colon,2014_Sept,TL1a-DTT-206,2014_Sept,199
TL1a_DTT_64,1,A4,1A4,ATCACCAGGTGT,NA,141,Male,No,None,NA,NA,NA,WT,Humanized,Ileum,SI,Mucosal,Mucosal_SI,2014_Sept,TL1a-DTT-64,2014_Sept,200
TL1A_FP_536,4,A2,4A2,GATCATTCTCTC,536,279,Female,DSS,Group_6,40345,40491,40604,WT,Humanized,Proximal_Colon,Colon,Luminal,Luminal_Colon,2015_Sept,TL1A-FP-536-4A2,2015-Sept-Eight,201
TL1A_DTT_814,3,D10,3D10,GGTTTAACACGC,814,360,Male,DSS,Group_11,40583,0,40766,WT,Humanized,Ileum,SI,Mucosal,Mucosal_SI,2015_Sept,TL1A-DTT-814-3D10,2015-Sept-Eight,202
TL1a_DTT_287,2,F11,2F11,CGTGACAATAGT,NA,234,Male,No,None,NA,NA,NA,WT,Cedars_SPF,Jejunum,SI,Mucosal,Mucosal_SI,2014_Sept,TL1a-DTT-287,2014_Sept,203
TL1A_DTT_739,2,F7,2F7,TGGCAAATCTAG,739,344,Male,DSS,Group_9,40539,0,40731,WT,Cedars_SPF,Distal_Colon,Colon,Mucosal,Mucosal_Colon,2015_Sept,TL1A-DTT-739-2F7,2015-Sept-Eight,204
TL1a_DTT_157_Repeat,4,E9,4E9,TCAGTCAGATGA,NA,183,Male,No,None,NA,NA,NA,WT,Cedars_SPF,Distal_Colon,Colon,Mucosal,Mucosal_Colon,2014_Nov,TL1a-DTT-157-Repeat,2014-Nov-one,205
TL1A_DTT_710,2,D2,2D2,ACCCAAGCGTTA,710,310,Male,DSS,Group_8,40464,0,40724,WT,Humanized,Proximal_Colon,Colon,Mucosal,Mucosal_Colon,2015_Sept,TL1A-DTT-710-2D2,2015-Sept-Eight,206
TL1a_DTT_233,2,C5,2C5,CCTGCGAAGTAT,NA,223,Female,No,None,NA,NA,NA,WT,Cedars_SPF,Jejunum,SI,Mucosal,Mucosal_SI,2014_Sept,TL1a-DTT-233,2014_Sept,207
TL1A_FP_737,1,D9,1D9,TAATACGGATCG,737,335,Female,DSS,Group_9,40539,0,40731,WT,Cedars_SPF,Jejunum,SI,Luminal,Luminal_SI,2015_Sept,TL1A-FP-737-1D9,2015-Sept-Sixteen,208
TL1A_FP_792,2,A4,2A4,GCCTAGCCCAAT,792,349,Female,DSS,Group_10,40557,0,40745,WT,Humanized,Duodenum,SI,Luminal,Luminal_SI,2015_Sept,TL1A-FP-792-2A4,2015-Sept-Sixteen,209
TL1a_DTT_62,1,A2,1A2,ACGAGACTGATT,NA,141,Male,No,None,NA,NA,NA,WT,Humanized,Proximal_Colon,Colon,Mucosal,Mucosal_Colon,2014_Sept,TL1a-DTT-62,2014_Sept,210
TL1A_FP_762,1,F10,1F10,TATCGACACAAG,762,337,Male,DSS,Group_9,40539,0,40731,WT,Humanized,Duodenum,SI,Luminal,Luminal_SI,2015_Sept,TL1A-FP-762-1F10,2015-Sept-Sixteen,211
TL1A_DTT_571,1,F7,1F7,CTCACCTAGGAA,571,292,Female,DSS,Group_7,40415,40491,40612,WT,Humanized,Distal_Colon,Colon,Mucosal,Mucosal_Colon,2015_Sept,TL1A-DTT-571-1F7,2015-Sept-Eight,212
TL1A_DTT_525,1,B9,1B9,GATCTGCGATCC,525,284,Female,DSS,Group_6,40366,40491,40604,WT,Cedars_SPF,Cecum,Colon,Mucosal,Mucosal_Colon,2015_Sept,TL1A-DTT-525-1B9,2015-Sept-Eight,213
TL1a_DTT_65,1,A5,1A5,TGGTCAACGATA,NA,141,Male,No,None,NA,NA,NA,WT,Humanized,Jejunum,SI,Mucosal,Mucosal_SI,2014_Sept,TL1a-DTT-65,2014_Sept,214
TL1A_DTT_742,2,F10,2F10,TGCCGTATGCCA,742,344,Male,DSS,Group_9,40539,0,40731,WT,Cedars_SPF,Ileum,SI,Mucosal,Mucosal_SI,2015_Sept,TL1A-DTT-742-2F10,2015-Sept-Eight,215
TL1a_DTT_242,2,D2,2D2,ACCCAAGCGTTA,NA,226,Female,No,None,NA,NA,NA,WT,Humanized,Proximal_Colon,Colon,Mucosal,Mucosal_Colon,2014_Sept,TL1a-DTT-242,2014_Sept,216
TL1A_FP_789,2,A1,2A1,TACCGCTTCTTC,789,349,Female,DSS,Group_10,40557,0,40745,WT,Humanized,Cecum,Colon,Luminal,Luminal_Colon,2015_Sept,TL1A-FP-789-2A1,2015-Sept-Sixteen,217
TL1a_FP_231,4,C6,4C6,ATGCTAACCACG,NA,223,Female,No,None,NA,NA,NA,WT,Cedars_SPF,Cecum,Colon,Luminal,Luminal_Colon,2014_Nov,TL1a-FP-231,2014-Nov-two,218
TL1a_FP_284,4,F4,4F4,ATATGACCCAGC,NA,234,Male,No,None,NA,NA,NA,WT,Cedars_SPF,Proximal_Colon,Colon,Luminal,Luminal_Colon,2014_Nov,TL1a-FP-284,2014-Nov-two,219
TL1A_DTT_688,2,B4,2B4,AGCTGTCAAGCT,688,340,Male,No,None,40539,0,40703,WT,Humanized,Ileum,SI,Mucosal,Mucosal_SI,2015_Sept,TL1A-DTT-688-2B4,2015-Sept-Eight,220
TL1a_DTT_245_Repeat,4,G7,4G7,CGCCACGTGTAT,NA,226,Female,No,None,NA,NA,NA,WT,Humanized,Jejunum,SI,Mucosal,Mucosal_SI,2014_Nov,TL1a-DTT-245-Repeat,2014-Nov-one,221
TL1A_FP_562,4,C4,4C4,CTACTTACATCC,562,287,Female,DSS,Group_7,40366,40491,40612,WT,Humanized,Ileum,SI,Luminal,Luminal_SI,2015_Sept,TL1A-FP-562-4C4,2015-Sept-Eight,222
TL1a_FP_74,3,C11,3C11,GGAATCCGATTA,NA,143,Male,No,None,NA,NA,NA,WT,Humanized,Proximal_Colon,Colon,Luminal,Luminal_Colon,2014_Nov,TL1a-FP-74,2014-Nov-two,223
TL1A_FP_630,4,D12,4D12,CTTCGCGGATGT,630,324,Male,No,None,40512,0,40696,WT,Cedars_SPF,Duodenum,SI,Luminal,Luminal_SI,2015_Sept,TL1A-FP-630-4D12,2015-Sept-Eight,224
TL1A_FP_563,4,C5,4C5,CTCTTCTGATCA,563,287,Female,DSS,Group_7,40366,40491,40612,WT,Humanized,Jejunum,SI,Luminal,Luminal_SI,2015_Sept,TL1A-FP-563-4C5,2015-Sept-Eight,225
TL1A_FP_803,2,B3,2B3,TCATGCTCCATT,803,366,Male,DSS,Group_11,40604,0,40766,WT,Cedars_SPF,Jejunum,SI,Luminal,Luminal_SI,2015_Sept,TL1A-FP-803-2B3,2015-Sept-Sixteen,226
TL1a_FP_267,4,E2,4E2,TGTGTAGCCATG,NA,251,Male,No,None,NA,NA,NA,WT,Cedars_SPF,Cecum,Colon,Luminal,Luminal_Colon,2014_Nov,TL1a-FP-267,2014-Nov-two,227
TL1A_FP_772,1,G8,1G8,GTGGTGGTTTCC,772,350,Female,DSS,Group_10,40557,0,40745,WT,Cedars_SPF,Ileum,SI,Luminal,Luminal_SI,2015_Sept,TL1A-FP-772-1G8,2015-Sept-Sixteen,228
TL1a_DTT_130_Repeat,4,E2,4E2,TGTGTAGCCATG,NA,167,Female,No,None,NA,NA,NA,WT,Cedars_SPF,Ileum,SI,Mucosal,Mucosal_SI,2014_Nov,TL1a-DTT-130-Repeat,2014-Nov-one,229
TL1A_FP_639,4,E9,4E9,TCAGTCAGATGA,639,322,Male,No,None,40512,0,40696,WT,Humanized,Cecum,Colon,Luminal,Luminal_Colon,2015_Sept,TL1A-FP-639-4E9,2015-Sept-Eight,230
TL1A_FP_673,4,F7,4F7,TTATGGTACGGA,673,342,Male,No,None,40539,0,40703,WT,Cedars_SPF,Distal_Colon,Colon,Luminal,Luminal_Colon,2015_Sept,TL1A-FP-673-4F7,2015-Sept-Eight,231
TL1A_DTT_709,4,H5,4H5,TCCGTGGTATAG,709,310,Male,DSS,Group_8,40464,0,40724,WT,Humanized,Distal_Colon,Colon,Mucosal,Mucosal_Colon,2015_Sept,TL1A-DTT-709-4H5,2015-Sept-Sixteen,232
TL1a_FP_172,4,A1,4A1,TCTGAGGTTGCC,NA,178,Female,No,None,NA,NA,NA,WT,Humanized,Ileum,SI,Luminal,Luminal_SI,2014_Nov,TL1a-FP-172,2014-Nov-two,233
TL1A_DTT_818,3,E2,3E2,GCCGTAAACTTG,818,375,Male,DSS,Group_11,40617,0,40766,WT,Humanized,Proximal_Colon,Colon,Mucosal,Mucosal_Colon,2015_Sept,TL1A-DTT-818-3E2,2015-Sept-Eight,234
TL1A_FP_769,1,G5,1G5,ATTCTGCCGAAG,769,350,Female,DSS,Group_10,40557,0,40745,WT,Cedars_SPF,Distal_Colon,Colon,Luminal,Luminal_Colon,2015_Sept,TL1A-FP-769-1G5,2015-Sept-Sixteen,235
TL1A_FP_811,2,B11,2B11,TATCTATCCTGC,811,360,Male,DSS,Group_11,40583,0,40766,WT,Humanized,Distal_Colon,Colon,Luminal,Luminal_Colon,2015_Sept,TL1A-FP-811-2B11,2015-Sept-Sixteen,236
TL1a_DTT_102_Repeat,4,D9,4D9,AATAGCATGTCG,NA,163,Male,No,None,NA,NA,NA,WT,Humanized,Duodenum,SI,Mucosal,Mucosal_SI,2014_Nov,TL1a-DTT-102-Repeat,2014-Nov-one,237
TL1a_FP_269,4,E4,4E4,GTTTCCGTGGTG,NA,251,Male,No,None,NA,NA,NA,WT,Cedars_SPF,Jejunum,SI,Luminal,Luminal_SI,2014_Nov,TL1a-FP-269,2014-Nov-two,238
TL1A_FP_714,1,B10,1B10,CAGCTCATCAGC,714,310,Male,DSS,Group_8,40464,0,40724,WT,Humanized,Duodenum,SI,Luminal,Luminal_SI,2015_Sept,TL1A-FP-714-1B10,2015-Sept-Sixteen,239
TL1a_DTT_73,1,B1,1B1,TGCATACACTGG,NA,143,Male,No,None,NA,NA,NA,WT,Humanized,Distal_Colon,Colon,Mucosal,Mucosal_Colon,2014_Sept,TL1a-DTT-73,2014_Sept,240
TL1a_DTT_195,2,A3,2A3,GATTATCGACGA,NA,217,Female,No,None,NA,NA,NA,WT,Cedars_SPF,Cecum,Colon,Mucosal,Mucosal_Colon,2014_Sept,TL1a-DTT-195,2014_Sept,241
TL1A_DTT_758,2,H2,2H2,GCTTGAGCTTGA,758,337,Male,DSS,Group_9,40539,0,40731,WT,Humanized,Proximal_Colon,Colon,Mucosal,Mucosal_Colon,2015_Sept,TL1A-DTT-758-2H2,2015-Sept-Eight,242
TL1a_DTT_63,1,A3,1A3,GCTGTACGGATT,NA,141,Male,No,None,NA,NA,NA,WT,Humanized,Cecum,Colon,Mucosal,Mucosal_Colon,2014_Sept,TL1a-DTT-63,2014_Sept,243
TL1A_DTT_759,2,H3,2H3,CGCTGTGGATTA,759,337,Male,DSS,Group_9,40539,0,40731,WT,Humanized,Cecum,Colon,Mucosal,Mucosal_Colon,2015_Sept,TL1A-DTT-759-2H3,2015-Sept-Eight,244
TL1A_DTT_511,1,A7,1A7,GTCGTGTAGCCT,511,280,Female,DSS,Group_6,40345,40491,40604,WT,Cedars_SPF,Distal_Colon,Colon,Mucosal,Mucosal_Colon,2015_Sept,TL1A-DTT-511-1A7,2015-Sept-Eight,245
TL1A_FP_700,1,A8,1A8,AGCGGAGGTTAG,700,314,Female,DSS,Group_8,40476,0,40724,WT,Cedars_SPF,Ileum,SI,Luminal,Luminal_SI,2015_Sept,TL1A-FP-700-1A8,2015-Sept-Sixteen,246
TL1A_DTT_774,3,A6,3A6,ATTCGGTAGTGC,774,350,Female,DSS,Group_10,40557,0,40745,WT,Cedars_SPF,Duodenum,SI,Mucosal,Mucosal_SI,2015_Sept,TL1A-DTT-774-3A6,2015-Sept-Eight,247
TL1A_FP_512,3,G2,3G2,ATTAAGCCTGGA,512,280,Female,DSS,Group_6,40345,40491,40604,WT,Cedars_SPF,Proximal_Colon,Colon,Luminal,Luminal_Colon,2015_Sept,TL1A-FP-512-3G2,2015-Sept-Eight,248
TL1a_FP_171,3,H12,3H12,GAAATGCTACGT,NA,178,Female,No,None,NA,NA,NA,WT,Humanized,Cecum,Colon,Luminal,Luminal_Colon,2014_Nov,TL1a-FP-171,2014-Nov-two,249
TL1A_FP_802,2,B2,2B2,GCGACAATTACA,802,366,Male,DSS,Group_11,40604,0,40766,WT,Cedars_SPF,Ileum,SI,Luminal,Luminal_SI,2015_Sept,TL1A-FP-802-2B2,2015-Sept-Sixteen,250
TL1A_FP_687,4,C7,4C7,ACCAATCTCGGC,687,340,Male,No,None,40539,0,40703,WT,Humanized,Cecum,Colon,Luminal,Luminal_Colon,2015_Sept,TL1A-FP-687-4C7,2015-Sept-Eight,251
TL1a_DTT_85,1,C1,1C1,GCGATATATCGC,NA,161,Male,No,None,NA,NA,NA,WT,Cedars_SPF,Distal_Colon,Colon,Mucosal,Mucosal_Colon,2014_Sept,TL1a-DTT-85,2014_Sept,252
TL1A_DTT_702,2,C6,2C6,TTCTCTCGACAT,702,314,Female,DSS,Group_8,40476,0,40724,WT,Cedars_SPF,Duodenum,SI,Mucosal,Mucosal_SI,2015_Sept,TL1A-DTT-702-2C6,2015-Sept-Eight,253
TL1A_DTT_638,1,H2,1H2,GCGTTCTAGCTG,638,322,Male,No,None,40512,0,40696,WT,Humanized,Proximal_Colon,Colon,Mucosal,Mucosal_Colon,2015_Sept,TL1A-DTT-638-1H2,2015-Sept-Eight,254
TL1a_DTT_86,1,C2,1C2,CGAGCAATCCTA,NA,161,Male,No,None,NA,NA,NA,WT,Cedars_SPF,Proximal_Colon,Colon,Mucosal,Mucosal_Colon,2014_Sept,TL1a-DTT-86,2014_Sept,255
TL1a_DTT_193,2,A1,2A1,TACCGCTTCTTC,NA,217,Female,No,None,NA,NA,NA,WT,Cedars_SPF,Distal_Colon,Colon,Mucosal,Mucosal_Colon,2014_Sept,TL1a-DTT-193,2014_Sept,256
TL1A_FP_675,4,F9,4F9,CAGATTAACCAG,675,342,Male,No,None,40539,0,40703,WT,Cedars_SPF,Cecum,Colon,Luminal,Luminal_Colon,2015_Sept,TL1A-FP-675-4F9,2015-Sept-Eight,257
TL1a_FP_288,4,F8,4F8,GCTAGTTATGGA,NA,234,Male,No,None,NA,NA,NA,WT,Cedars_SPF,Duodenum,SI,Luminal,Luminal_SI,2014_Nov,TL1a-FP-288,2014-Nov-two,258
TL1a_FP_66,3,C5,3C5,GTCGTCCAAATG,NA,141,Male,No,None,NA,NA,NA,WT,Humanized,Duodenum,SI,Luminal,Luminal_SI,2014_Nov,TL1a-FP-66,2014-Nov-two,259
TL1a_DTT_207,2,B3,2B3,TCATGCTCCATT,NA,213,Female,No,None,NA,NA,NA,WT,Humanized,Cecum,Colon,Mucosal,Mucosal_Colon,2014_Sept,TL1a-DTT-207,2014_Sept,260
TL1A_FP_637,4,E7,4E7,TATGAACGTCCG,637,322,Male,No,None,40512,0,40696,WT,Humanized,Distal_Colon,Colon,Luminal,Luminal_Colon,2015_Sept,TL1A-FP-637-4E7,2015-Sept-Eight,261
TL1A_FP_738,1,D10,1D10,TCGGAATTAGAC,738,335,Female,DSS,Group_9,40539,0,40731,WT,Cedars_SPF,Duodenum,SI,Luminal,Luminal_SI,2015_Sept,TL1A-FP-738-1D10,2015-Sept-Sixteen,262
TL1A_FP_538,4,A4,4A4,GATCCTCATGCG,538,279,Female,DSS,Group_6,40345,40491,40604,WT,Humanized,Ileum,SI,Luminal,Luminal_SI,2015_Sept,TL1A-FP-538-4A4,2015-Sept-Eight,263
TL1A_FP_740,1,D12,1D12,CATTCGTGGCGT,740,344,Male,DSS,Group_9,40539,0,40731,WT,Cedars_SPF,Proximal_Colon,Colon,Luminal,Luminal_Colon,2015_Sept,TL1A-FP-740-1D12,2015-Sept-Sixteen,264
TL1a_DTT_196_Repeat,4,F7,4F7,TTATGGTACGGA,NA,217,Female,No,None,NA,NA,NA,WT,Cedars_SPF,Ileum,SI,Mucosal,Mucosal_SI,2014_Nov,TL1a-DTT-196-Repeat,2014-Nov-one,265
TL1a_DTT_286,2,F10,2F10,TGCCGTATGCCA,NA,234,Male,No,None,NA,NA,NA,WT,Cedars_SPF,Ileum,SI,Mucosal,Mucosal_SI,2014_Sept,TL1a-DTT-286,2014_Sept,266
TL1A_DTT_524,1,B8,1B8,CCAATACGCCTG,524,284,Female,DSS,Group_6,40366,40491,40604,WT,Cedars_SPF,Proximal_Colon,Colon,Mucosal,Mucosal_Colon,2015_Sept,TL1A-DTT-524-1B8,2015-Sept-Eight,267
TL1a_DTT_90_Repeat,4,D5,4D5,ACTTTGCTTTGC,NA,161,Male,No,None,NA,NA,NA,WT,Cedars_SPF,Duodenum,SI,Mucosal,Mucosal_SI,2014_Nov,TL1a-DTT-90-Repeat,2014-Nov-one,268
TL1A_DTT_801,3,C9,3C9,GTAATGCGTAAC,801,366,Male,DSS,Group_11,40604,0,40766,WT,Cedars_SPF,Cecum,Colon,Mucosal,Mucosal_Colon,2015_Sept,TL1A-DTT-801-3C9,2015-Sept-Eight,269
TL1A_DTT_678,2,A6,2A6,ACTCCTTGTGTT,678,342,Male,No,None,40539,0,40703,WT,Cedars_SPF,Duodenum,SI,Mucosal,Mucosal_SI,2015_Sept,TL1A-DTT-678-2A6,2015-Sept-Eight,270
TL1A_FP_819,2,C7,2C7,GCTCTCCGTAGA,819,375,Male,DSS,Group_11,40617,0,40766,WT,Humanized,Cecum,Colon,Luminal,Luminal_Colon,2015_Sept,TL1A-FP-819-2C7,2015-Sept-Sixteen,271
TL1A_DTT_701,2,C5,2C5,CCTGCGAAGTAT,701,314,Female,DSS,Group_8,40476,0,40724,WT,Cedars_SPF,Jejunum,SI,Mucosal,Mucosal_SI,2015_Sept,TL1A-DTT-701-2C5,2015-Sept-Eight,272
TL1a_FP_143,3,G11,3G11,TAACGCTGTGTG,NA,172,Male,No,None,NA,NA,NA,WT,Humanized,Jejunum,SI,Luminal,Luminal_SI,2014_Nov,TL1a-FP-143,2014-Nov-two,273
TL1A_FP_526,3,H4,3H4,GCGTTGCAAACT,526,284,Female,DSS,Group_6,40366,40491,40604,WT,Cedars_SPF,Ileum,SI,Luminal,Luminal_SI,2015_Sept,TL1A-FP-526-3H4,2015-Sept-Eight,274
TL1A_DTT_551,1,D11,1D11,TGTGAATTCGGA,551,306,Male,DSS,Group_7,40450,40491,40612,WT,Cedars_SPF,Jejunum,SI,Mucosal,Mucosal_SI,2015_Sept,TL1A-DTT-551-1D11,2015-Sept-Eight,275
TL1A_FP_552,4,B6,4B6,GACGCACTAACT,552,306,Male,DSS,Group_7,40450,40491,40612,WT,Cedars_SPF,Duodenum,SI,Luminal,Luminal_SI,2015_Sept,TL1A-FP-552-4B6,2015-Sept-Eight,276
TL1A_FP_548,4,B2,4B2,TAAAGACCCGTA,548,306,Male,DSS,Group_7,40450,40491,40612,WT,Cedars_SPF,Proximal_Colon,Colon,Luminal,Luminal_Colon,2015_Sept,TL1A-FP-548-4B2,2015-Sept-Eight,277
TL1a_DTT_132_Repeat,4,E4,4E4,GTTTCCGTGGTG,NA,167,Female,No,None,NA,NA,NA,WT,Cedars_SPF,Duodenum,SI,Mucosal,Mucosal_SI,2014_Nov,TL1a-DTT-132-Repeat,2014-Nov-one,278
TL1a_DTT_131_Repeat,4,E3,4E3,AAGGGCGCTGAA,NA,167,Female,No,None,NA,NA,NA,WT,Cedars_SPF,Jejunum,SI,Mucosal,Mucosal_SI,2014_Nov,TL1a-DTT-131-Repeat,2014-Nov-one,279
TL1a_DTT_230,2,C2,2C2,GCAATTAGGTAC,NA,223,Female,No,None,NA,NA,NA,WT,Cedars_SPF,Proximal_Colon,Colon,Mucosal,Mucosal_Colon,2014_Sept,TL1a-DTT-230,2014_Sept,280
TL1A_FP_547,4,B1,4B1,TCCAACTGCAGA,547,306,Male,DSS,Group_7,40450,40491,40612,WT,Cedars_SPF,Distal_Colon,Colon,Luminal,Luminal_Colon,2015_Sept,TL1A-FP-547-4B1,2015-Sept-Eight,281
TL1a_DTT_75,1,B3,1B3,ACCAGTGACTCA,NA,143,Male,No,None,NA,NA,NA,WT,Humanized,Cecum,Colon,Mucosal,Mucosal_Colon,2014_Sept,TL1a-DTT-75,2014_Sept,282
TL1a_DTT_61_Repeat,4,C8,4C8,TATCCAAGCGCA,NA,141,Male,No,None,NA,NA,NA,WT,Humanized,Distal_Colon,Colon,Mucosal,Mucosal_Colon,2014_Nov,TL1a-DTT-61-Repeat,2014-Nov-one,283
TL1a_FP_87,3,D10,3D10,GGTTTAACACGC,NA,161,Male,No,None,NA,NA,NA,WT,Cedars_SPF,Cecum,Colon,Luminal,Luminal_Colon,2014_Nov,TL1a-FP-87,2014-Nov-two,284
TL1a_FP_100,3,E9,3E9,ACCGTGCTCACA,NA,163,Male,No,None,NA,NA,NA,WT,Humanized,Ileum,SI,Luminal,Luminal_SI,2014_Nov,TL1a-FP-100,2014-Nov-two,285
TL1A_DTT_733,2,F1,2F1,TCGTGCGTGTTG,733,335,Female,DSS,Group_9,40539,0,40731,WT,Cedars_SPF,Distal_Colon,Colon,Mucosal,Mucosal_Colon,2015_Sept,TL1A-DTT-733-2F1,2015-Sept-Eight,286
TL1a_FP_99,3,E8,3E8,AGGTCCAAATCA,NA,163,Male,No,None,NA,NA,NA,WT,Humanized,Cecum,Colon,Luminal,Luminal_Colon,2014_Nov,TL1a-FP-99,2014-Nov-two,287
TL1A_DTT_535,1,C7,1C7,AGATTGACCAAC,535,279,Female,DSS,Group_6,40345,40491,40604,WT,Humanized,Distal_Colon,Colon,Mucosal,Mucosal_Colon,2015_Sept,TL1A-DTT-535-1C7,2015-Sept-Eight,288
TL1A_FP_757,1,F5,1F5,TCTCTACCACTC,757,337,Male,DSS,Group_9,40539,0,40731,WT,Humanized,Distal_Colon,Colon,Luminal,Luminal_Colon,2015_Sept,TL1A-FP-757-1F5,2015-Sept-Sixteen,289
TL1A_FP_524,3,H2,3H2,CTGGGTATCTCG,524,284,Female,DSS,Group_6,40366,40491,40604,WT,Cedars_SPF,Proximal_Colon,Colon,Luminal,Luminal_Colon,2015_Sept,TL1A-FP-524-3H2,2015-Sept-Eight,290
TL1a_DTT_246,2,D6,2D6,CAGAAATGTGTC,NA,226,Female,No,None,NA,NA,NA,WT,Humanized,Duodenum,SI,Mucosal,Mucosal_SI,2014_Sept,TL1a-DTT-246,2014_Sept,291
TL1a_DTT_128,1,E8,1E8,TGTCGCAAATAG,NA,167,Female,No,None,NA,NA,NA,WT,Cedars_SPF,Proximal_Colon,Colon,Mucosal,Mucosal_Colon,2014_Sept,TL1a-DTT-128,2014_Sept,292
TL1A_FP_528,3,H6,3H6,ACCTTACACCTT,528,284,Female,DSS,Group_6,40366,40491,40604,WT,Cedars_SPF,Duodenum,SI,Luminal,Luminal_SI,2015_Sept,TL1A-FP-528-3H6,2015-Sept-Eight,293
TL1a_DTT_283,2,F7,2F7,TGGCAAATCTAG,NA,234,Male,No,None,NA,NA,NA,WT,Cedars_SPF,Distal_Colon,Colon,Mucosal,Mucosal_Colon,2014_Sept,TL1a-DTT-283,2014_Sept,294
TL1A_FP_716,1,B12,1B12,GCAACACCATCC,716,326,Female,DSS,Group_8,40526,0,40724,WT,Humanized,Proximal_Colon,Colon,Luminal,Luminal_Colon,2015_Sept,TL1A-FP-716-1B12,2015-Sept-Sixteen,295
TL1a_DTT_194,2,A2,2A2,TGTGCGATAACA,NA,217,Female,No,None,NA,NA,NA,WT,Cedars_SPF,Proximal_Colon,Colon,Mucosal,Mucosal_Colon,2014_Sept,TL1a-DTT-194,2014_Sept,296
TL1A_DTT_512,1,A8,1A8,AGCGGAGGTTAG,512,280,Female,DSS,Group_6,40345,40491,40604,WT,Cedars_SPF,Proximal_Colon,Colon,Mucosal,Mucosal_Colon,2015_Sept,TL1A-DTT-512-1A8,2015-Sept-Eight,297
TL1A_DTT_819,3,E3,3E3,GCAGATTTCCAG,819,375,Male,DSS,Group_11,40617,0,40766,WT,Humanized,Cecum,Colon,Mucosal,Mucosal_Colon,2015_Sept,TL1A-DTT-819-3E3,2015-Sept-Eight,298
TL1a_FP_196,4,A11,4A11,GCATTCGGCGTT,NA,217,Female,No,None,NA,NA,NA,WT,Cedars_SPF,Ileum,SI,Luminal,Luminal_SI,2014_Nov,TL1a-FP-196,2014-Nov-two,299
TL1A_DTT_573,1,F9,1F9,CCACAGATCGAT,573,292,Female,DSS,Group_7,40415,40491,40612,WT,Humanized,Cecum,Colon,Mucosal,Mucosal_Colon,2015_Sept,TL1A-DTT-573-1F9,2015-Sept-Eight,300
TL1A_FP_773,1,G9,1G9,TAGTATGCGCAA,773,350,Female,DSS,Group_10,40557,0,40745,WT,Cedars_SPF,Jejunum,SI,Luminal,Luminal_SI,2015_Sept,TL1A-FP-773-1G9,2015-Sept-Sixteen,301
TL1A_FP_702,1,A10,1A10,TACAGCGCATAC,702,314,Female,DSS,Group_8,40476,0,40724,WT,Cedars_SPF,Duodenum,SI,Luminal,Luminal_SI,2015_Sept,TL1A-FP-702-1A10,2015-Sept-Sixteen,302
TL1A_FP_516,3,G6,3G6,ATGGGCGAATGG,516,280,Female,DSS,Group_6,40345,40491,40604,WT,Cedars_SPF,Duodenum,SI,Luminal,Luminal_SI,2015_Sept,TL1A-FP-516-3G6,2015-Sept-Eight,303
TL1A_DTT_526,1,B10,1B10,CAGCTCATCAGC,526,284,Female,DSS,Group_6,40366,40491,40604,WT,Cedars_SPF,Ileum,SI,Mucosal,Mucosal_SI,2015_Sept,TL1A-DTT-526-1B10,2015-Sept-Eight,304
TL1a_DTT_100_Repeat,4,D7,4D7,CGAAACTACGTA,NA,163,Male,No,None,NA,NA,NA,WT,Humanized,Ileum,SI,Mucosal,Mucosal_SI,2014_Nov,TL1a-DTT-100-Repeat,2014-Nov-one,305
TL1A_FP_804,2,B4,2B4,AGCTGTCAAGCT,804,366,Male,DSS,Group_11,40604,0,40766,WT,Cedars_SPF,Duodenum,SI,Luminal,Luminal_SI,2015_Sept,TL1A-FP-804-2B4,2015-Sept-Sixteen,306
TL1a_FP_131,3,G1,3G1,TTCCTAGGCCAG,NA,167,Female,No,None,NA,NA,NA,WT,Cedars_SPF,Jejunum,SI,Luminal,Luminal_SI,2014_Nov,TL1a-FP-131,2014-Nov-two,307
TL1A_DTT_715,2,D7,2D7,GTAGAGGTAGAG,715,326,Female,DSS,Group_8,40526,0,40724,WT,Humanized,Distal_Colon,Colon,Mucosal,Mucosal_Colon,2015_Sept,TL1A-DTT-715-2D7,2015-Sept-Eight,308
TL1A_DTT_771,3,A3,3A3,GTGGTCATCGTA,771,350,Female,DSS,Group_10,40557,0,40745,WT,Cedars_SPF,Cecum,Colon,Mucosal,Mucosal_Colon,2015_Sept,TL1A-DTT-771-3A3,2015-Sept-Eight,309
TL1A_DTT_536,1,C8,1C8,AGTTACGAGCTA,536,279,Female,DSS,Group_6,40345,40491,40604,WT,Humanized,Proximal_Colon,Colon,Mucosal,Mucosal_Colon,2015_Sept,TL1A-DTT-536-1C8,2015-Sept-Eight,310
TL1A_FP_688,4,C8,4C8,TATCCAAGCGCA,688,340,Male,No,None,40539,0,40703,WT,Humanized,Ileum,SI,Luminal,Luminal_SI,2015_Sept,TL1A-FP-688-4C8,2015-Sept-Eight,311
TL1A_DTT_791,3,B11,3B11,ATTGACCGGTCA,791,349,Female,DSS,Group_10,40557,0,40745,WT,Humanized,Jejunum,SI,Mucosal,Mucosal_SI,2015_Sept,TL1A-DTT-791-3B11,2015-Sept-Eight,312
TL1a_DTT_198_Repeat,4,F9,4F9,CAGATTAACCAG,NA,217,Female,No,None,NA,NA,NA,WT,Cedars_SPF,Duodenum,SI,Mucosal,Mucosal_SI,2014_Nov,TL1a-DTT-198-Repeat,2014-Nov-one,313
TL1A_DTT_743,2,F11,2F11,CGTGACAATAGT,743,344,Male,DSS,Group_9,40539,0,40731,WT,Cedars_SPF,Jejunum,SI,Mucosal,Mucosal_SI,2015_Sept,TL1A-DTT-743-2F11,2015-Sept-Eight,314
TL1a_DTT_97,1,D1,1D1,CACTACGCTAGA,NA,163,Male,No,None,NA,NA,NA,WT,Humanized,Distal_Colon,Colon,Mucosal,Mucosal_Colon,2014_Sept,TL1a-DTT-97,2014_Sept,315
TL1A_DTT_575,1,F11,1F11,GATTCCGGCTCA,575,292,Female,DSS,Group_7,40415,40491,40612,WT,Humanized,Jejunum,SI,Mucosal,Mucosal_SI,2015_Sept,TL1A-DTT-575-1F11,2015-Sept-Eight,316
TL1a_DTT_88_Repeat,4,D4,4D4,ACGGCGTTATGT,NA,161,Male,No,None,NA,NA,NA,WT,Cedars_SPF,Ileum,SI,Mucosal,Mucosal_SI,2014_Nov,TL1a-DTT-88-Repeat,2014-Nov-one,317
TL1A_FP_817,2,C5,2C5,CCTGCGAAGTAT,817,375,Male,DSS,Group_11,40617,0,40766,WT,Humanized,Distal_Colon,Colon,Luminal,Luminal_Colon,2015_Sept,TL1A-FP-817-2C5,2015-Sept-Sixteen,318
TL1A_FP_816,2,C4,2C4,ATGTGTGTAGAC,816,360,Male,DSS,Group_11,40583,0,40766,WT,Humanized,Duodenum,SI,Luminal,Luminal_SI,2015_Sept,TL1A-FP-816-2C4,2015-Sept-Sixteen,319
TL1A_FP_560,4,C2,4C2,GGCATGTTATCG,560,287,Female,DSS,Group_7,40366,40491,40612,WT,Humanized,Proximal_Colon,Colon,Luminal,Luminal_Colon,2015_Sept,TL1A-FP-560-4C2,2015-Sept-Eight,320
TL1A_FP_715,1,B11,1B11,CAAACAACAGCT,715,326,Female,DSS,Group_8,40526,0,40724,WT,Humanized,Distal_Colon,Colon,Luminal,Luminal_Colon,2015_Sept,TL1A-FP-715-1B11,2015-Sept-Sixteen,321
TL1A_FP_564,4,C6,4C6,ATGCTAACCACG,564,287,Female,DSS,Group_7,40366,40491,40612,WT,Humanized,Duodenum,SI,Luminal,Luminal_SI,2015_Sept,TL1A-FP-564-4C6,2015-Sept-Eight,322
TL1A_DTT_630,1,G6,1G6,AGCATGTCCCGT,630,324,Male,No,None,40512,0,40696,WT,Cedars_SPF,Duodenum,SI,Mucosal,Mucosal_SI,2015_Sept,TL1A-DTT-630-1G6,2015-Sept-Eight,323
TL1A_FP_800,2,A12,2A12,TCACCTCCTTGT,800,366,Male,DSS,Group_11,40604,0,40766,WT,Cedars_SPF,Proximal_Colon,Colon,Luminal,Luminal_Colon,2015_Sept,TL1A-FP-800-2A12,2015-Sept-Sixteen,324
TL1a_FP_246,4,D7,4D7,CGAAACTACGTA,NA,226,Female,No,None,NA,NA,NA,WT,Humanized,Duodenum,SI,Luminal,Luminal_SI,2014_Nov,TL1a-FP-246,2014-Nov-two,325
TL1A_FP_813,2,C1,2C1,AGTAGCGGAAGA,813,360,Male,DSS,Group_11,40583,0,40766,WT,Humanized,Cecum,Colon,Luminal,Luminal_Colon,2015_Sept,TL1A-FP-813-2C1,2015-Sept-Sixteen,326
TL1A_FP_571,4,D1,4D1,GAGATCGCCTAT,571,292,Female,DSS,Group_7,40415,40491,40612,WT,Humanized,Distal_Colon,Colon,Luminal,Luminal_Colon,2015_Sept,TL1A-FP-571-4D1,2015-Sept-Eight,327
TL1a_DTT_229,2,C1,2C1,AGTAGCGGAAGA,NA,223,Female,No,None,NA,NA,NA,WT,Cedars_SPF,Distal_Colon,Colon,Mucosal,Mucosal_Colon,2014_Sept,TL1a-DTT-229,2014_Sept,328
TL1A_DTT_711,2,D3,2D3,TGCAGCAAGATT,711,310,Male,DSS,Group_8,40464,0,40724,WT,Humanized,Cecum,Colon,Mucosal,Mucosal_Colon,2015_Sept,TL1A-DTT-711-2D3,2015-Sept-Eight,329
TL1A_FP_572,4,D2,4D2,TGTACATCGCCG,572,292,Female,DSS,Group_7,40415,40491,40612,WT,Humanized,Proximal_Colon,Colon,Luminal,Luminal_Colon,2015_Sept,TL1A-FP-572-4D2,2015-Sept-Eight,330
TL1A_DTT_562,1,E10,1E10,TATACCGCTGCG,562,287,Female,DSS,Group_7,40366,40491,40612,WT,Humanized,Ileum,SI,Mucosal,Mucosal_SI,2015_Sept,TL1A-DTT-562-1E10,2015-Sept-Eight,331
TL1A_DTT_549,1,D9,1D9,TAATACGGATCG,549,306,Male,DSS,Group_7,40450,40491,40612,WT,Cedars_SPF,Cecum,Colon,Mucosal,Mucosal_Colon,2015_Sept,TL1A-DTT-549-1D9,2015-Sept-Eight,332
TL1a_FP_169,2,H9,2H9,TGGTCGCATCGT,NA,178,Female,No,None,NA,NA,NA,WT,Humanized,Distal_Colon,Colon,Luminal,Luminal_Colon,2014_Sept,TL1a-FP-169,2014_Sept,333
TL1a_FP_270,4,E5,4E5,AGGAACCAGACG,NA,251,Male,No,None,NA,NA,NA,WT,Cedars_SPF,Duodenum,SI,Luminal,Luminal_SI,2014_Nov,TL1a-FP-270,2014-Nov-two,334
TL1a_DTT_162_Repeat,4,E11,4E11,GCTGTGATTCGA,NA,183,Male,No,None,NA,NA,NA,WT,Cedars_SPF,Duodenum,SI,Mucosal,Mucosal_SI,2014_Nov,TL1a-DTT-162-Repeat,2014-Nov-one,335
TL1a_DTT_66,1,A6,1A6,ATCGCACAGTAA,NA,141,Male,No,None,NA,NA,NA,WT,Humanized,Duodenum,SI,Mucosal,Mucosal_SI,2014_Sept,TL1a-DTT-66,2014_Sept,336
TL1a_FP_160,3,H3,3H3,GACTACCCGTTG,NA,183,Male,No,None,NA,NA,NA,WT,Cedars_SPF,Ileum,SI,Luminal,Luminal_SI,2014_Nov,TL1a-FP-160,2014-Nov-two,337
TL1a_FP_283,3,A10,3A10,CGACTCTAAACG,NA,234,Male,No,None,NA,NA,NA,WT,Cedars_SPF,Distal_Colon,Colon,Luminal,Luminal_Colon,2014_Sept,TL1a-FP-283,2014_Sept,338
TL1a_FP_194,4,A9,4A9,CGATGTGTGGTT,NA,217,Female,No,None,NA,NA,NA,WT,Cedars_SPF,Proximal_Colon,Colon,Luminal,Luminal_Colon,2014_Nov,TL1a-FP-194,2014-Nov-two,339
TL1a_FP_61,2,G7,2G7,AGTTGTAGTCCG,NA,141,Male,No,None,NA,NA,NA,WT,Humanized,Distal_Colon,Colon,Luminal,Luminal_Colon,2014_Sept,TL1a-FP-61,2014_Sept,340
TL1a_FP_241,3,A5,3A5,CGCTCACAGAAT,NA,226,Female,No,None,NA,NA,NA,WT,Humanized,Distal_Colon,Colon,Luminal,Luminal_Colon,2014_Sept,TL1a-FP-241,2014_Sept,341
TL1A_DTT_547,1,D7,1D7,TTGGGTACACGT,547,306,Male,DSS,Group_7,40450,40491,40612,WT,Cedars_SPF,Distal_Colon,Colon,Mucosal,Mucosal_Colon,2015_Sept,TL1A-DTT-547-1D7,2015-Sept-Eight,342
TL1a_FP_286,4,F6,4F6,ATTGAGTGAGTC,NA,234,Male,No,None,NA,NA,NA,WT,Cedars_SPF,Ileum,SI,Luminal,Luminal_SI,2014_Nov,TL1a-FP-286,2014-Nov-two,343
TL1A_DTT_817,3,E1,3E1,ATTGTTCCTACC,817,375,Male,DSS,Group_11,40617,0,40766,WT,Humanized,Distal_Colon,Colon,Mucosal,Mucosal_Colon,2015_Sept,TL1A-DTT-817-3E1,2015-Sept-Eight,344
TL1a_DTT_140,1,F8,1F8,GTGTTGTCGTGC,NA,172,Male,No,None,NA,NA,NA,WT,Humanized,Proximal_Colon,Colon,Mucosal,Mucosal_Colon,2014_Sept,TL1a-DTT-140,2014_Sept,345
TL1a_FP_229,3,A3,3A3,GTGGTCATCGTA,NA,223,Female,No,None,NA,NA,NA,WT,Cedars_SPF,Distal_Colon,Colon,Luminal,Luminal_Colon,2014_Sept,TL1a-FP-229,2014_Sept,346
TL1a_DTT_89_Re_extracted,4,G2,4G2,TCGATTGGCCGT,NA,161,Male,No,None,NA,NA,NA,WT,Cedars_SPF,Jejunum,SI,Mucosal,Mucosal_SI,2014_Nov,TL1a-DTT-89-Re-extracted,2014-Nov-two,347
TL1a_FP_78,3,D3,3D3,GGTTCCATTAGG,NA,143,Male,No,None,NA,NA,NA,WT,Humanized,Duodenum,SI,Luminal,Luminal_SI,2014_Nov,TL1a-FP-78,2014-Nov-two,348
TL1A_DTT_735,2,F3,2F3,GATCACGAGAGG,735,335,Female,DSS,Group_9,40539,0,40731,WT,Cedars_SPF,Cecum,Colon,Mucosal,Mucosal_Colon,2015_Sept,TL1A-DTT-735-2F3,2015-Sept-Eight,349
TL1a_FP_210,4,B11,4B11,CAGTCGTTAAGA,NA,213,Female,No,None,NA,NA,NA,WT,Humanized,Duodenum,SI,Luminal,Luminal_SI,2014_Nov,TL1a-FP-210,2014-Nov-two,350
TL1A_FP_511,3,G1,3G1,TTCCTAGGCCAG,511,280,Female,DSS,Group_6,40345,40491,40604,WT,Cedars_SPF,Distal_Colon,Colon,Luminal,Luminal_Colon,2015_Sept,TL1A-FP-511-3G1,2015-Sept-Eight,351
TL1A_DTT_800,3,C8,3C8,GCGTCCATGAAT,800,366,Male,DSS,Group_11,40604,0,40766,WT,Cedars_SPF,Proximal_Colon,Colon,Mucosal,Mucosal_Colon,2015_Sept,TL1A-DTT-800-3C8,2015-Sept-Eight,352
TL1a_FP_208,4,B9,4B9,ACCCATACAGCC,NA,213,Female,No,None,NA,NA,NA,WT,Humanized,Ileum,SI,Luminal,Luminal_SI,2014_Nov,TL1a-FP-208,2014-Nov-two,353
TL1A_FP_821,2,C9,2C9,ATGCCATGCCGT,821,375,Male,DSS,Group_11,40617,0,40766,WT,Humanized,Jejunum,SI,Luminal,Luminal_SI,2015_Sept,TL1A-FP-821-2C9,2015-Sept-Sixteen,354
TL1A_DTT_641,1,H5,1H5,CTCACAACCGTG,641,322,Male,No,None,40512,0,40696,WT,Humanized,Jejunum,SI,Mucosal,Mucosal_SI,2015_Sept,TL1A-DTT-641-1H5,2015-Sept-Eight,355
TL1A_DTT_789,3,B9,3B9,GTTCGGTGTCCA,789,349,Female,DSS,Group_10,40557,0,40745,WT,Humanized,Cecum,Colon,Mucosal,Mucosal_Colon,2015_Sept,TL1A-DTT-789-3B9,2015-Sept-Eight,356
TL1A_DTT_560,1,E8,1E8,TGTCGCAAATAG,560,287,Female,DSS,Group_7,40366,40491,40612,WT,Humanized,Proximal_Colon,Colon,Mucosal,Mucosal_Colon,2015_Sept,TL1A-DTT-560-1E8,2015-Sept-Eight,357
TL1a_DTT_244_Repeat,4,G6,4G6,GCCAAGGATAGG,NA,226,Female,No,None,NA,NA,NA,WT,Humanized,Ileum,SI,Mucosal,Mucosal_SI,2014_Nov,TL1a-DTT-244-Repeat,2014-Nov-one,358
TL1a_FP_101,3,E10,3E10,CTCCCTTTGTGT,NA,163,Male,No,None,NA,NA,NA,WT,Humanized,Jejunum,SI,Luminal,Luminal_SI,2014_Nov,TL1a-FP-101,2014-Nov-two,359
TL1a_DTT_99,1,D3,1D3,ACCATAGCTCCG,NA,163,Male,No,None,NA,NA,NA,WT,Humanized,Cecum,Colon,Mucosal,Mucosal_Colon,2014_Sept,TL1a-DTT-99,2014_Sept,360
TL1A_FP_771,1,G7,1G7,GTACGATATGAC,771,350,Female,DSS,Group_10,40557,0,40745,WT,Cedars_SPF,Cecum,Colon,Luminal,Luminal_Colon,2015_Sept,TL1A-FP-771-1G7,2015-Sept-Sixteen,361
TL1A_DTT_639,1,H3,1H3,GTTGTTCTGGGA,639,322,Male,No,None,40512,0,40696,WT,Humanized,Cecum,Colon,Mucosal,Mucosal_Colon,2015_Sept,TL1A-DTT-639-1H3,2015-Sept-Eight,362
TL1A_FP_535,4,A1,4A1,TCTGAGGTTGCC,535,279,Female,DSS,Group_6,40345,40491,40604,WT,Humanized,Distal_Colon,Colon,Luminal,Luminal_Colon,2015_Sept,TL1A-FP-535-4A1,2015-Sept-Eight,363
TL1a_DTT_87,1,C3,1C3,AGTCGTGCACAT,NA,161,Male,No,None,NA,NA,NA,WT,Cedars_SPF,Cecum,Colon,Mucosal,Mucosal_Colon,2014_Sept,TL1a-DTT-87,2014_Sept,364
TL1A_FP_575,4,D5,4D5,ACTTTGCTTTGC,575,292,Female,DSS,Group_7,40415,40491,40612,WT,Humanized,Jejunum,SI,Luminal,Luminal_SI,2015_Sept,TL1A-FP-575-4D5,2015-Sept-Eight,365
TL1a_DTT_197_Repeat,4,F8,4F8,GCTAGTTATGGA,NA,217,Female,No,None,NA,NA,NA,WT,Cedars_SPF,Jejunum,SI,Mucosal,Mucosal_SI,2014_Nov,TL1a-DTT-197-Repeat,2014-Nov-one,366
TL1a_FP_244,4,D5,4D5,ACTTTGCTTTGC,NA,226,Female,No,None,NA,NA,NA,WT,Humanized,Ileum,SI,Luminal,Luminal_SI,2014_Nov,TL1a-FP-244,2014-Nov-two,367
TL1A_DTT_538,1,C10,1C10,CAACTCCCGTGA,538,279,Female,DSS,Group_6,40345,40491,40604,WT,Humanized,Ileum,SI,Mucosal,Mucosal_SI,2015_Sept,TL1A-DTT-538-1C10,2015-Sept-Eight,368
TL1a_DTT_266,2,E2,2E2,TGAACCCTATGG,NA,251,Male,No,None,NA,NA,NA,WT,Cedars_SPF,Proximal_Colon,Colon,Mucosal,Mucosal_Colon,2014_Sept,TL1a-DTT-266,2014_Sept,369
TL1A_DTT_740,2,F8,2F8,CACCTTACCTTA,740,344,Male,DSS,Group_9,40539,0,40731,WT,Cedars_SPF,Proximal_Colon,Colon,Mucosal,Mucosal_Colon,2015_Sept,TL1A-DTT-740-2F8,2015-Sept-Eight,370
TL1a_FP_232,4,C7,4C7,ACCAATCTCGGC,NA,223,Female,No,None,NA,NA,NA,WT,Cedars_SPF,Ileum,SI,Luminal,Luminal_SI,2014_Nov,TL1a-FP-232,2014-Nov-two,371
TL1A_FP_690,4,C10,4C10,TCGCCGTGTACA,690,340,Male,No,None,40539,0,40703,WT,Humanized,Duodenum,SI,Luminal,Luminal_SI,2015_Sept,TL1A-FP-690-4C10,2015-Sept-Eight,372
TL1a_DTT_270_Repeat,4,G11,4G11,ACCTGTCCTTTC,NA,251,Male,No,None,NA,NA,NA,WT,Cedars_SPF,Duodenum,SI,Mucosal,Mucosal_SI,2014_Nov,TL1a-DTT-270-Repeat,2014-Nov-one,373
TL1A_FP_711,1,B7,1B7,CATTATGGCGTG,711,310,Male,DSS,Group_8,40464,0,40724,WT,Humanized,Cecum,Colon,Luminal,Luminal_Colon,2015_Sept,TL1A-FP-711-1B7,2015-Sept-Sixteen,374
TL1a_FP_233,4,C8,4C8,TATCCAAGCGCA,NA,223,Female,No,None,NA,NA,NA,WT,Cedars_SPF,Jejunum,SI,Luminal,Luminal_SI,2014_Nov,TL1a-FP-233,2014-Nov-two,375
TL1A_DTT_687,2,B3,2B3,TCATGCTCCATT,687,340,Male,No,None,40539,0,40703,WT,Humanized,Cecum,Colon,Mucosal,Mucosal_Colon,2015_Sept,TL1A-DTT-687-2B3,2015-Sept-Eight,376
TL1A_FP_699,1,A7,1A7,GTCGTGTAGCCT,699,314,Female,DSS,Group_8,40476,0,40724,WT,Cedars_SPF,Cecum,Colon,Luminal,Luminal_Colon,2015_Sept,TL1A-FP-699-1A7,2015-Sept-Sixteen,377
TL1A_DTT_515,1,A11,1A11,ACCGGTATGTAC,515,280,Female,DSS,Group_6,40345,40491,40604,WT,Cedars_SPF,Jejunum,SI,Mucosal,Mucosal_SI,2015_Sept,TL1A-DTT-515-1A11,2015-Sept-Eight,378
TL1A_DTT_788,3,B8,3B8,TGCACGTGATAA,788,349,Female,DSS,Group_10,40557,0,40745,WT,Humanized,Proximal_Colon,Colon,Mucosal,Mucosal_Colon,2015_Sept,TL1A-DTT-788-3B8,2015-Sept-Eight,379
TL1A_DTT_761,2,H5,2H5,ACGATTCGAGTC,761,337,Male,DSS,Group_9,40539,0,40731,WT,Humanized,Jejunum,SI,Mucosal,Mucosal_SI,2015_Sept,TL1A-DTT-761-2H5,2015-Sept-Eight,380
TL1a_FP_63,3,C2,3C2,ATTTAGGACGAC,NA,141,Male,No,None,NA,NA,NA,WT,Humanized,Cecum,Colon,Luminal,Luminal_Colon,2014_Nov,TL1a-FP-63,2014-Nov-two,381
TL1a_DTT_232,2,C4,2C4,ATGTGTGTAGAC,NA,223,Female,No,None,NA,NA,NA,WT,Cedars_SPF,Ileum,SI,Mucosal,Mucosal_SI,2014_Sept,TL1a-DTT-232,2014_Sept,382
TL1A_DTT_689,2,B5,2B5,GAGAGCAACAGA,689,340,Male,No,None,40539,0,40703,WT,Humanized,Jejunum,SI,Mucosal,Mucosal_SI,2015_Sept,TL1A-DTT-689-2B5,2015-Sept-Eight,383
TL1a_DTT_142_Repeat,4,E6,4E6,TAATGCCCAGGT,NA,172,Male,No,None,NA,NA,NA,WT,Humanized,Ileum,SI,Mucosal,Mucosal_SI,2014_Nov,TL1a-DTT-142-Repeat,2014-Nov-one,384
TL1a_DTT_77,1,B5,1B5,GTAGATCGTGTA,NA,143,Male,No,None,NA,NA,NA,WT,Humanized,Jejunum,SI,Mucosal,Mucosal_SI,2014_Sept,TL1a-DTT-77,2014_Sept,385
TL1a_DTT_98,1,D2,1D2,TGCAGTCCTCGA,NA,163,Male,No,None,NA,NA,NA,WT,Humanized,Proximal_Colon,Colon,Mucosal,Mucosal_Colon,2014_Sept,TL1a-DTT-98,2014_Sept,386
TL1A_DTT_772,3,A4,3A4,CTGAAGGGCGAA,772,350,Female,DSS,Group_10,40557,0,40745,WT,Cedars_SPF,Ileum,SI,Mucosal,Mucosal_SI,2015_Sept,TL1A-DTT-772-3A4,2015-Sept-Eight,387
TL1A_DTT_537,1,C9,1C9,GCATATGCACTG,537,279,Female,DSS,Group_6,40345,40491,40604,WT,Humanized,Cecum,Colon,Mucosal,Mucosal_Colon,2015_Sept,TL1A-DTT-537-1C9,2015-Sept-Eight,388
TL1a_FP_243,4,D4,4D4,ACGGCGTTATGT,NA,226,Female,No,None,NA,NA,NA,WT,Humanized,Cecum,Colon,Luminal,Luminal_Colon,2014_Nov,TL1a-FP-243,2014-Nov-two,389
TL1A_DTT_811,3,D7,3D7,CTCGTGAATGAC,811,360,Male,DSS,Group_11,40583,0,40766,WT,Humanized,Distal_Colon,Colon,Mucosal,Mucosal_Colon,2015_Sept,TL1A-DTT-811-3D7,2015-Sept-Eight,390
TL1A_DTT_628,1,G4,1G4,AACTAGTTCAGG,628,324,Male,No,None,40512,0,40696,WT,Cedars_SPF,Ileum,SI,Mucosal,Mucosal_SI,2015_Sept,TL1A-DTT-628-1G4,2015-Sept-Eight,391
TL1a_FP_268,4,E3,4E3,AAGGGCGCTGAA,NA,251,Male,No,None,NA,NA,NA,WT,Cedars_SPF,Ileum,SI,Luminal,Luminal_SI,2014_Nov,TL1a-FP-268,2014-Nov-two,392
TL1a_FP_97,2,H1,2H1,GTGCAACCAATC,NA,163,Male,No,None,NA,NA,NA,WT,Humanized,Distal_Colon,Colon,Luminal,Luminal_Colon,2014_Sept,TL1a-FP-97,2014_Sept,393
TL1A_FP_791,2,A3,2A3,GATTATCGACGA,791,349,Female,DSS,Group_10,40557,0,40745,WT,Humanized,Jejunum,SI,Luminal,Luminal_SI,2015_Sept,TL1A-FP-791-2A3,2015-Sept-Sixteen,394
TL1a_FP_285,4,F5,4F5,CTCTATTCCACC,NA,234,Male,No,None,NA,NA,NA,WT,Cedars_SPF,Cecum,Colon,Luminal,Luminal_Colon,2014_Nov,TL1a-FP-285,2014-Nov-two,395
TL1A_FP_539,4,A5,4A5,ATTATCGTCCCT,539,279,Female,DSS,Group_6,40345,40491,40604,WT,Humanized,Jejunum,SI,Luminal,Luminal_SI,2015_Sept,TL1A-FP-539-4A5,2015-Sept-Eight,396
TL1A_FP_812,2,B12,2B12,TTGCCAAGAGTC,812,360,Male,DSS,Group_11,40583,0,40766,WT,Humanized,Proximal_Colon,Colon,Luminal,Luminal_Colon,2015_Sept,TL1A-FP-812-2B12,2015-Sept-Sixteen,397
TL1A_FP_627,4,D9,4D9,AATAGCATGTCG,627,324,Male,No,None,40512,0,40696,WT,Cedars_SPF,Cecum,Colon,Luminal,Luminal_Colon,2015_Sept,TL1A-FP-627-4D9,2015-Sept-Eight,398
TL1a_DTT_288,2,F12,2F12,CGCTACAACTCG,NA,234,Male,No,None,NA,NA,NA,WT,Cedars_SPF,Duodenum,SI,Mucosal,Mucosal_SI,2014_Sept,TL1a-DTT-288,2014_Sept,399
TL1A_DTT_548,1,D8,1D8,AAGGCGCTCCTT,548,306,Male,DSS,Group_7,40450,40491,40612,WT,Cedars_SPF,Proximal_Colon,Colon,Mucosal,Mucosal_Colon,2015_Sept,TL1A-DTT-548-1D8,2015-Sept-Eight,400
TL1a_DTT_170,1,H2,1H2,GCGTTCTAGCTG,NA,178,Female,No,None,NA,NA,NA,WT,Humanized,Proximal_Colon,Colon,Mucosal,Mucosal_Colon,2014_Sept,TL1a-DTT-170,2014_Sept,401
TL1A_DTT_697,2,C1,2C1,AGTAGCGGAAGA,697,314,Female,DSS,Group_8,40476,0,40724,WT,Cedars_SPF,Distal_Colon,Colon,Mucosal,Mucosal_Colon,2015_Sept,TL1A-DTT-697-2C1,2015-Sept-Eight,402
TL1A_DTT_820,3,E4,3E4,AGATGATCAGTC,820,375,Male,DSS,Group_11,40617,0,40766,WT,Humanized,Ileum,SI,Mucosal,Mucosal_SI,2015_Sept,TL1A-DTT-820-3E4,2015-Sept-Eight,403
TL1a_DTT_101_Repeat,4,D8,4D8,GAGGACCAGCAA,NA,163,Male,No,None,NA,NA,NA,WT,Humanized,Jejunum,SI,Mucosal,Mucosal_SI,2014_Nov,TL1a-DTT-101-Repeat,2014-Nov-one,404
TL1A_FP_550,4,B4,4B4,GACTGACTCGTC,550,306,Male,DSS,Group_7,40450,40491,40612,WT,Cedars_SPF,Ileum,SI,Luminal,Luminal_SI,2015_Sept,TL1A-FP-550-4B4,2015-Sept-Eight,405
TL1a_DTT_208,2,B4,2B4,AGCTGTCAAGCT,NA,213,Female,No,None,NA,NA,NA,WT,Humanized,Ileum,SI,Mucosal,Mucosal_SI,2014_Sept,TL1a-DTT-208,2014_Sept,406
TL1A_FP_788,1,H12,1H12,GATCCCACGTAC,788,349,Female,DSS,Group_10,40557,0,40745,WT,Humanized,Proximal_Colon,Colon,Luminal,Luminal_Colon,2015_Sept,TL1A-FP-788-1H12,2015-Sept-Sixteen,407
TL1a_FP_170,3,H11,3H11,CTACACAGCACA,NA,178,Female,No,None,NA,NA,NA,WT,Humanized,Proximal_Colon,Colon,Luminal,Luminal_Colon,2014_Nov,TL1a-FP-170,2014-Nov-two,408
TL1A_FP_735,1,D7,1D7,TTGGGTACACGT,735,335,Female,DSS,Group_9,40539,0,40731,WT,Cedars_SPF,Cecum,Colon,Luminal,Luminal_Colon,2015_Sept,TL1A-FP-735-1D7,2015-Sept-Sixteen,409
TL1A_DTT_792,3,B12,3B12,TTCTCCATCACA,792,349,Female,DSS,Group_10,40557,0,40745,WT,Humanized,Duodenum,SI,Mucosal,Mucosal_SI,2015_Sept,TL1A-DTT-792-3B12,2015-Sept-Eight,410