metadata,feature,value,coef,stderr,N,N.not.0,pval,qval,Relative_Abundance,OTU_ID,Taxonomy,Taxon,Genus,Family,Order
Site,a8bb13e9e2b548216ed9a9619c1767a0,Proximal_Colon,0.4426219516,0.1024049263,138,49,3.81E-05,0.0009482928733,0.0007237105716,TACGTAGGGGGCGAGCGTTGTCCGGAATCACTGGGCGTAAAGGGCGCGTAGGCGGTAATATAAGTCAGATGTGAAAGGTGGGGGCTCAACCCCTAGAGTGCAACTGATACTGTATAACTTGAGTGTGAGAGAGGGAAGCGGAATTCCTAGTGTAGCGGTGAAATGCGTAGATATTAGGAGGAACACCAGTGGCGAAGGCGGCTTTCTGGCTCATAACTGACGCTGAGGCGCGAAAGCGTGGGGAGCAAACA,k__Bacteria; p__Firmicutes; c__Clostridia; o__Clostridiales; f__; g__; s__,Clostridiales (o), s__,; s__ (f),Clostridiales (o)
Site,a8bb13e9e2b548216ed9a9619c1767a0,Cecum,0.4359316103,0.1046685265,138,49,6.87E-05,0.001581023047,0.0007237105716,TACGTAGGGGGCGAGCGTTGTCCGGAATCACTGGGCGTAAAGGGCGCGTAGGCGGTAATATAAGTCAGATGTGAAAGGTGGGGGCTCAACCCCTAGAGTGCAACTGATACTGTATAACTTGAGTGTGAGAGAGGGAAGCGGAATTCCTAGTGTAGCGGTGAAATGCGTAGATATTAGGAGGAACACCAGTGGCGAAGGCGGCTTTCTGGCTCATAACTGACGCTGAGGCGCGAAAGCGTGGGGAGCAAACA,k__Bacteria; p__Firmicutes; c__Clostridia; o__Clostridiales; f__; g__; s__,Clostridiales (o), s__,; s__ (f),Clostridiales (o)
Site,5e7454ae5bc6cea5edbfbe42b2d24477,Proximal_Colon,0.2279610787,0.06238504872,138,77,0.0004624367536,0.007523056455,0.001103930912,TACGGGGGGTGCAAGCGTTGTCCGGAATCATTGGGCGTAAAGCGTTCGTAGGCGGCAAGGTAAGTCTGATGTTAAAGCCCGGGGCTCAACTCCGGTTCGGCATTGGATACTATCTAGCTAGAATGTGGTAGAGGTAAAGGGAATTCCTGGTGTAGCGGTGAAATGCGTAGATATCAGGAGGAACATCGGTGGCGAAAGCGCTTTACTGGACCATTATTGACGCTGAGGAACGAAAGCCAGGGGAGCAAATG,k__Bacteria; p__Cyanobacteria; c__Melainabacteria; o__Gastranaerophilales; f__; g__; s__,Gastranaerophilales (o), s__,; s__ (f),Gastranaerophilales (o)
Site,0758746de870fac931a39b11205ea4f6,Proximal_Colon,0.2390588174,0.06605626733,138,64,0.0005806819588,0.009221782536,0.001023109606,TACGTATGGGGCAAGCGTTATCCGGATTTACTGGGTGTAAAGGGAGCGTAGGCGGCAGGGCAAGCCTGATGTGAAAGCCCGGGGCTCAACCCCGGGACTGCATTGGGAACTGCCCCGCTCGAGTGCCGGAGGGGCAGGCGGAATTCCTAGTGTAGCGGTGAAATGCGTAGATATTAGGAGGAACACCAGTGGCGAAGGCGGCCTGCTGGACGGTGTACTGACGCTGAGGCTCGAAAGCGTGGGGAGCAAAC,k__Bacteria; p__Firmicutes; c__Clostridia; o__Clostridiales; f__Lachnospiraceae; g__A2; s__,A2,A2,Lachnospiraceae (f),Clostridiales (o)
Site,1ab3b71e73441e341b02e15407e5b9e5,Proximal_Colon,0.5434777123,0.1451738498,138,15,0.001008026065,0.01331392843,0.000255723257,TACGTAGGGGGCAAGCGTTATCCGGATTTACTGGGTGTAAAGGGAGCGTAGACGGCGCTGCAAGTCCGGAGTGAAAGCCCATGGCTTAACCATGGTACTGCTCTGGAAACTGTGGAGCTTGAGTGCGGGAGGGGCAGGCGGAATTCCTAGTGTAGCGGTGAAATGCGTAGATATTAGGAGGAACACCGGCGGCGAAGGCGGCCTGCTGGACCGTAACTGACGTTGAGGCTCGAAAGCGTGGGGAGCAAACA,k__Bacteria; p__Firmicutes; c__Clostridia; o__Clostridiales; f__Lachnospiraceae; g__Acetatifactor; s__,Acetatifactor,Acetatifactor,Lachnospiraceae (f),Clostridiales (o)
Site,2721883a2b4af04bdb995e3e78d70426,Proximal_Colon,0.382677851,0.1199744212,138,28,0.002549110737,0.02773514308,0.0006137046782,TACGTAGGGGGCAAGCGTTATCCGGATTTACTGGGTGTAAAGGGAGCGTAGACGGTTGTATAAGTCTGGAGTGAAAGCCCGGGGCCCAACCCCGGGACTGCTTTGGAAACTGTGTAACTTGAGTACAGGAGGGGCAGGCGGAATTCCTGGTGTAGCGGTGAAATGCGTAGATATCAGGAGGAACACCGGCGGCGAAGGCGGCCTGCTGGACTGAAACTGACGTTGAGGCTCGAAAGCGTGGGGAGCAAACA,k__Bacteria; p__Firmicutes; c__Clostridia; o__Clostridiales; f__Lachnospiraceae; g__Acetatifactor; s__,Acetatifactor,Acetatifactor,Lachnospiraceae (f),Clostridiales (o)
Site,e8ed0e081283c5963ce9860944f651c6,Proximal_Colon,0.2239292795,0.07474070533,138,102,0.003600962206,0.03695141217,0.003205233235,TACGTAGGGGGCAAGCGTTATCCGGATTTACTGGGTGTAAAGGGAGCGTAGACGGTTATGTAAGTCTGGAGTGAAAGCCCGGGGCCCAACCCCGGGACTGCTTTGGAAACTGTGTAACTGGAGTACAGGAGGGGCAGGCGGAATTCCTGGTGTAGCGGTGAAATGCGTAGATATCAGGAGGAACACCGGCGGCGAAGGCGGCCTGCTGGACTGAAACTGACGTTGAGGCTCGAAAGCGTGGGGAGCAAACA,k__Bacteria; p__Firmicutes; c__Clostridia; o__Clostridiales; f__Lachnospiraceae; g__Acetatifactor; s__,Acetatifactor,Acetatifactor,Lachnospiraceae (f),Clostridiales (o)
Site,fbbeae3dceada6928b2cdc472f5d9901,Proximal_Colon,-0.2755491303,0.06753293861,138,54,0.0002284573192,0.004292423434,0.00325213607,TACAGAGGTCTCAAGCGTTGTTCGGAATCACTGGGCGTAAAGCGTGCGTAGGCTGTTTCGTAAGTCGTGTGTGAAAGGCGCGGGCTCAACCCGCGGACGGCACATGATACTGCGAGACTAGAGTAATGGAGGGGGAACCGGAATTCTCGGTGTAGCAGTGAAATGCGTAGATATCGAGAGGAACACTCGTGGCGAAGGCGGGTTCCTGGACATTAACTGACGCTGAGGCACGAAGGCCAGGGGAGCGAAAG,k__Bacteria; p__Verrucomicrobia; c__Verrucomicrobiae; o__Verrucomicrobiales; f__Akkermansiaceae; g__Akkermansia; s__muciniphila,Akkermansia,Akkermansia,Akkermansiaceae (f),Verrucomicrobiales (o)
Site,fbbeae3dceada6928b2cdc472f5d9901,Cecum,-0.2600532301,0.0708808635,138,54,0.0007625259884,0.0109407755,0.00325213607,TACAGAGGTCTCAAGCGTTGTTCGGAATCACTGGGCGTAAAGCGTGCGTAGGCTGTTTCGTAAGTCGTGTGTGAAAGGCGCGGGCTCAACCCGCGGACGGCACATGATACTGCGAGACTAGAGTAATGGAGGGGGAACCGGAATTCTCGGTGTAGCAGTGAAATGCGTAGATATCGAGAGGAACACTCGTGGCGAAGGCGGGTTCCTGGACATTAACTGACGCTGAGGCACGAAGGCCAGGGGAGCGAAAG,k__Bacteria; p__Verrucomicrobia; c__Verrucomicrobiae; o__Verrucomicrobiales; f__Akkermansiaceae; g__Akkermansia; s__muciniphila,Akkermansia,Akkermansia,Akkermansiaceae (f),Verrucomicrobiales (o)
Site,e10905e9870f08c9b02a8165eab1723e,Proximal_Colon,0.1522685942,0.04657626831,138,56,0.002398168198,0.02665963647,0.001202501288,TACGGAGGATTCAAGCGTTATCCGGATTTATTGGGTTTAAAGGGTGCGTAGGCGGTTCGATAAGTTAGAGGTGAAATCCCGGGGCTCAACTCCGGCATTGCCTCTGATACTGTCGGGCTAGAGTTTAGTTGCGGTAGGCGGAATGTATGGTGTAGCGGTGAAATGCATAGAGATCATACAGAACACCGATTGCGAAGGCAGCTTACCAAACTACGACTGACGTTGAGGCACGAAAGCGTGGGGAGCAAACA,k__Bacteria; p__Bacteroidetes; c__Bacteroidia; o__Bacteroidales; f__Rikenellaceae; g__Alistipes; s__,Alistipes,Alistipes,Rikenellaceae (f),Bacteroidales (o)
Site,e10905e9870f08c9b02a8165eab1723e,Cecum,0.1515078059,0.04655194847,138,56,0.002491832929,0.0274719432,0.001202501288,TACGGAGGATTCAAGCGTTATCCGGATTTATTGGGTTTAAAGGGTGCGTAGGCGGTTCGATAAGTTAGAGGTGAAATCCCGGGGCTCAACTCCGGCATTGCCTCTGATACTGTCGGGCTAGAGTTTAGTTGCGGTAGGCGGAATGTATGGTGTAGCGGTGAAATGCATAGAGATCATACAGAACACCGATTGCGAAGGCAGCTTACCAAACTACGACTGACGTTGAGGCACGAAAGCGTGGGGAGCAAACA,k__Bacteria; p__Bacteroidetes; c__Bacteroidia; o__Bacteroidales; f__Rikenellaceae; g__Alistipes; s__,Alistipes,Alistipes,Rikenellaceae (f),Bacteroidales (o)
Site,5b74065cc4963be8f6447b2c9ffcbc87,Proximal_Colon,0.2107647035,0.05488693334,138,40,0.000784646971,0.0109407755,0.001934898465,TACGTAGGGAGCGAGCGTTATCCGGAATTATTGGGCGTAAAGGGTGCGTAGATGGCATAGTAAGTCTTTTGTAAAAATGCTGGGCTCAACCCAGTAGGGCAAAAGATACTGCAAAGCTAGAGTATGACAGAGGCAAGTGGAACTACATGTGTAGCGGTAAAATGCGTAAATATATGTAAGAACACCAGTGGCGAAGGCGGCTTGCTGGGTCGATACTGACATTGAGGCACGAAAGCGTGGGGAGCAAACAG,k__Bacteria; p__Tenericutes; c__Mollicutes; o__Anaeroplasmatales; f__Anaeroplasmataceae; g__Anaeroplasma; s__,Anaeroplasma,Anaeroplasma,Anaeroplasmataceae (f),Anaeroplasmatales (o)
Site,292a57429f3bed0adc53c07dc4c62c9f,Proximal_Colon,0.2480264033,0.03063020308,138,97,8.19E-12,3.64E-09,0.0022761382,TACGTAGGGAGCGAGCGTTGTCCGGAATTACTGGGTGTAAAGGGAGCGTAGGCGGGCGAGAAAGTTGAATGTTAAATCTACCGGCTTAACTGGTAGCTGCGTTCAAAACTTCTTGTCTTGAGTGAAGTAGAGGCAGGCGGAATTCCTAGTGTAGCGGTGAAATGCGTAGATATTAGGAGGAACACCAGTGGCGAAGGCGGCCTGCTGGGCTTTAACTGACGCTGAGGCTCGAAAGCGTGGGGAGCAAACAG,k__Bacteria; p__Firmicutes; c__Clostridia; o__Clostridiales; f__Ruminococcaceae; g__Anaerotruncus; s__,Anaerotruncus,Anaerotruncus,Ruminococcaceae (f),Clostridiales (o)
Site,292a57429f3bed0adc53c07dc4c62c9f,Cecum,0.1503831057,0.03074571831,138,97,5.73E-06,0.0002013129154,0.0022761382,TACGTAGGGAGCGAGCGTTGTCCGGAATTACTGGGTGTAAAGGGAGCGTAGGCGGGCGAGAAAGTTGAATGTTAAATCTACCGGCTTAACTGGTAGCTGCGTTCAAAACTTCTTGTCTTGAGTGAAGTAGAGGCAGGCGGAATTCCTAGTGTAGCGGTGAAATGCGTAGATATTAGGAGGAACACCAGTGGCGAAGGCGGCCTGCTGGGCTTTAACTGACGCTGAGGCTCGAAAGCGTGGGGAGCAAACAG,k__Bacteria; p__Firmicutes; c__Clostridia; o__Clostridiales; f__Ruminococcaceae; g__Anaerotruncus; s__,Anaerotruncus,Anaerotruncus,Ruminococcaceae (f),Clostridiales (o)
Site,76d6be90e19a660c9a84b35fa31d801c,Proximal_Colon,-0.3345213469,0.05506366835,138,88,5.14E-08,3.85E-06,0.005450447286,TACGGAGGATCCGAGCGTTATCCGGATTTATTGGGTTTAAAGGGAGCGTAGATGGATGTTTAAGTCAGTTGTGAAAGTTTGCGGCTCAACCGTAAAATTGCAGTTGATACTGGATATCTTGAGTGCAGTTGAGGCAGGCGGAATTCGTGGTGTAGCGGTGAAATGCTTAGATATCACGAAGAACTCCGATTGCGAAGGCAGCCTGCTAAGCTGCAACTGACATTGAGGCTCGAAAGTGTGGGTATCAAACA,k__Bacteria; p__Bacteroidetes; c__Bacteroidia; o__Bacteroidales; f__Bacteroidaceae; g__Bacteroides; s__vulgatus,Bacteroides,Bacteroides,Bacteroidaceae (f),Bacteroidales (o)
Site,dcd0c235615b718f89bb8cc76b5a627f,Proximal_Colon,-0.1832863633,0.0333576482,138,109,4.57E-07,2.26E-05,0.003154117201,TACGGAGGATCCGAGCGTTATCCGGATTTATTGGGTTTAAAGGGAGCGTAGGTGGATTGTTAAGTCAGTTGTGAAAGTTTGCGGCTCAACCGTAAAATTGCAGTTGAAACTGGCAGTCTTGAGTACAGTAGAGGTGGGCGGAATTCGTGGTGTAGCGGTGAAATGCTTAGATATCACGAAGAACTCCGATTGCGAAGGCAGCTCACTGGACTGCAACTGACACTGAGGCTCGAAAGTGTGGGTATCAAACA,k__Bacteria; p__Bacteroidetes; c__Bacteroidia; o__Bacteroidales; f__Bacteroidaceae; g__Bacteroides; s__acidifaciens,Bacteroides,Bacteroides,Bacteroidaceae (f),Bacteroidales (o)
Site,5fc2d4103e27f399113f1fc7c954ef66,Proximal_Colon,-0.2704162582,0.05483445349,138,71,5.70E-06,0.0002013129154,0.002053868797,TACGGAGGATCCGAGCGTTATCCGGATTTATTGGGTTTAAAGGGAGCGTAGGTGGATTGTTAAGTCAGTTGTGAAAGTTTGCGGCTCAACCGTAAAATTGCAGTTGAAACTGGCAGTCTTGAGTACAGTAGAGGTGGGCGGAATTCGTGGTGTAGCGGTGAAATGCTTAGATATCACGAAGAACTCCGATTGCGAAGGCAGCTCACTAGACTGCAACTGACACTGATGCTCGAAAGTGTGGGTATCAAACA,k__Bacteria; p__Bacteroidetes; c__Bacteroidia; o__Bacteroidales; f__Bacteroidaceae; g__Bacteroides; s__,Bacteroides,Bacteroides,Bacteroidaceae (f),Bacteroidales (o)
Site,76d6be90e19a660c9a84b35fa31d801c,Cecum,-0.1847328008,0.05258688345,138,88,0.0007730553367,0.0109407755,0.005450447286,TACGGAGGATCCGAGCGTTATCCGGATTTATTGGGTTTAAAGGGAGCGTAGATGGATGTTTAAGTCAGTTGTGAAAGTTTGCGGCTCAACCGTAAAATTGCAGTTGATACTGGATATCTTGAGTGCAGTTGAGGCAGGCGGAATTCGTGGTGTAGCGGTGAAATGCTTAGATATCACGAAGAACTCCGATTGCGAAGGCAGCCTGCTAAGCTGCAACTGACATTGAGGCTCGAAAGTGTGGGTATCAAACA,k__Bacteria; p__Bacteroidetes; c__Bacteroidia; o__Bacteroidales; f__Bacteroidaceae; g__Bacteroides; s__vulgatus,Bacteroides,Bacteroides,Bacteroidaceae (f),Bacteroidales (o)
Site,dcd0c235615b718f89bb8cc76b5a627f,Cecum,-0.09768534224,0.03317323407,138,109,0.004221905213,0.04212808024,0.003154117201,TACGGAGGATCCGAGCGTTATCCGGATTTATTGGGTTTAAAGGGAGCGTAGGTGGATTGTTAAGTCAGTTGTGAAAGTTTGCGGCTCAACCGTAAAATTGCAGTTGAAACTGGCAGTCTTGAGTACAGTAGAGGTGGGCGGAATTCGTGGTGTAGCGGTGAAATGCTTAGATATCACGAAGAACTCCGATTGCGAAGGCAGCTCACTGGACTGCAACTGACACTGAGGCTCGAAAGTGTGGGTATCAAACA,k__Bacteria; p__Bacteroidetes; c__Bacteroidia; o__Bacteroidales; f__Bacteroidaceae; g__Bacteroides; s__acidifaciens,Bacteroides,Bacteroides,Bacteroidaceae (f),Bacteroidales (o)
Site,5fc2d4103e27f399113f1fc7c954ef66,Cecum,-0.159346937,0.05375643064,138,71,0.004178564748,0.04212808024,0.002053868797,TACGGAGGATCCGAGCGTTATCCGGATTTATTGGGTTTAAAGGGAGCGTAGGTGGATTGTTAAGTCAGTTGTGAAAGTTTGCGGCTCAACCGTAAAATTGCAGTTGAAACTGGCAGTCTTGAGTACAGTAGAGGTGGGCGGAATTCGTGGTGTAGCGGTGAAATGCTTAGATATCACGAAGAACTCCGATTGCGAAGGCAGCTCACTAGACTGCAACTGACACTGATGCTCGAAAGTGTGGGTATCAAACA,k__Bacteria; p__Bacteroidetes; c__Bacteroidia; o__Bacteroidales; f__Bacteroidaceae; g__Bacteroides; s__,Bacteroides,Bacteroides,Bacteroidaceae (f),Bacteroidales (o)
Site,eee9bab26577ab7978a3c7bb4a082922,Proximal_Colon,-0.4437162891,0.1023932865,138,32,0.0001595561057,0.003176833507,0.0005845175932,TACGTAGGGTGCAAGCGTTATCCGGATTTATTGGGCGTAAAGGGCTCGTAGGCGGTTCGTCGCGTCCGGTGTGAAAGTCCATCGCTTAACGGTGGATCCGCGCCGGGTACGGGCGGGCTTGAGTGCGGTAGGGGAGACTGGAATTCCCGGTGTAACGGTGGAATGTGTAGATATCGGGAAGAACACCAATGGCGAAGGCAGGTCTCTGGGCCGTTACTGACGCTGAGGAGCGAAAGCGTGGGGAGCGAACA,k__Bacteria; p__Actinobacteria; c__Actinobacteria; o__Bifidobacteriales; f__Bifidobacteriaceae; g__Bifidobacterium; s__,Bifidobacterium,Bifidobacterium,Bifidobacteriaceae (f),Bifidobacteriales (o)
Site,eee9bab26577ab7978a3c7bb4a082922,Cecum,-0.366630064,0.09531544095,138,32,0.0006435730829,0.009868120605,0.0005845175932,TACGTAGGGTGCAAGCGTTATCCGGATTTATTGGGCGTAAAGGGCTCGTAGGCGGTTCGTCGCGTCCGGTGTGAAAGTCCATCGCTTAACGGTGGATCCGCGCCGGGTACGGGCGGGCTTGAGTGCGGTAGGGGAGACTGGAATTCCCGGTGTAACGGTGGAATGTGTAGATATCGGGAAGAACACCAATGGCGAAGGCAGGTCTCTGGGCCGTTACTGACGCTGAGGAGCGAAAGCGTGGGGAGCGAACA,k__Bacteria; p__Actinobacteria; c__Actinobacteria; o__Bifidobacteriales; f__Bifidobacteriaceae; g__Bifidobacterium; s__,Bifidobacterium,Bifidobacterium,Bifidobacteriaceae (f),Bifidobacteriales (o)
Site,204736c3bd4a4c1f840e9fc99a5155d2,Cecum,0.2692661013,0.0428251992,138,97,2.59E-08,2.31E-06,0.001634959093,TACGGAGGGTGCGAGCGTTAATCGGAATCACTGGGCGTAAAGCGCGCGTAGGCGGCTTTTCAAGTCAGGGGTGAAATCCCACGGCCCAACCGTGGAACTGCCTTTGAAACTGTAGAGCTTGAGTGTCGGAGAGGGTGGCGGAATTCCAGGTGTAGGAGTGAAATCCGTAGATATCTGGAGGAACACCGGTGGCGAAGGCGGCCACCTGGACGACAACTGACGCTGAGGTGCGAAAGCGTGGGTAGCAAACA,k__Bacteria; p__Proteobacteria; c__Deltaproteobacteria; o__Desulfovibrionales; f__Desulfovibrionaceae; g__Bilophila; s__,Bilophila,Bilophila,Desulfovibrionaceae (f),Desulfovibrionales (o)
Site,204736c3bd4a4c1f840e9fc99a5155d2,Proximal_Colon,0.1945878388,0.04294023337,138,97,2.43E-05,0.0006621327758,0.001634959093,TACGGAGGGTGCGAGCGTTAATCGGAATCACTGGGCGTAAAGCGCGCGTAGGCGGCTTTTCAAGTCAGGGGTGAAATCCCACGGCCCAACCGTGGAACTGCCTTTGAAACTGTAGAGCTTGAGTGTCGGAGAGGGTGGCGGAATTCCAGGTGTAGGAGTGAAATCCGTAGATATCTGGAGGAACACCGGTGGCGAAGGCGGCCACCTGGACGACAACTGACGCTGAGGTGCGAAAGCGTGGGTAGCAAACA,k__Bacteria; p__Proteobacteria; c__Deltaproteobacteria; o__Desulfovibrionales; f__Desulfovibrionaceae; g__Bilophila; s__,Bilophila,Bilophila,Desulfovibrionaceae (f),Desulfovibrionales (o)
Site,6f0b4058c92e83c77533a218739a0e38,Proximal_Colon,-0.3073543778,0.0869528807,138,41,0.001258853561,0.01555397817,0.0009067132279,TACGTAGGGGGCAAGCGTTATCCGGATTTACTGGGTGTAAAGGGAGCGTAGACGGTGTGGCAAGTCTGATGTGAAAGGCATGGGCTCAACCTGTGGACTGCATTGGAAACTGTCATACTTGAGTGCCGGAGGGGTAAGCGGAATTCCTAGTGTAGCGGTGAAATGCGTAGATATTAGGAGGAACACCAGTGGCGAAGGCGGCTTACTGGACGGTAACTGACGTTGAGGCTCGAAAGCGTGGGGAGCAAACA,k__Bacteria; p__Firmicutes; c__Clostridia; o__Clostridiales; f__Lachnospiraceae; g__Blautia; s__,Blautia,Blautia,Lachnospiraceae (f),Clostridiales (o)
Site,108627a3879bcb1138b2c54c39e9f4a1,Proximal_Colon,0.2894450338,0.08964219883,138,71,0.00187460351,0.02155794036,0.001387908967,TACGTAGGGAGCAAGCGTTATCCGGATTTACTGGGTGTAAAGGGCGAGTAGGCGGGCTGGCAAGTTGGGAGTGAAATCCCGGGGCTTAACCCCGGAACTGCTTTCAAAACTGCTGGTCTTGAGTGATGGAGAGGCAGGCGGAATTCCGTGTGTAGCGGTGAAATGCGTAGATATACGGAGGAACACCAGTGGCGAAGGCGGCCTGCTGGACATTAACTGACGCTGAGGAGCGAAAGCGTGGGGAGCAAACA,k__Bacteria; p__Firmicutes; c__Clostridia; o__Clostridiales; f__Ruminococcaceae; g__Butyricicoccus; s__,Butyricicoccus,Butyricicoccus,Ruminococcaceae (f),Clostridiales (o)
Site,6d5171bbc6ef97262119e6d152d82164,Proximal_Colon,-0.3348507818,0.09889862838,138,59,0.001259242611,0.01555397817,0.002057526737,TACGTAGGTGGCAAGCGTTGTTCGGAATAACTGGGCGTAAAGGATGCGTAGGCGGTTAAACAAGTTATATGTTAAATATATAGGCTTAACCTGTAGAAAGCATATAAAACTGTTTAACTAGAGTGCAGGAGAGGTAAGTGGAATTCCTAGTGTAGCGGTGAAATGCGTAGAGATTAGGAAGAACACCAGTGGCGAAGGCGACTTACTGGACTGTAACTGACGCTGAGGCATGAGAGCATGGGGAGCAAACA,k__Bacteria; p__Firmicutes; c__Clostridia; o__Clostridiales; f__Clostridiaceae_1; g__Candidatus_Arthromitus; s__,Candidatus_Arthromitus,Candidatus_Arthromitus,Clostridiaceae_1 (f),Clostridiales (o)
Site,d4582580d27b0dcaff88f316edc6795c,Proximal_Colon,0.4944667362,0.09947826996,138,43,8.45E-06,0.0002622577223,0.0007167720182,TACGTAGGGGGCGAGCGTTGTCCGGAATGACTGGGCGTAAAGGGAGTGTAGGCGGCATATTAAGTTATGTGTGAAAGCCCGCGGCTCAACCGCGGAATTGCACATAAAACTGGTAAGCTGGAGTGCAGGAGAGGTAAGTGGAATTCCCGGTGTAGCGGTGGAATGCGTAGATATCGGGAGGAACACCAGAGGCGAAGGCGACTTACTGGACTGTAACTGACGCTGAGGCTCGAAAGCGTGGGGAGCAAACA,k__Bacteria; p__Firmicutes; c__Clostridia; o__Clostridiales; f__Clostridiales_vadinBB60_group; g__; s__,Clostridiales_vadinBB60_group (f), s__,Clostridiales_vadinBB60_group (f),Clostridiales (o)
Site,d4582580d27b0dcaff88f316edc6795c,Cecum,0.4172823431,0.09988654595,138,43,0.0001213385,0.002569294588,0.0007167720182,TACGTAGGGGGCGAGCGTTGTCCGGAATGACTGGGCGTAAAGGGAGTGTAGGCGGCATATTAAGTTATGTGTGAAAGCCCGCGGCTCAACCGCGGAATTGCACATAAAACTGGTAAGCTGGAGTGCAGGAGAGGTAAGTGGAATTCCCGGTGTAGCGGTGGAATGCGTAGATATCGGGAGGAACACCAGAGGCGAAGGCGACTTACTGGACTGTAACTGACGCTGAGGCTCGAAAGCGTGGGGAGCAAACA,k__Bacteria; p__Firmicutes; c__Clostridia; o__Clostridiales; f__Clostridiales_vadinBB60_group; g__; s__,Clostridiales_vadinBB60_group (f), s__,Clostridiales_vadinBB60_group (f),Clostridiales (o)
Site,028e2c1b650e2e2b5847154a153e0166,Cecum,-0.4972035095,0.1172267046,138,35,0.0001414162642,0.002902296869,0.003459422051,TACGTAGGTGGCAAGCGTTGTCCGGATTTATTGGGCGTAAAGCGAGCGCAGGCGGTTTCTTAAGTCTGATGTGAAAGCCCCCGGCTCAACCGGGGAGGGTCATTGGAAACTGGGAGACTTGAGTGCAGAAGAGGAGAGTGGAATTCCATGTGTAGCGGTGAAATGCGTAGATATATGGAGGAACACCAGTGGCGAAGGCGGCTCTCTGGTCTGTAACTGACGCTGAGGCTCGAAAGCGTGGGGAGCAAACA,k__Bacteria; p__Firmicutes; c__Bacilli; o__Lactobacillales; f__Enterococcaceae; g__Enterococcus; s__,Enterococcus,Enterococcus,Enterococcaceae (f),Lactobacillales (o)
Site,028e2c1b650e2e2b5847154a153e0166,Proximal_Colon,-0.3813005617,0.1220618494,138,35,0.003277966883,0.03443155765,0.003459422051,TACGTAGGTGGCAAGCGTTGTCCGGATTTATTGGGCGTAAAGCGAGCGCAGGCGGTTTCTTAAGTCTGATGTGAAAGCCCCCGGCTCAACCGGGGAGGGTCATTGGAAACTGGGAGACTTGAGTGCAGAAGAGGAGAGTGGAATTCCATGTGTAGCGGTGAAATGCGTAGATATATGGAGGAACACCAGTGGCGAAGGCGGCTCTCTGGTCTGTAACTGACGCTGAGGCTCGAAAGCGTGGGGAGCAAACA,k__Bacteria; p__Firmicutes; c__Bacilli; o__Lactobacillales; f__Enterococcaceae; g__Enterococcus; s__,Enterococcus,Enterococcus,Enterococcaceae (f),Lactobacillales (o)
Site,4c8288bfbd76958c0c094d87b97650f8,Cecum,-0.3248321054,0.05424235837,138,99,7.51E-08,5.01E-06,0.1130875899,TACGGAGGGTGCAAGCGTTAATCGGAATTACTGGGCGTAAAGCGCACGCAGGCGGTTTGTTAAGTCAGATGTGAAATCCCCGGGCTCAACCTGGGAACTGCATCTGATACTGGCAAGCTTGAGTCTCGTAGAGGGGGGTAGAATTCCAGGTGTAGCGGTGAAATGCGTAGAGATCTGGAGGAATACCGGTGGCGAAGGCGGCCCCCTGGACGAAGACTGACGCTCAGGTGCGAAAGCGTGGGGAGCAAACA,k__Bacteria; p__Proteobacteria; c__Gammaproteobacteria; o__Enterobacteriales; f__Enterobacteriaceae; g__Escherichia/Shigella; s__,Escherichia/Shigella,Escherichia/Shigella,Enterobacteriaceae (f),Enterobacteriales (o)
Site,4c8288bfbd76958c0c094d87b97650f8,Proximal_Colon,-0.3114851779,0.05476644801,138,99,2.53E-07,1.35E-05,0.1130875899,TACGGAGGGTGCAAGCGTTAATCGGAATTACTGGGCGTAAAGCGCACGCAGGCGGTTTGTTAAGTCAGATGTGAAATCCCCGGGCTCAACCTGGGAACTGCATCTGATACTGGCAAGCTTGAGTCTCGTAGAGGGGGGTAGAATTCCAGGTGTAGCGGTGAAATGCGTAGAGATCTGGAGGAATACCGGTGGCGAAGGCGGCCCCCTGGACGAAGACTGACGCTCAGGTGCGAAAGCGTGGGGAGCAAACA,k__Bacteria; p__Proteobacteria; c__Gammaproteobacteria; o__Enterobacteriales; f__Enterobacteriaceae; g__Escherichia/Shigella; s__,Escherichia/Shigella,Escherichia/Shigella,Enterobacteriaceae (f),Enterobacteriales (o)
Site,c42634f8d1aad4956aa9638465e86565,Proximal_Colon,-0.09217172789,0.01958418327,138,138,9.15E-06,0.000277434661,0.0656610802,TACGTAGGTGGCGAGCGTTATCCGGAATGATTGGGCGTAAAGGGTGCGCAGGCGGTCCTGCAAGTCTGGAGTGAAACGCATGAGCTCAACTCATGCATGGCTTTGGAAACTGGAGGACTGGAGAGCAGGAGAGGGCGGTGGAACTCCATGTGTAGCGGTAAAATGCGTAGATATATGGAAGAACACCAGTGGCGAAGGCGGCCGCCTGGCCTGTTGCTGACGCTGAGGCACGAAAGCGTGGGGAGCAAATA,k__Bacteria; p__Firmicutes; c__Erysipelotrichia; o__Erysipelotrichales; f__Erysipelotrichaceae; g__Faecalibaculum; s__rodentium,Faecalibaculum,Faecalibaculum,Erysipelotrichaceae (f),Erysipelotrichales (o)
Site,c42634f8d1aad4956aa9638465e86565,Cecum,-0.05683964293,0.01958418327,138,138,0.004663882664,0.04574720201,0.0656610802,TACGTAGGTGGCGAGCGTTATCCGGAATGATTGGGCGTAAAGGGTGCGCAGGCGGTCCTGCAAGTCTGGAGTGAAACGCATGAGCTCAACTCATGCATGGCTTTGGAAACTGGAGGACTGGAGAGCAGGAGAGGGCGGTGGAACTCCATGTGTAGCGGTAAAATGCGTAGATATATGGAAGAACACCAGTGGCGAAGGCGGCCGCCTGGCCTGTTGCTGACGCTGAGGCACGAAAGCGTGGGGAGCAAATA,k__Bacteria; p__Firmicutes; c__Erysipelotrichia; o__Erysipelotrichales; f__Erysipelotrichaceae; g__Faecalibaculum; s__rodentium,Faecalibaculum,Faecalibaculum,Erysipelotrichaceae (f),Erysipelotrichales (o)
Site,49ca472812887fdafb9786d9995aa406,Cecum,0.1587494167,0.05480070127,138,59,0.004858253815,0.04696312022,0.0007798797693,TACGTAGGTGGCAAGCGTTATCCGGATTTACTGGGTGTAAAGGGCGTGTAGGCGGGACTGCAAGTCAGATGTGAAATTCCAGGGCTCAACCCTGGAACTGCATTTGAAACTGTAGTTCTTGAGTGATGGAGAGGCAGGCGGAATTCCGTGTGTAGCGGTGAAATGCGTAGATATACGGAGGAACACCAGTGGCGAAGGCGGCCTGCTGGACATTAACTGACGCTGAGGCGCGAAAGCGTGGGGAGCAAACA,k__Bacteria; p__Firmicutes; c__Clostridia; o__Clostridiales; f__Ruminococcaceae; g__Intestinimonas; s__,Intestinimonas,Intestinimonas,Ruminococcaceae (f),Clostridiales (o)
Site,b818498a79e2d7a40cdaf0d29b43c7c0,Proximal_Colon,0.19470887,0.0413045285,138,88,1.28E-05,0.0003725589383,0.002319865239,TACGTAGGGGGCAAGCGTTATCCGGATTTACTGGGTGTAAAGGGAGCGTAGACGGCAGAGCAAGTCTGAAGTGAAAGCCCGCGGCCCAACTGCGGGACTGCTTTGGAAACTGCCCGGCTAGAGTGCTGGAGAGGTAAGCGGAATTCCTAGTGTAGCGGTGAAATGCGTAGATATTAGGAGGAACACCAGTGGCGAAGGCGGCTTACTGGACAGTAACTGACGTTGAGGCTCGAAAGCGTGGGGAGCAAACA,k__Bacteria; p__Firmicutes; c__Clostridia; o__Clostridiales; f__Lachnospiraceae; g__Lachnoclostridium; s__,Lachnoclostridium,Lachnoclostridium,Lachnospiraceae (f),Clostridiales (o)
Site,cb48af0355580e3a4cfe6d22f05b6b14,Cecum,-0.4184612411,0.08980361112,138,27,0.0003086588485,0.005417775051,0.01490634211,TACGTAGGGGGCAAGCGTTATCCGGATTTACTGGGTGTAAAGGGAGCGTAGACGGCGAAGCAAGTCTGAAGTGAAAACCCAGGGCTCAACCCTGGGACTGCTTTGGAAACTGTTTTGCTAGAGTGTCGGAGAGGTAAGTGGAATTCCTAGTGTAGCGGTGAAATGCGTAGATATTAGGAGGAACACCAGTGGCGAAGGCGGCTTACTGGACGATAACTGACGTTGAGGCTCGAAAGCGTGGGGAGCAAACA,k__Bacteria; p__Firmicutes; c__Clostridia; o__Clostridiales; f__Lachnospiraceae; g__Lachnoclostridium; s__,Lachnoclostridium,Lachnoclostridium,Lachnospiraceae (f),Clostridiales (o)
Site,b7e800ed490ab8e535a11f2bd8f6cacc,Proximal_Colon,0.2512729103,0.02872892791,138,108,8.39E-13,1.12E-09,0.009068797357,TACGTAGGGGGCAAGCGTTATCCGGATTTACTGGGTGTAAAGGGAGCGTAGACGGCTTGATAAGTCTGAAGTGAAAGGCCAAGGCTTAACCATGGAACTGCTTTGGAAACTATGAGGCTAGAGTGCTGGAGAGGTAAGCGGAATTCCTAGTGTAGCGGTGAAATGCGTAGATATTAGGAGGAACACCAGTGGCGAAGGCGGCTTACTGGACAGAAACTGACGTTGAGGCTCGAAAGCGTGGGGAGCAAACA,k__Bacteria; p__Firmicutes; c__Clostridia; o__Clostridiales; f__Lachnospiraceae; g__; s__,Lachnospiraceae (f), s__,Lachnospiraceae (f),Clostridiales (o)
Site,977eb5e61f5d9a0c3618c4f129859cd3,Proximal_Colon,0.2669098978,0.03826625547,138,111,7.84E-10,1.05E-07,0.005082505812,TACGTAGGGGGCAAGCGTTATCCGGATTTACTGGGTGTAAAGGGAGCGTAGACGGCAAGGCAAGCCAGAAGTGAAAGGGCAGGGCTCAACCCTGTACATGCTTTTGGAACTGTGGTGCTAGAGTGCAGGAGAGGTAAGTGGAATTCCTAGTGTAGCGGTGAAATGCGTAGATATTAGGAGGAACACCAGTGGCGAAGGCGGCTTACTGGACTGTAACTGACGTTGAGGCTCGAAAGCGTGGGGAGCAAACA,k__Bacteria; p__Firmicutes; c__Clostridia; o__Clostridiales; f__Lachnospiraceae; g__; s__,Lachnospiraceae (f), s__,Lachnospiraceae (f),Clostridiales (o)
Site,e6b0f68e8f6db48ea780944a44ac99a1,Proximal_Colon,0.2095223574,0.03289793931,138,116,1.00E-08,9.56E-07,0.002200514218,TACGTAGGGGGCAAGCGTTATCCGGATTTACTGGGTGTAAAGGGAGCGCAGACGGCAGTGCAAGTCTGGAGTGAAAGCCCGGGGCCCAACCCCGGAACTGCTCTGGAAACTGTGCGGCTAGAGTACTGGAGGGGCAGGCGGAATTCCTAGTGTAGCGGTGAAATGCGTAGATATTAGGAGGAACACCAGTGGCGAAGGCGGCCTGCTGGACAGTAACTGACGTTGAGGCTCGAAAGCGTGGGGAGCAAACA,k__Bacteria; p__Firmicutes; c__Clostridia; o__Clostridiales; f__Lachnospiraceae; g__; s__,Lachnospiraceae (f), s__,Lachnospiraceae (f),Clostridiales (o)
Site,b7e800ed490ab8e535a11f2bd8f6cacc,Cecum,0.1728930583,0.02909280355,138,108,1.04E-07,6.30E-06,0.009068797357,TACGTAGGGGGCAAGCGTTATCCGGATTTACTGGGTGTAAAGGGAGCGTAGACGGCTTGATAAGTCTGAAGTGAAAGGCCAAGGCTTAACCATGGAACTGCTTTGGAAACTATGAGGCTAGAGTGCTGGAGAGGTAAGCGGAATTCCTAGTGTAGCGGTGAAATGCGTAGATATTAGGAGGAACACCAGTGGCGAAGGCGGCTTACTGGACAGAAACTGACGTTGAGGCTCGAAAGCGTGGGGAGCAAACA,k__Bacteria; p__Firmicutes; c__Clostridia; o__Clostridiales; f__Lachnospiraceae; g__; s__,Lachnospiraceae (f), s__,Lachnospiraceae (f),Clostridiales (o)
Site,564a2d40353ba6af46b47a2d367a3d56,Proximal_Colon,0.07011561021,0.01693176297,138,121,8.73E-05,0.001879237908,0.01404837597,TACGTATGGAGCAAGCGTTATCCGGATTTACTGGGTGTAAAGGGAGAGTAGGTGGCAGAGCAAGTCCGAAGTGAAAACCCAAAGCTCAACTATGGGAATGCTTTAGAAACTGCTCAGCTAGAGTGCAGGAGAGGCAAGTGGAATTCTTAGTGTAGCGGTGAAATGCGTAGATATTAGGAGGAACACCAGTGGCGAAGGCGGCTTGCTGGACTGTAACTGACACTGAGGCTCGAAAGCGTGGGGAGCAAACA,k__Bacteria; p__Firmicutes; c__Clostridia; o__Clostridiales; f__Lachnospiraceae; g__; s__,Lachnospiraceae (f), s__,Lachnospiraceae (f),Clostridiales (o)
Site,e6b0f68e8f6db48ea780944a44ac99a1,Cecum,0.1328325052,0.03301356047,138,116,0.0001266243317,0.002639325915,0.002200514218,TACGTAGGGGGCAAGCGTTATCCGGATTTACTGGGTGTAAAGGGAGCGCAGACGGCAGTGCAAGTCTGGAGTGAAAGCCCGGGGCCCAACCCCGGAACTGCTCTGGAAACTGTGCGGCTAGAGTACTGGAGGGGCAGGCGGAATTCCTAGTGTAGCGGTGAAATGCGTAGATATTAGGAGGAACACCAGTGGCGAAGGCGGCCTGCTGGACAGTAACTGACGTTGAGGCTCGAAAGCGTGGGGAGCAAACA,k__Bacteria; p__Firmicutes; c__Clostridia; o__Clostridiales; f__Lachnospiraceae; g__; s__,Lachnospiraceae (f), s__,Lachnospiraceae (f),Clostridiales (o)
Site,78efb9db740a56e0b2bc4d4778d4d3fc,Proximal_Colon,0.2898946905,0.07189729201,138,47,0.0002739543419,0.004938582325,0.002310986608,TACGTAGGGGGCAAGCGTTATCCGGATTTACTGGGTGTAAAGGGAGCGTAGACGGCAGGGCAAGCCAGAAGTGAAAACGCAGAGCTTAACTTTGCGACTGCTTTTGGAACTGCCCAGCTAGAGTACAGGAGAGGTAAGTGGAATTCCTAGTGTAGCGGTGAAATGCGTAGATATTAGGAGGAACACCAGTGGCGAAGGCGGCTTACTGGACTGAGACTGACGTTGAGGCTCGAAAGCGTGGGGAGCAAACA,k__Bacteria; p__Firmicutes; c__Clostridia; o__Clostridiales; f__Lachnospiraceae; g__; s__,Lachnospiraceae (f), s__,Lachnospiraceae (f),Clostridiales (o)
Site,a93ecb34623d57ce5a83ac109551229b,Proximal_Colon,0.09165015593,0.02485655254,138,129,0.0003998930963,0.006668217381,0.003961496406,TACGTAGGGGGCGAGCGTTATCCGGATTTACTGGGTGTAAAGGGAGCGTAGACGGCCATGCAAGCTCGGTGTGAAAGGTGCGGGCACAACCCGCAGACTGCACTGAGAACTGTATGGCTGGAGTGCCGGAGGGGCAGGCGGAATTCCTGGTGTAGCGGTGAAATGCGTAGATATCAGGAGGAACACCGGTGGCGAAGGCGGCCTGCTGGACGGCGACTGACGTTGAGGCTCGAAAGCGTGGGGAGCGAACA,k__Bacteria; p__Firmicutes; c__Clostridia; o__Clostridiales; f__Lachnospiraceae; g__; s__,Lachnospiraceae (f), s__,Lachnospiraceae (f),Clostridiales (o)
Site,45a75b7a373e7061619148bdc0cd48fa,Proximal_Colon,0.4643311264,0.09303425194,138,6,0.0005307430486,0.008530255745,0.0001759045535,TACGTAGGGGGCGAGCGTTATCCGGATTTACTGGGTGTAAAGGGAGCGTAGACGGTTAATCAAGTCTGAAGTGAAAGCCCGCGGCTCAACTGCGGAACGGCTTTGGAAACTGAGTAACTGGAGTGCTGGAGGGGCAGGCGGAATTCCTGGTGTAGCGGTGAAATGCGTAGATATCAGGAGGAACACCGGTGGCGAAGGCGGCCTGCTGGACAGTAACTGACGTTGAGGCTCGAAAGCGTGGGGAGCAAACA,k__Bacteria; p__Firmicutes; c__Clostridia; o__Clostridiales; f__Lachnospiraceae; g__; s__,Lachnospiraceae (f), s__,Lachnospiraceae (f),Clostridiales (o)
Site,5880c5d1b7cc98fab46a044a247525a2,Proximal_Colon,0.215800823,0.06143337999,138,81,0.0007360726497,0.01091023239,0.001423747092,TACGTAGGGGGCGAGCGTTATCCGGATTTACTGGGTGTAAAGGGAGCGTAGACGGCGTCGCAAGTCTGAAGTGAAAGCCCGTGGCTCAACCGCGGAACCGCTTTGGAAACTGCGAGGCTGGAGTGCTGGAGAGGTAAGCGGAATTCCTGGTGTAGCGGTGAAATGCGTAGATATCAGGAGGAACACCGGTGGCGAAGGCGGCTTACTGGACAGTGACTGACGTTGAGGCTCGAAAGCGTGGGGAGCGAACA,k__Bacteria; p__Firmicutes; c__Clostridia; o__Clostridiales; f__Lachnospiraceae; g__; s__,Lachnospiraceae (f), s__,Lachnospiraceae (f),Clostridiales (o)
Site,80f2643f29f72653e1dcb14d6a129d8b,Proximal_Colon,0.09749443803,0.02762448301,138,97,0.0007787245412,0.0109407755,0.006689679399,TACGTATGGAGCAAGCGTTATCCGGATTTACTGGGTGTAAAGGGAGCGCAGACGGCAGGGCAAGTCTGATGTGAAAGTCCGGGGCTCAACCCCGGGACTGCATTGGAAACTGTCCGGCTAGAGTGCAGGAGAGGTAAGTGGAATTCCTAGTGTAGCGGTGAAATGCGTAGATATTAGGAGGAACACCAGTGGCGAAGGCGGCTTACTGGACTGTAACTGACGTTGAGGCTCGAAAGCGTGGGGAGCAAACA,k__Bacteria; p__Firmicutes; c__Clostridia; o__Clostridiales; f__Lachnospiraceae; g__; s__,Lachnospiraceae (f), s__,Lachnospiraceae (f),Clostridiales (o)
Site,435716953baae002e22a8d28e14c0aec,Proximal_Colon,0.1895414872,0.0580396077,138,98,0.001630301764,0.01941805851,0.002296866777,TACGTAGGGGGCAAGCGTTATCCGGATTTACTGGGTGTAAAGGGAGCGTAGACGGCTGGCCAAGTCTGAAGTGAAAGCCCGGGGCTTAACCCCGGAACGGCTTTGGAAACTGGCCGGCTGGAGTGCTGGAGAGGCAGGCGGAATTCCTGGTGTAGCGGTGAAATGCGTAGATATCAGGAGGAACACCGGTGGCGAAGGCGGCCTGCTGGACAGTAACTGACGTTGAGGCTCGAAAGCGTGGGGAGCAAACA,k__Bacteria; p__Firmicutes; c__Clostridia; o__Clostridiales; f__Lachnospiraceae; g__; s__,Lachnospiraceae (f), s__,Lachnospiraceae (f),Clostridiales (o)
Site,0daddf1b0a2e7ae6c3add7261ca7b510,Proximal_Colon,0.0552686478,0.01736047787,138,130,0.002036225773,0.02321645454,0.007564735689,TACGTAGGGGGCAAGCGTTATCCGGATTTACTGGGTGTAAAGGGAGCGTAGACGGCGCGGCAAGTCTGAAGTGAAAGGCAGGGGCTTAACCCCTGAACTGCTTTGGAAACTGCCATGCTAGAGTGCTGGAGAGGTAAGTGGAATTCCTAGTGTAGCGGTGAAATGCGTAGATATTAGGAGGAACACCAGTGGCGAAGGCGGCTTACTGGACAGTAACTGACGTTGAGGCTCGAAAGCGTGGGGAGCAAACA,k__Bacteria; p__Firmicutes; c__Clostridia; o__Clostridiales; f__Lachnospiraceae; g__; s__,Lachnospiraceae (f), s__,Lachnospiraceae (f),Clostridiales (o)
Site,2dca81caa7e1886c0bd386ff62108db9,Proximal_Colon,0.4465449785,0.1449375296,138,14,0.004213607605,0.04212808024,0.0004228906092,TACGTATGGTGCAAGCGTTATCCGGATTTACTGGGTGTAAAGGGAGCGCAGGCGGCACGCTAAGCCTGATGTGAAAACCCGCGGCCCAACCGCGGGAGTGCATTGGGAACTGGCGGGCTGGAGTACCGGAGGGGCAGGCGGAATTCCTAGTGTAGCGGTGAAATGCGTAGATATTAGGAGGAACACCAGTGGCGAAGGCGGCCTGCTGGACGGAGACTGACGCTGAGGCTCGAAAGCGTGGGGAGCAAACA,k__Bacteria; p__Firmicutes; c__Clostridia; o__Clostridiales; f__Lachnospiraceae; g__; s__,Lachnospiraceae (f), s__,Lachnospiraceae (f),Clostridiales (o)
Site,79d4cbe747374bb267d78e572c82d82c,Proximal_Colon,0.3231793239,0.06461537422,138,72,8.24E-06,0.0002617844477,0.003159947171,TACGTAGGGGGCAAGCGTTATCCGGATTTACTGGGTGTAAAGGGAGCGTAGACGGCTGTGCAAGTCTGAAGTGAAATGCCGGGGCCCAACCCCGGAACTGCTTTGGAAACTGTACAGCTAGAGTGCAGGAGGGGTGAGCGGAATTCCTAGTGTAGCGGTGAAATGCGTAGATATTAGGAGGAACACCGGTGGCGAAGGCGGCTCACTGGACTGTAACTGACGTTGAGGCTCGAAAGCGTGGGGAGCAAACA,k__Bacteria; p__Firmicutes; c__Clostridia; o__Clostridiales; f__Lachnospiraceae; g__Lachnospiraceae_NK4A136_group; s__,Lachnospiraceae_NK4A136_group,Lachnospiraceae_NK4A136_group,Lachnospiraceae (f),Clostridiales (o)
Site,0f7e30a9c413799c28abaf3bf8186888,Proximal_Colon,0.2999436972,0.06625719672,138,62,3.84E-05,0.0009482928733,0.002822817511,TACGTAGGGGGCAAGCGTTATCCGGATTTACTGGGTGTAAAGGGAGCGTAGACGGCTGTGCAAGTCTGAAGTGAAATGCCGGGGCTCAACCCCGGAACTGCTTTGGAAACTGTACAGCTAGAGTGCAGGAGGGGTGAGCGGAATTCCTAGTGTAGCGGTGAAATGCGTAGATATTAGGAGGAACACCGGTGGCGAAGGCGGCTCACTGGACTGTAACTGACGTTGAGGCTCGAAAGCGTGGGGAGCAAACA,k__Bacteria; p__Firmicutes; c__Clostridia; o__Clostridiales; f__Lachnospiraceae; g__Lachnospiraceae_NK4A136_group; s__,Lachnospiraceae_NK4A136_group,Lachnospiraceae_NK4A136_group,Lachnospiraceae (f),Clostridiales (o)
Site,25dbbc91dd4c739873039ece738737a5,Proximal_Colon,0.5525098472,0.115162164,138,22,7.17E-05,0.001596556625,0.0004818309049,TACGTAGGGGGCAAGCGTTATCCGGATTTACTGGGTGTAAAGGGAGCGTAGACGGTTACGCAAGTCTGGAGTGAAAGGCGGGGGCCCAACCCCCGGACTGCTTTGGAAACTGTATAACTGGAGTGCAGGAGAGGTAAGTGGAATTCCTAGTGTAGCGGTGAAATGCGTAGATATTAGGAGGAACACCAGTGGCGAAGGCGGCTTACTGGACTGTAACTGACGTTGAGGCTCGAAAGCGTGGGGAGCAAACA,k__Bacteria; p__Firmicutes; c__Clostridia; o__Clostridiales; f__Lachnospiraceae; g__Lachnospiraceae_NK4A136_group; s__,Lachnospiraceae_NK4A136_group,Lachnospiraceae_NK4A136_group,Lachnospiraceae (f),Clostridiales (o)
Site,25dbbc91dd4c739873039ece738737a5,Cecum,0.4514072654,0.1162581579,138,22,0.0007601583248,0.0109407755,0.0004818309049,TACGTAGGGGGCAAGCGTTATCCGGATTTACTGGGTGTAAAGGGAGCGTAGACGGTTACGCAAGTCTGGAGTGAAAGGCGGGGGCCCAACCCCCGGACTGCTTTGGAAACTGTATAACTGGAGTGCAGGAGAGGTAAGTGGAATTCCTAGTGTAGCGGTGAAATGCGTAGATATTAGGAGGAACACCAGTGGCGAAGGCGGCTTACTGGACTGTAACTGACGTTGAGGCTCGAAAGCGTGGGGAGCAAACA,k__Bacteria; p__Firmicutes; c__Clostridia; o__Clostridiales; f__Lachnospiraceae; g__Lachnospiraceae_NK4A136_group; s__,Lachnospiraceae_NK4A136_group,Lachnospiraceae_NK4A136_group,Lachnospiraceae (f),Clostridiales (o)
Site,9e39af3708ad41aca6e8d5ab47b4efa2,Proximal_Colon,0.2599595661,0.07342506548,138,43,0.0010438726,0.01351967037,0.000801516101,TACGTAGGGGGCAAGCGTTATCCGGATTCACTGGGTGTAAAGGGAGCGTAGACGGCGAGACAAGTCTGGAGTGAAAGGCCGGGGCCCAACCCCGGGACTGCTCTGGAAACTGCCTGGCTGGAGTACAGGAGAGGTAAGTGGAATTCCTAGTGTAGCGGTGAAATGCGTAGATATTAGGAGGAACACCAGTGGCGAAGGCGGCTTACTGGACTGTAACTGACGTTGAGGCTCGAAAGCGTGGGGAGCAAACA,k__Bacteria; p__Firmicutes; c__Clostridia; o__Clostridiales; f__Lachnospiraceae; g__Lachnospiraceae_NK4A136_group; s__,Lachnospiraceae_NK4A136_group,Lachnospiraceae_NK4A136_group,Lachnospiraceae (f),Clostridiales (o)
Site,a92e897782ca8cc6b9da539cb6a4176f,Proximal_Colon,0.299695865,0.07934867157,138,29,0.001039141392,0.01351967037,0.0006635639828,TACGTAGGGGGCAAGCGTTATCCGGAATTACTGGGTGTAAAGGGAGCGTAGACGGTTAAGCAAGTCTGGAGTGAAAGGCGGGGGCCCAACCCCCGGACTGCTCTGGAAACTGTGTAACTAGAGTGCAGGAGAGGTAAGCGGAATTCCTAGTGTAGCGGTGAAATGCGTAGATATTAGGAGGAACACCAGTGGCGAAGGCGGCTTACTGGACTGTAACTGACGTTGAGGCTCGAAAGCGTGGGGAGCAAACA,k__Bacteria; p__Firmicutes; c__Clostridia; o__Clostridiales; f__Lachnospiraceae; g__Lachnospiraceae_NK4A136_group; s__,Lachnospiraceae_NK4A136_group,Lachnospiraceae_NK4A136_group,Lachnospiraceae (f),Clostridiales (o)
Site,150d478c05efdb9ff36e5260c80c6f20,Proximal_Colon,0.2867483988,0.08292466024,138,33,0.001729654463,0.02041910667,0.0006910075691,TACGTAGGGGGCAAGCGTTATCCGGATTTACTGGGTGTAAAGGGAGCGTAGACGGCGATGCAAGTCTGAAGTGAAAGGCGGGGGCCCAACCCCCGGACTGCTTTGGAAACTGTATAGCTGGAGTGCAGGAGAGGTAAGTGGAATTCCTAGTGTAGCGGTGAAATGCGTAGATATTAGGAGGAACACCAGTGGCGAAGGCGGCTTACTGGACTGTAACTGACGTTGAGGCTCGAAAGCGTGGGGAGCAAACA,k__Bacteria; p__Firmicutes; c__Clostridia; o__Clostridiales; f__Lachnospiraceae; g__Lachnospiraceae_NK4A136_group; s__,Lachnospiraceae_NK4A136_group,Lachnospiraceae_NK4A136_group,Lachnospiraceae (f),Clostridiales (o)
Site,c003202be6a53b07fbb26ecd2161fe2c,Proximal_Colon,-0.1567126788,0.02205042764,138,120,5.53E-10,8.20E-08,0.01705520199,TACGTAGGTGGCAAGCGTTGTCCGGATTTATTGGGCGTAAAGCGAGTGCAGGCGGTTCAATAAGTCTGATGTGAAAGCCTTCGGCTCAACCGGAGAATTGCATCAGAAACTGTTGAACTTGAGTGCAGAAGAGGAGAGTGGAACTCCATGTGTAGCGGTGGAATGCGTAGATATATGGAAGAACACCAGTGGCGAAGGCGGCTCTCTGGTCTGCAACTGACGCTGAGGCTCGAAAGCATGGGTAGCGAACA,k__Bacteria; p__Firmicutes; c__Bacilli; o__Lactobacillales; f__Lactobacillaceae; g__Lactobacillus; s__,Lactobacillus,Lactobacillus,Lactobacillaceae (f),Lactobacillales (o)
Site,2f65298490e0fe48b880145471ec54eb,Proximal_Colon,-0.06377461853,0.01073810666,138,137,5.54E-08,3.89E-06,0.1541017938,TACGTAGGTGGCAAGCGTTATCCGGATTTATTGGGCGTAAAGGGAACGCAGGCGGTCTTTTAAGTCTGATGTGAAAGCCTTCGGCTTAACCGGAGTAGTGCATTGGAAACTGGGAGACTTGAGTGCAGAAGAGGAGAGTGGAACTCCATGTGTAGCGGTGAAATGCGTAGATATATGGAAGAACACCAGTGGCGAAAGCGGCTCTCTGGTCTGTAACTGACGCTGAGGTTCGAAAGCGTGGGTAGCAAACA,k__Bacteria; p__Firmicutes; c__Bacilli; o__Lactobacillales; f__Lactobacillaceae; g__Lactobacillus; s__,Lactobacillus,Lactobacillus,Lactobacillaceae (f),Lactobacillales (o)
Site,397aa1ad0378774f826b9825c958427e,Proximal_Colon,-0.1341671226,0.02397544791,138,114,3.37E-07,1.73E-05,0.01442492443,TACGTAGGTGGCAAGCGTTATCCGGATTTATTGGGCGTAAAGCGAGCGCAGGCGGTTGCTTAGGTCTGATGTGAAAGCCTTCGGCTTAACCGAAGAAGTGCATCGGAAACCGGGCGACTTGAGTGCAGAAGAGGACAGTGGAACTCCATGTGTAGCGGTGGAATGCGTAGATATATGGAAGAACACCAGTGGCGAAGGCGGCTGTCTGGTCTGCAACTGACGCTGAGGCTCGAAAGCATGGGTAGCGAACA,k__Bacteria; p__Firmicutes; c__Bacilli; o__Lactobacillales; f__Lactobacillaceae; g__Lactobacillus; s__,Lactobacillus,Lactobacillus,Lactobacillaceae (f),Lactobacillales (o)
Site,9b5ce504ace88223f14f8b0848d1b054,Proximal_Colon,-0.1647621215,0.03048551635,138,118,6.88E-07,3.16E-05,0.01907037084,TACGTAGGTGGCAAGCGTTGTCCGGATTTATTGGGCGTAAAGCGAGCGCAGGCGGAAAGATAAGTCTGATGTGAAAGCCCCCGGCTTAACCGAGGAATTGCATCGGAAACTGTGTTTCTTGAGTGCAGAAGAGGAGAGTGGAACTCCATGTGTAGCGGTGGAATGCGTAGATATATGGAAGAACACCAGTGGCGAAGGCGGCTCTCTGGTCTGTAACTGACGCTGAGGCTCGAAAGCATGGGTAGCGAACA,k__Bacteria; p__Firmicutes; c__Bacilli; o__Lactobacillales; f__Lactobacillaceae; g__Lactobacillus; s__intestinalis,Lactobacillus,Lactobacillus,Lactobacillaceae (f),Lactobacillales (o)
Site,c003202be6a53b07fbb26ecd2161fe2c,Cecum,-0.111019696,0.02201448628,138,120,3.01E-06,0.0001215807648,0.01705520199,TACGTAGGTGGCAAGCGTTGTCCGGATTTATTGGGCGTAAAGCGAGTGCAGGCGGTTCAATAAGTCTGATGTGAAAGCCTTCGGCTCAACCGGAGAATTGCATCAGAAACTGTTGAACTTGAGTGCAGAAGAGGAGAGTGGAACTCCATGTGTAGCGGTGGAATGCGTAGATATATGGAAGAACACCAGTGGCGAAGGCGGCTCTCTGGTCTGCAACTGACGCTGAGGCTCGAAAGCATGGGTAGCGAACA,k__Bacteria; p__Firmicutes; c__Bacilli; o__Lactobacillales; f__Lactobacillaceae; g__Lactobacillus; s__,Lactobacillus,Lactobacillus,Lactobacillaceae (f),Lactobacillales (o)
Site,397aa1ad0378774f826b9825c958427e,Cecum,-0.08963533571,0.02375809241,138,114,0.0003194176529,0.005533807129,0.01442492443,TACGTAGGTGGCAAGCGTTATCCGGATTTATTGGGCGTAAAGCGAGCGCAGGCGGTTGCTTAGGTCTGATGTGAAAGCCTTCGGCTTAACCGAAGAAGTGCATCGGAAACCGGGCGACTTGAGTGCAGAAGAGGACAGTGGAACTCCATGTGTAGCGGTGGAATGCGTAGATATATGGAAGAACACCAGTGGCGAAGGCGGCTGTCTGGTCTGCAACTGACGCTGAGGCTCGAAAGCATGGGTAGCGAACA,k__Bacteria; p__Firmicutes; c__Bacilli; o__Lactobacillales; f__Lactobacillaceae; g__Lactobacillus; s__,Lactobacillus,Lactobacillus,Lactobacillaceae (f),Lactobacillales (o)
Site,178d4eb06bd14fca2d3c300f9f05e384,Cecum,0.1317908277,0.03325970551,138,88,0.0002184181277,0.004162425461,0.005901404774,TACGTAGGGGGCAAGCGTTATCCGGATTTACTGGGTGTAAAGGGAGCGTAGACGGCGTGCCAAGTCTGGTGTGAAAGGCCGGGGCTCAACCCCGGGACTGCATTGGAAACTGGCATGCTGGAGTGCCGGAGGGGCAAGCGGAATTCCTAGTGTAGCGGTGAAATGCGTAGATATTAGGAGGAACACCGGTGGCGAAGGCGGCTTGCTGGACGGTAACTGACGTTGAGGCTCGAAAGCGTGGGGAGCAAACA,k__Bacteria; p__Firmicutes; c__Clostridia; o__Clostridiales; f__Lachnospiraceae; g__Marvinbryantia; s__,Marvinbryantia,Marvinbryantia,Lachnospiraceae (f),Clostridiales (o)
Site,759abfc82a4b189214d7e148d4aef180,Proximal_Colon,-0.2461125761,0.03078681075,138,121,7.06E-12,3.64E-09,0.002578455068,TACGGAGGATGCGAGCGTTATCCGGATTTATTGGGTTTAAAGGGTGCGTAGGCGGGCTTTTAAGTCAGCGGTAAAAATTCGGGGCTCAACCCCGTCCGGCCGTTGAAACTGGGGGCCTTGAGTGGGCGAGAAGAAGGCGGAATGCGTGGTGTAGCGGTGAAATGCATAGATATCACGCAGAACCCCGATTGCGAAGGCAGCCTTCCGGCGCCCTACTGACGCTGAGGCACGAAAGTGCGGGGATCGAACAG,k__Bacteria; p__Bacteroidetes; c__Bacteroidia; o__Bacteroidales; f__Muribaculaceae; g__; s__,Muribaculaceae (f), s__,Muribaculaceae (f),Bacteroidales (o)
Site,e78a270ccd8d01d326e840cd85e1c1e2,Proximal_Colon,-0.2412590032,0.03167824262,138,102,7.96E-11,2.66E-08,0.001640611879,TACGGAGGATGCGAGCGTTATCCGGATTTATTGGGTTTAAAGGGTGCGTAGGCGGATTTTTAAGTCAGCGGTAAAATGTCCGGGCTCAACCCGGGCCGGCCGTTGAAACTGGGGATCTTGAGTGGGCGAGAAGTATGCGGAATGCGTGGTGTAGCGGTGAAATGCATAGATATCACGCAGAACTCCGATTGCGAAGGCAGCATACCGGCGCCCGACTGACGCTGAGGCACGAAAGCGTGGGGATCGAACAG,k__Bacteria; p__Bacteroidetes; c__Bacteroidia; o__Bacteroidales; f__Muribaculaceae; g__; s__,Muribaculaceae (f), s__,Muribaculaceae (f),Bacteroidales (o)
Site,7cd17d18c05e35c6001cc253ac15c517,Proximal_Colon,-0.0986000645,0.01318704944,138,131,1.04E-10,2.78E-08,0.008036342589,TACGGAGGATGCGAGCGTTATCCGGATTTATTGGGTTTAAAGGGTGCGTAGGCGGACGCTTAAGTCAGCGGTAAAATTGCGGGGCTCAACCTCGTCGAGCCGTTGAAACTGGGTGCCTTGAGTGGGCGAGAAGTACGCGGAATGCGTGGTGTAGCGGTGAAATGCATAGATATCACGCAGAACTCCGATTGCGAAGGCAGCGTACCGGCGCCCAACTGACGCTGAAGCACGAAGGCGTGGGTATCGAACAG,k__Bacteria; p__Bacteroidetes; c__Bacteroidia; o__Bacteroidales; f__Muribaculaceae; g__; s__,Muribaculaceae (f), s__,Muribaculaceae (f),Bacteroidales (o)
Site,298c6e520261d927af2fb9e7c1e4cebc,Proximal_Colon,-0.1555270823,0.02146513128,138,123,1.99E-10,3.80E-08,0.004062876922,TACGGAGGATGCGAGCGTTATCCGGATTTATTGGGTTTAAAGGGTGCGTAGGCGGTCCGTTAAGTCAGCGGTAAAATTGCGGGGCTCAACCCCGTCGAGCCGTTGAAACTGGCAGACTTGAGTTGGCGAGAAGTACGCGGAATGCGCGGTGTAGCGGTGAAATGCATAGATATCGCGCAGAACTCCGATTGCGAAGGCAGCGTACCGGCGCCAGACTGACGCTGAGGCACGAAAGCGTGGGGATCGAACAG,k__Bacteria; p__Bacteroidetes; c__Bacteroidia; o__Bacteroidales; f__Muribaculaceae; g__; s__,Muribaculaceae (f), s__,Muribaculaceae (f),Bacteroidales (o)
Site,0247032b5537cfe290e9fe3067f9257e,Proximal_Colon,-0.1668682263,0.02561656197,138,123,6.60E-09,6.77E-07,0.004413128763,TACGGAGGATGCGAGCGTTATCCGGATTTATTGGGTTTAAAGGGTGCGTAGGCGGACTGTCAAGTCAGCGGTAAAATACGGGGGCTCAACCTCCGCCCGCCGTTGAAACTGACGGTCTTGAGTGGGCGAGAAGTATGCGGAATGCGTGGTGTAGCGGTGAAATGCATAGATATCACGCAGAACTCCGATTGCGAAGGCAGCATACCGGCGCCCAACTGACGCTGAAGCACGAAAGCGTGGGTATCGAACAG,k__Bacteria; p__Bacteroidetes; c__Bacteroidia; o__Bacteroidales; f__Muribaculaceae; g__; s__,Muribaculaceae (f), s__,Muribaculaceae (f),Bacteroidales (o)
Site,d013db1a71d477496cb864ee431c3420,Proximal_Colon,-0.08014926591,0.01305785833,138,131,3.33E-08,2.78E-06,0.02035713176,TACGGAGGATGCGAGCGTTATCCGGATTTATTGGGTTTAAAGGGTGCGCAGGCGGAATGTCAAGTCAGCGGTAAAATTTCGGGGCTCAACCCCGTCGTGCCGTTGAAACTGGCGTTCTTGAGTGAGCGAGAAGTATGCGGAATGCGTGGTGTAGCGGTGAAATGCATAGATATCACGCAGAACTCCGATTGCGAAGGCAGCATACCGGCGCTCAACTGACGCTCATGCACGAAAGCGTGGGTATCGAACAG,k__Bacteria; p__Bacteroidetes; c__Bacteroidia; o__Bacteroidales; f__Muribaculaceae; g__; s__,Muribaculaceae (f), s__,Muribaculaceae (f),Bacteroidales (o)
Site,55b5e18dcec6eaff69b53b2c4cbb0a16,Proximal_Colon,-0.2147738366,0.0358256665,138,111,5.19E-08,3.85E-06,0.002249726835,TACGGAGGATGCGAGCGTTATCCGGATTTATTGGGTTTAAAGGGTGCGCAGGCGGAGGTGCAAGTCAGCGGTCAAATTGCGGGGCTCAACCCCGTACTGCCGTTGAAACTGCATCCCTTGAGTGCGCGAGAAGTATGCGGAATGCGTGGTGTAGCGGTGAAATGCATAGATATCACGCAGAACTCCGATTGCGAAGGCAGCATACCGGCGCGCAACTGACGCTCATGCACGAAAGCGTGGGTATCGAACAG,k__Bacteria; p__Bacteroidetes; c__Bacteroidia; o__Bacteroidales; f__Muribaculaceae; g__; s__,Muribaculaceae (f), s__,Muribaculaceae (f),Bacteroidales (o)
Site,65553cd263bb61cf36d1a75d750952f3,Proximal_Colon,-0.2931655505,0.05042353588,138,67,2.03E-07,1.13E-05,0.0009349638567,TACGGAGGATGCGAGCGTTATCCGGATTTATTGGGTTTAAAGGGTGCGTAGGCGGAGTGTCAAGTCAGCGGTAAAATTTCGGGGCTCAACCCCGTCGTGCCGTTGAAACTGACGCCCTTGAGTGAGTGAGAAGTAAGCGGAATGCGTGGTGTAGCGGTGAAATGCATAGATATCACGCAGAACGCCGATTGCGAAGGCAGCTTACCGGCGCTCAACTGACGCTGAGGCACGAAAGTGCGGGTATCGAACAG,k__Bacteria; p__Bacteroidetes; c__Bacteroidia; o__Bacteroidales; f__Muribaculaceae; g__; s__,Muribaculaceae (f), s__,Muribaculaceae (f),Bacteroidales (o)
Site,b3703a2157a018a94473b0861589dde0,Proximal_Colon,-0.1119751227,0.02074496023,138,130,6.11E-07,2.91E-05,0.009067717276,TACGGAGGATGCGAGCGTTATCCGGATTTATTGGGTTTAAAGGGTGCGCAGGCGGCGAGTTAAGTCAGCGGTAAAATTTCGGGGCTCAACCCCGACAAGCCGTTGAAACTGGCTTGCTAGAGTGGGCGAGAAGTATGCGGAATGCGTGGTGTAGCGGTGAAATGCATAGATATCACGCAGAACTCCGATTGCGAAGGCAGCATACCGGCGCCCAACTGACGCTCAGGCACGAAAGCGTGGGTATCGAACAG,k__Bacteria; p__Bacteroidetes; c__Bacteroidia; o__Bacteroidales; f__Muribaculaceae; g__; s__,Muribaculaceae (f), s__,Muribaculaceae (f),Bacteroidales (o)
Site,44166d043ae4422d941e1e4c779151f8,Proximal_Colon,-0.1779966664,0.03529239157,138,113,2.79E-06,0.0001161916091,0.002372225906,TACGGAGGATGCGAGCGTTATCCGGATTTATTGGGTTTAAAGGGTGCGCAGGCGGCCTGTTAAGTCAGCGGTAAAAGCCCGGGGCTCAACCCCGGCGAGCCGTTGAAACTGGCGGGCTGGAGTTGGAGAGAAGTACGCGGAATGCGCGGTGTAGCGGTGAAATGCTTAGATATCGCGCAGAACCCCGATTGCGAAGGCAGCGTACCGGCTCCACACTGACGCTGAGGCACGAAAGCGTGGGTATCGAACAG,k__Bacteria; p__Bacteroidetes; c__Bacteroidia; o__Bacteroidales; f__Muribaculaceae; g__; s__,Muribaculaceae (f), s__,Muribaculaceae (f),Bacteroidales (o)
Site,f80a7e9c950f857ec31ac4d0cc9c6a03,Proximal_Colon,-0.3457861928,0.06884796987,138,51,3.81E-06,0.0001494059192,0.000656888911,TACGGAGGATGCGAGCGTTATCCGGATTTATTGGGTTTAAAGGGTGCGTAGGCGGTCCGGAAAGTCAGCGGTAAAAGCCCGGGGCTCAACCCCGGCGAGCCGTTGAAACTGTCGGACTAGAGACGGCGAGAAGTACGCGGAATGCGCGGTGTAGCGGTGAAATGCATAGATATCGCGCAGAACTCCGATTGCGAAGGCAGCGTACCGGCGCCGGACTGACGCTGAGGCACGAAAGCGTGGGTATCGAACAG,k__Bacteria; p__Bacteroidetes; c__Bacteroidia; o__Bacteroidales; f__Muribaculaceae; g__; s__,Muribaculaceae (f), s__,Muribaculaceae (f),Bacteroidales (o)
Site,ad23727bc3e6dc84a4c52399fe4f0d39,Proximal_Colon,-0.07067270407,0.014507762,138,133,5.16E-06,0.000196710086,0.05049147988,TACGGAGGATGCGAGCGTTATCCGGATTTATTGGGTTTAAAGGGTGCGCAGGCGGTCTGTTAAGTCAGCGGTCAAAGCCCGGGGCTCAACCCCGGCCCGCCGTTGAAACTGGCAGTCTCGAGTTGGAGAGAAGTATGCGGAATGCGCGGTGTAGCGGTGAAATGCATAGATATCGCGCAGAACTCCGATTGCGAAGGCAGCATGCCGGCTCCACACTGACGCTGAGGCACGAAAGCGTGGGTATCGAACAG,k__Bacteria; p__Bacteroidetes; c__Bacteroidia; o__Bacteroidales; f__Muribaculaceae; g__; s__,Muribaculaceae (f), s__,Muribaculaceae (f),Bacteroidales (o)
Site,9c9d2dfde9ad67dcb9628dc8c30ec99f,Proximal_Colon,-0.06998337786,0.01460038657,138,132,7.32E-06,0.0002442288289,0.01162114034,TACGGAGGATGCGAGCGTTATCCGGATTTATTGGGTTTAAAGGGTGCGTAGGCGGGCTGTTAAGTCAGCGGTAAAAGCCCGGGGCTCAACCCCGGCGAGCCGTTGAAACTGGCGGTCTTGAGAGGCCGAGAGGTATGCGGAATGCGCAGTGTAGCGGTGAAATGCTTAGATATTGCGCAGAACTCCGATTGCGAAGGCAGCATACCGGCGGCGATCTGACGCTGAGGCACGAAAGCGTGGGTATCGAACAG,k__Bacteria; p__Bacteroidetes; c__Bacteroidia; o__Bacteroidales; f__Muribaculaceae; g__; s__,Muribaculaceae (f), s__,Muribaculaceae (f),Bacteroidales (o)
Site,a0f4041ccc6a3b1f6512919ebe00613d,Proximal_Colon,-0.2117963702,0.04650377801,138,97,2.06E-05,0.0005723726833,0.002186119693,TACGGAGGATGCGAGCGTTATCCGGATTTATTGGGTTTAAAGGGTGCGCAGGCGGAAGATCAAGTCAGCGGTAAAATTGAGAGGCTCAACCTCTTCGAGCCGTTGAAACTGGTTTTCTTGAGTGAGCGAGAAGTATGCGGAATGCGTGGTGTAGCGGTGAAATGCATAGATATCACGCAGAACTCCGATTGCGAAGGCAGCATACCGGCGCTCAACTGACGCTCATGCACGAAAGTGTGGGTATCGAACAG,k__Bacteria; p__Bacteroidetes; c__Bacteroidia; o__Bacteroidales; f__Muribaculaceae; g__; s__,Muribaculaceae (f), s__,Muribaculaceae (f),Bacteroidales (o)
Site,efe64b2cd066392c8b5379c583817500,Proximal_Colon,-0.471252073,0.1115217609,138,40,6.24E-05,0.001459887146,0.0005821331926,TACGGAGGATGCGAGCGTTATCCGGATTTATTGGGTTTAAAGGGTGCGCAGGCGGATTTTTAAGTCAGCGGTCAAATCGTGGGGCTCAACCCCATCCAGCCGTTGAAACTGGGGATCTAGAGTGTGCGAGAGGTATGCGGAATGCGTGGTGTAGCGGTGAAATGCATAGATATCACGCAGAACCCCGATTGCGAAGGCAGCATACCGGTGCACAACTGACGCTCAGGCACGAAAGCGTGGGTATCGAACAG,k__Bacteria; p__Bacteroidetes; c__Bacteroidia; o__Bacteroidales; f__Muribaculaceae; g__; s__,Muribaculaceae (f), s__,Muribaculaceae (f),Bacteroidales (o)
Site,73e42306e185be6f0c6060d4ed924469,Proximal_Colon,-0.2004082553,0.04724874248,138,100,7.18E-05,0.001596556625,0.00272817478,TACGGAGGATGCGAGCGTTATCCGGATTTATTGGGTTTAAAGGGTGCGTAGGCGGGATGCCAAGTCAGCGGTAAAAATGCGGTGCTCAACGCCGTCGAGCCGTTGAAACTGGCGTTCTTGAGTGGGCGAGAAGTATGCGGAATGCGTGGTGTAGCGGTGAAATGCATAGATATCACGCAGAACTCCGATTGCGAAGGCAGCATACCGGCGCCCTACTGACGCTGAGGCACGAAAGCGTGGGTATCGAACAG,k__Bacteria; p__Bacteroidetes; c__Bacteroidia; o__Bacteroidales; f__Muribaculaceae; g__; s__,Muribaculaceae (f), s__,Muribaculaceae (f),Bacteroidales (o)
Site,21f3474eb0a2647e96181ab06ed9b764,Proximal_Colon,-0.6736255237,0.1575733217,138,22,8.42E-05,0.001842082564,0.000380430979,TACGGAGGATGCGAGCGTTATCCGGATTTATTGGGTTTAAAGGGTGCGTAGGCGGGCATTTAAGCCGGCGGTCAAATGTCGGGGCTCAACCCCGGCCTGCCGTCGGAACTGGGTGCCTTGAGTGGGCGAGAAGTATGCGGAATGCGTGGTGTAGCGGTGAAATGCATAGATATCACGCAGAACCCCGATTGCGAAGGCAGCATACCGGCGCCCTACTGACGCTGAGGCACGAAAGTGCGGGTATCGAACAG,k__Bacteria; p__Bacteroidetes; c__Bacteroidia; o__Bacteroidales; f__Muribaculaceae; g__; s__,Muribaculaceae (f), s__,Muribaculaceae (f),Bacteroidales (o)
Site,8064a19ea488e28609ef25daab20653e,Proximal_Colon,-0.3648356889,0.1029764175,138,17,0.001277255637,0.01563173413,0.0003293883256,TACGGAGGATGCGAGCGTTATCCGGATTTATTGGGTTTAAAGGGTGCGTAGGCGGAGCGTTAAGTCAGTGGTCAAATTGAGGGGCTCAACCCCTTCCCGCCATTGAAACTGGCGCTCTTGAGTGGAAGAGAAGTATGCGGAATGCGTGGTGTAGCGGTGAAATGCATAGATATCACGCAGAACCCCGATTGCGAAGGCAGCATGCCGGCTTCCTACTGACGCTGAAGCACGAAAGCGTGGGGATCGAACAG,k__Bacteria; p__Bacteroidetes; c__Bacteroidia; o__Bacteroidales; f__Muribaculaceae; g__; s__,Muribaculaceae (f), s__,Muribaculaceae (f),Bacteroidales (o)
Site,0247032b5537cfe290e9fe3067f9257e,Cecum,-0.08199160535,0.02541155027,138,123,0.001837035506,0.02130961187,0.004413128763,TACGGAGGATGCGAGCGTTATCCGGATTTATTGGGTTTAAAGGGTGCGTAGGCGGACTGTCAAGTCAGCGGTAAAATACGGGGGCTCAACCTCCGCCCGCCGTTGAAACTGACGGTCTTGAGTGGGCGAGAAGTATGCGGAATGCGTGGTGTAGCGGTGAAATGCATAGATATCACGCAGAACTCCGATTGCGAAGGCAGCATACCGGCGCCCAACTGACGCTGAAGCACGAAAGCGTGGGTATCGAACAG,k__Bacteria; p__Bacteroidetes; c__Bacteroidia; o__Bacteroidales; f__Muribaculaceae; g__; s__,Muribaculaceae (f), s__,Muribaculaceae (f),Bacteroidales (o)
Site,55b5e18dcec6eaff69b53b2c4cbb0a16,Cecum,-0.1121348395,0.03608629867,138,111,0.002586965413,0.02783074081,0.002249726835,TACGGAGGATGCGAGCGTTATCCGGATTTATTGGGTTTAAAGGGTGCGCAGGCGGAGGTGCAAGTCAGCGGTCAAATTGCGGGGCTCAACCCCGTACTGCCGTTGAAACTGCATCCCTTGAGTGCGCGAGAAGTATGCGGAATGCGTGGTGTAGCGGTGAAATGCATAGATATCACGCAGAACTCCGATTGCGAAGGCAGCATACCGGCGCGCAACTGACGCTCATGCACGAAAGCGTGGGTATCGAACAG,k__Bacteria; p__Bacteroidetes; c__Bacteroidia; o__Bacteroidales; f__Muribaculaceae; g__; s__,Muribaculaceae (f), s__,Muribaculaceae (f),Bacteroidales (o)
Site,a2afdab2db82e62d5de07d2f29111f10,Proximal_Colon,-0.3278037938,0.1042084664,138,29,0.003158290123,0.03343777004,0.0004255158154,TACGGAGGATGCGAGCGTTATCCGGATTTATTGGGTTTAAAGGGTGCGTAGGCGGACGGTCAAGTCAGCGGTAAAAATGCGGTGCTCAACGCCGTACAGCCGTTGAAACTGGCAGTCTTGAGTGGGCGAGAAGTATGCGGAATGCGTGGTGTAGCGGTGAAATGCATAGATATCACGCAGAACTCCGATTGCGAAGGCAGCATACCGGCGCCCTACTGACGCTGAGGCACGAAAGCGTGGGTATCGAACAG,k__Bacteria; p__Bacteroidetes; c__Bacteroidia; o__Bacteroidales; f__Muribaculaceae; g__; s__,Muribaculaceae (f), s__,Muribaculaceae (f),Bacteroidales (o)
Site,8064a19ea488e28609ef25daab20653e,Cecum,-0.2812053521,0.08799833361,138,17,0.003436537098,0.03553752317,0.0003293883256,TACGGAGGATGCGAGCGTTATCCGGATTTATTGGGTTTAAAGGGTGCGTAGGCGGAGCGTTAAGTCAGTGGTCAAATTGAGGGGCTCAACCCCTTCCCGCCATTGAAACTGGCGCTCTTGAGTGGAAGAGAAGTATGCGGAATGCGTGGTGTAGCGGTGAAATGCATAGATATCACGCAGAACCCCGATTGCGAAGGCAGCATGCCGGCTTCCTACTGACGCTGAAGCACGAAAGCGTGGGGATCGAACAG,k__Bacteria; p__Bacteroidetes; c__Bacteroidia; o__Bacteroidales; f__Muribaculaceae; g__; s__,Muribaculaceae (f), s__,Muribaculaceae (f),Bacteroidales (o)
Site,759abfc82a4b189214d7e148d4aef180,Cecum,-0.09081541394,0.03085933617,138,121,0.004231756186,0.04212808024,0.002578455068,TACGGAGGATGCGAGCGTTATCCGGATTTATTGGGTTTAAAGGGTGCGTAGGCGGGCTTTTAAGTCAGCGGTAAAAATTCGGGGCTCAACCCCGTCCGGCCGTTGAAACTGGGGGCCTTGAGTGGGCGAGAAGAAGGCGGAATGCGTGGTGTAGCGGTGAAATGCATAGATATCACGCAGAACCCCGATTGCGAAGGCAGCCTTCCGGCGCCCTACTGACGCTGAGGCACGAAAGTGCGGGGATCGAACAG,k__Bacteria; p__Bacteroidetes; c__Bacteroidia; o__Bacteroidales; f__Muribaculaceae; g__; s__,Muribaculaceae (f), s__,Muribaculaceae (f),Bacteroidales (o)
Site,65553cd263bb61cf36d1a75d750952f3,Cecum,-0.1422796243,0.04884235187,138,67,0.004922015492,0.04723718465,0.0009349638567,TACGGAGGATGCGAGCGTTATCCGGATTTATTGGGTTTAAAGGGTGCGTAGGCGGAGTGTCAAGTCAGCGGTAAAATTTCGGGGCTCAACCCCGTCGTGCCGTTGAAACTGACGCCCTTGAGTGAGTGAGAAGTAAGCGGAATGCGTGGTGTAGCGGTGAAATGCATAGATATCACGCAGAACGCCGATTGCGAAGGCAGCTTACCGGCGCTCAACTGACGCTGAGGCACGAAAGTGCGGGTATCGAACAG,k__Bacteria; p__Bacteroidetes; c__Bacteroidia; o__Bacteroidales; f__Muribaculaceae; g__; s__,Muribaculaceae (f), s__,Muribaculaceae (f),Bacteroidales (o)
Site,48082d1ff66a9207ede6bf05e9846d6e,Proximal_Colon,-0.0953658237,0.01670311202,138,131,1.59E-07,9.20E-06,0.007524627351,TACGGAGGATGCGAGCGTTATCCGGATTTATTGGGTTTAAAGGGTGCGTAGGCGGAATATCAAGTCAGCGGTAAAAATTCGGGGCTCAACCCCGTCGTGCCGTTGAAACTGATGTTCTTGAGTGGGCGAGAAGTATGCGGAATGCGTGGTGTAGCGGTGAAATGCATAGATATCACGCAGAACTCCGATTGCGAAGGCAGCATACCGGCGCCCAACTGACGCTGAAGCACGAAAGCGTGGGTATCGAACAG,k__Bacteria; p__Bacteroidetes; c__Bacteroidia; o__Bacteroidales; f__Muribaculaceae; g__Muribaculum; s__intestinale,Muribaculum,Muribaculum,Muribaculaceae (f),Bacteroidales (o)
Site,483176e085c4e4eeee22409a02f2c0ef,Proximal_Colon,0.2859675243,0.05766119694,138,68,7.13E-06,0.0002437547624,0.001756091034,TACGTAGGTGGCAAGCGTTGTCCGGATTTACTGGGTGTAAAGGGCGTGCAGCCGGAGAGACAAGTCAGATGTGAAATCCACAGGCTCAACCTGTGAACTGCATTTGAAACTGTTTCCCTTGAGTATCGGAGAGGTCATCGGAATTCCTAGTGTAGCGGTGAAATGCGTAGATATTAGGAAGAACACCAGTGGCGAAGGCGGATGACTGGACGACAACTGACGGTGAGGCGCGAAAGCGTGGGGAGCAAACA,k__Bacteria; p__Firmicutes; c__Clostridia; o__Clostridiales; f__Ruminococcaceae; g__Oscillibacter; s__,Oscillibacter,Oscillibacter,Ruminococcaceae (f),Clostridiales (o)
Site,483176e085c4e4eeee22409a02f2c0ef,Cecum,0.2673754874,0.05823963797,138,68,2.58E-05,0.0006865710406,0.001756091034,TACGTAGGTGGCAAGCGTTGTCCGGATTTACTGGGTGTAAAGGGCGTGCAGCCGGAGAGACAAGTCAGATGTGAAATCCACAGGCTCAACCTGTGAACTGCATTTGAAACTGTTTCCCTTGAGTATCGGAGAGGTCATCGGAATTCCTAGTGTAGCGGTGAAATGCGTAGATATTAGGAAGAACACCAGTGGCGAAGGCGGATGACTGGACGACAACTGACGGTGAGGCGCGAAAGCGTGGGGAGCAAACA,k__Bacteria; p__Firmicutes; c__Clostridia; o__Clostridiales; f__Ruminococcaceae; g__Oscillibacter; s__,Oscillibacter,Oscillibacter,Ruminococcaceae (f),Clostridiales (o)
Site,fd127481a7a3b20d6d476f8d15c8b746,Proximal_Colon,0.3092484816,0.08807455768,138,61,0.0007873421648,0.0109407755,0.001140217214,TACGTAGGTGGCAAGCGTTGTCCGGATTTACTGGGTGTAAAGGGCGTGCAGCCGGGAAGACAAGTCAGATGTGAAATCCCGCGGCTCAACCGCGGAACTGCATTTGAAACTGTTTTTCTTGAGTATCGGAGAGGTAACCGGAATTCCTAGTGTAGCGGTGAAATGCGTAGATATTAGGAAGAACACCAGTGGCGAAGGCGGGTTACTGGACGACAACTGACGGTGAGGCGCGAAAGCGTGGGGAGCAAACA,k__Bacteria; p__Firmicutes; c__Clostridia; o__Clostridiales; f__Ruminococcaceae; g__Oscillibacter; s__,Oscillibacter,Oscillibacter,Ruminococcaceae (f),Clostridiales (o)
Site,b5c61551098444f976845a271dd33f4f,Proximal_Colon,0.4832014861,0.1505011822,138,15,0.002872478072,0.03065508599,0.0003494634496,TACGTAGGTGGCAAGCGTTGTCCGGATTTACTGGGTGTAAAGGGCGTGCAGCCGGAGAGACAAGTCAGATGTGAAATCCGCGGGCTCAACCCGCGAACTGCATTTGAAACTGTTTCCCTTGAGTATCGGAGAGGTCATCGGAATTCCTAGTGTAGCGGTGAAATGCGTAGATATTAGGAAGAACACCAGTGGCGAAGGCGGATGACTGGACGACAACTGACGGTGAGGCGCGAAAGCGTGGGGAGCAAACA,k__Bacteria; p__Firmicutes; c__Clostridia; o__Clostridiales; f__Ruminococcaceae; g__Oscillibacter; s__,Oscillibacter,Oscillibacter,Ruminococcaceae (f),Clostridiales (o)
Site,869038dbbe0844710dfe8cda1f4c41fd,Proximal_Colon,0.2050915852,0.06752867436,138,86,0.003330233015,0.0347072722,0.001964539071,TACGTAGGTGGCAAGCGTTGTCCGGATTTACTGGGTGTAAAGGGCGTGCAGCCGGGAAGACAAGTCAGATGTGAAATCCCGCGGCTCAACCGCGGAACTGCATTTGAAACTGTTTTTCTTGAGTACCGGAGAGGTCATCGGAATTCCTTGTGTAGCGGTGAAATGCGTAGATATAAGGAAGAACACCAGTGGCGAAGGCGGATGACTGGACGGCAACTGACGGTGAGGCGCGAAAGCGTGGGGAGCAAACA,k__Bacteria; p__Firmicutes; c__Clostridia; o__Clostridiales; f__Ruminococcaceae; g__Oscillibacter; s__,Oscillibacter,Oscillibacter,Ruminococcaceae (f),Clostridiales (o)
Site,eca7ea65dbc52bdbc9ade7f98e109a1e,Proximal_Colon,-0.5224482805,0.1087327469,138,58,8.16E-06,0.0002617844477,0.001410455099,TACGGAGGATGCGAGCGTTATCCGGATTTATTGGGTTTAAAGGGTGCGTAGGTGGTTAATTAAGTCAGCGGTGAAAGTTTGTGGCTCAACCATAAAATTGCCGTTGAAACTGGTTGACTTGAGTATATTTGAGGTAGGCGGAATGCGTGGTGTAGCGGTGAAATGCATAGATATCACGCAGAACTCCGATTGCGAAGGCAGCTTACTAAACTATAACTGACACTGAAGCACGAAAGCGTGGGGATCAAACA,k__Bacteria; p__Bacteroidetes; c__Bacteroidia; o__Bacteroidales; f__Tannerellaceae; g__Parabacteroides; s__goldsteinii,Parabacteroides,Parabacteroides,Tannerellaceae (f),Bacteroidales (o)
Site,762fd96b2d1336974fba68fedd33fefa,Proximal_Colon,-0.230207059,0.06416620429,138,73,0.0006310750319,0.009789001076,0.002401631402,TACGGAGGATCCGAGCGTTATCCGGATTTATTGGGTTTAAAGGGTGCGTAGGCGGCCTTTTAAGTCAGCGGTGAAAGTCTGTGGCTCAACCATAGAATTGCCGTTGAAACTGGGAGGCTTGAGTATGTTTGAGGCAGGCGGAATGCGTGGTGTAGCGGTGAAATGCTTAGATATCACGCAGAACCCCGATTGCGAAGGCAGCCTGCCAAGCCATGACTGACGCTGATGCACGAAAGCGTGGGGATCAAACA,k__Bacteria; p__Bacteroidetes; c__Bacteroidia; o__Bacteroidales; f__Tannerellaceae; g__Parabacteroides; s__distasonis,Parabacteroides,Parabacteroides,Tannerellaceae (f),Bacteroidales (o)
Site,d33d037914391243a664e78b0865819d,Proximal_Colon,-0.325280194,0.09946574991,138,28,0.002264866686,0.02538934588,0.0006767909132,TACGGAGGATCCGAGCGTTATCCGGATTTATTGGGTTTAAAGGGTGCGTAGGCGGCCTTTTAAGTCAGCGGTGAAAGTCTGTGGCTCAACCATAGAATTGCCGTTGAAACTGGGGGGCTTGAGTATGTTTGAGGCAGGCGGAATGCGTGGTGTAGCGGTGAAATGCTTAGATATCACGCAGAACCCCGATTGCGAAGGCAGCCTGCCAAGCCATGACTGACGCTGATGCACGAAAGCGTGGGGATCAAACA,k__Bacteria; p__Bacteroidetes; c__Bacteroidia; o__Bacteroidales; f__Tannerellaceae; g__Parabacteroides; s__distasonis,Parabacteroides,Parabacteroides,Tannerellaceae (f),Bacteroidales (o)
Site,332d720adc8e107df05b716fd88b601c,Proximal_Colon,-0.1479074461,0.03986253029,138,107,0.0003781182946,0.00638493424,0.002126066606,TACGTAGGGTGCGAGCGTTAATCGGAATTACTGGGCGTAAAGGGTGTGCAGGCGGTTTTGCAAGATGGATGTGAAAGCCCCGGGCTTAACCTGGGAAAGCCATACATGACTGCAAGACTAGAGTGCGTCAGAGGGGGGTGGAATTCCAAGTGTAGCAGTGAAATGCGTAGATATTTGGAAGAACACCGATGGCGAAGGCAGCCCCCTGGGACGCAACTGACGCTCATACACGAAAGCGTGGGGAGCAAACA,k__Bacteria; p__Proteobacteria; c__Gammaproteobacteria; o__Betaproteobacteriales; f__Burkholderiaceae; g__Parasutterella; s__,Parasutterella,Parasutterella,Burkholderiaceae (f),Betaproteobacteriales (o)
Site,235c319ab46f87d377a28a34ba10bfa1,Proximal_Colon,-0.07088477817,0.02125241089,138,125,0.001305986519,0.0158380547,0.003524237813,TACGTAGGGTGCGAGCGTTAATCGGAATTACTGGGCGTAAAGGGTGTGCAGGCGGCTGAGTAAGACAGATGTGAAATCCCCGGGCTTAACCTGGGAACCGCATATGTGACTGCTTGGCTAGAGTGCGTCAGAGGGAGGTGGAATTCCACGTGTAGCAGTGAAATGCGTAGATATGTGGAAGAACACCGATGGCGAAGGCAGCCTCCTGGGACGCAACTGACGCTCATACACGAAAGCGTGGGGAGCAAACA,k__Bacteria; p__Proteobacteria; c__Gammaproteobacteria; o__Betaproteobacteriales; f__Burkholderiaceae; g__Parasutterella; s__,Parasutterella,Parasutterella,Burkholderiaceae (f),Betaproteobacteriales (o)
Site,db1ea7350f45b6b1c577ee65fae969c4,Proximal_Colon,0.1572109619,0.02144420075,138,120,2.58E-10,4.30E-08,0.003205399756,TACGTAGGGAGCAAGCGTTGTCCGGAATTACTGGGCGTAAAGGGCGCGTAGGTGGGCGCTTAAGTCAGGTGTGAAAACTCCGGGCTCAACCTGGAGACTGCACTTGAAACTGGGTGTCTTGAGGGCAGGAGAGGAAAGTGGAATTCCTAGTGTAGCGGTGAAATGCGTAGATATTAGGAGGAACACCAGTGGCGAAGGCGACTTTCTGGACTGTACCTGACGCTGAGGCGCGAAAGCGTGGGTAGCGAACG,k__Bacteria; p__Firmicutes; c__Clostridia; o__Clostridiales; f__Peptococcaceae; g__; s__,Peptococcaceae (f), s__,Peptococcaceae (f),Clostridiales (o)
Site,db1ea7350f45b6b1c577ee65fae969c4,Cecum,0.1512365933,0.02151803605,138,120,9.89E-10,1.20E-07,0.003205399756,TACGTAGGGAGCAAGCGTTGTCCGGAATTACTGGGCGTAAAGGGCGCGTAGGTGGGCGCTTAAGTCAGGTGTGAAAACTCCGGGCTCAACCTGGAGACTGCACTTGAAACTGGGTGTCTTGAGGGCAGGAGAGGAAAGTGGAATTCCTAGTGTAGCGGTGAAATGCGTAGATATTAGGAGGAACACCAGTGGCGAAGGCGACTTTCTGGACTGTACCTGACGCTGAGGCGCGAAAGCGTGGGTAGCGAACG,k__Bacteria; p__Firmicutes; c__Clostridia; o__Clostridiales; f__Peptococcaceae; g__; s__,Peptococcaceae (f), s__,Peptococcaceae (f),Clostridiales (o)
Site,861fb4882b4c65b68e5998bb89ad59e8,Proximal_Colon,-0.3758571892,0.08123073244,138,33,1.71E-05,0.0004865777904,0.000533245781,TACGGGGGATGCGAGCGTTATCCGGATTTATTGGGTTTAAAGGGTGCGTAGGCGGCGCTTCAGGTCAGCGGTGAAATACCGGGGCTCAACCCCGGGGCTGCCGTTGAAACCGGAGCGCTAGAATTCCGATGCCGTCGGAGGAATGTGTGGTGTAGCGGTGAAATGCATAGATATCACACAGAACACCGATTGCGAAGGCATCTGACGAATCGGAGATTGACGCTGATGCACGAAAGCGTGGGTATCGAACA,k__Bacteria; p__Bacteroidetes; c__Bacteroidia; o__Bacteroidales; f__Rikenellaceae; g__Rikenellaceae_RC9_gut_group; s__,Rikenellaceae_RC9_gut_group,Rikenellaceae_RC9_gut_group,Rikenellaceae (f),Bacteroidales (o)
Site,b92f84c206887ecd667f142dd3606ac3,Proximal_Colon,-0.3777461383,0.1082653419,138,39,0.0008706542695,0.01185155914,0.0005430949368,TACGGGGGATGCAAGCGTTATCCGGATTTATTGGGTTTAAAGGGTGCGTAGGCTGTGAGGTAAGTCAGCGGTGAAATGCCCCCGCTCAACGGGGTGAAGTGCCATTGATACTGCCTTGCTGGAATGCGGATGCCGTGGGAGGAATGTGTGGTGTAGCGGTGAAATGCATAGATATCACACAGAACACCGATTGCGAAGGCATCTCACGAATCCGCGATTGACGCTGATGCACGAAAGCGTGGGTATCAAAC,k__Bacteria; p__Bacteroidetes; c__Bacteroidia; o__Bacteroidales; f__Rikenellaceae; g__Rikenellaceae_RC9_gut_group; s__,Rikenellaceae_RC9_gut_group,Rikenellaceae_RC9_gut_group,Rikenellaceae (f),Bacteroidales (o)
Site,84a1034f71767fa92491aebf1bdf7fdc,Proximal_Colon,0.2206911002,0.0289747773,138,115,1.39E-10,3.10E-08,0.003772754852,TACGTAGGGGGCAAGCGTTATCCGGATTTACTGGGTGTAAAGGGAGCGCAGGCGGCGCGGTAAGTCTGATGTGAAAGCCCGGGGCTCAACCCCGGGACTGCATTGGAAACTGTCGTGCTGGAGTGTCGGAGGGGCAAGTGGAATTCCTAGTGTAGCGGTGAAATGCGTAGATATTAGGAGGAACACCAGTGGCGAAGGCGGCTTGCTGGACGACAACTGACGCTGAGGCTCGAAAGCGTGGGGAGCAAACA,k__Bacteria; p__Firmicutes; c__Clostridia; o__Clostridiales; f__Lachnospiraceae; g__Roseburia; s__,Roseburia,Roseburia,Lachnospiraceae (f),Clostridiales (o)
Site,2e11ee45d4ccab0775222da825d3bd42,Proximal_Colon,0.1850588535,0.04140797705,138,105,2.62E-05,0.0006865710406,0.004868741154,TACGTAGGGGGCAAGCGTTATCCGGATTCACTGGGCGTAAAGGGAGCGCAGGCGGCACGGCAAGTCTGGTGTGAAAACCCGGGGCTCAACCCCGGGACTGCATTGGAAACTGCCGGGCTGGAGTGTCGGAGGGGTAAGCGGAATTCCTAGTGTAGCGGTGAAATGCGTAGATATTAGGAGGAACACCAGTGGCGAAGGCGGCTTACTGGACGATGACTGACGCTGAGGCTCGAAAGCGTGGGGAGCAAACA,k__Bacteria; p__Firmicutes; c__Clostridia; o__Clostridiales; f__Lachnospiraceae; g__Roseburia; s__,Roseburia,Roseburia,Lachnospiraceae (f),Clostridiales (o)
Site,fe74cb6ed6d5951071824943319e1724,Proximal_Colon,0.2144332588,0.05431064348,138,63,0.0002637642141,0.004820020023,0.001398877005,TACGTATGGGGCAAGCGTTATCCGGATTTACTGGGTGTAAAGGGAGCGCAGGCGGCCTGCCAAGTCTGGTGTGAAAACCCGGGGCCCAACCCCGGGCCTGCATTGGAAACTGGCGGGCTGGAGTGTCGGAGGGGCAGGCGGAATTCCTAGTGTAGCGGTGAAATGCGTAGATATTAGGAGGAACACCGGTGGCGAAGGCGGCCTGCTGGACGATGACTGACGCTGAGGCTCGAAAGCGTGGGGAGCAAACA,k__Bacteria; p__Firmicutes; c__Clostridia; o__Clostridiales; f__Lachnospiraceae; g__Roseburia; s__,Roseburia,Roseburia,Lachnospiraceae (f),Clostridiales (o)
Site,84a1034f71767fa92491aebf1bdf7fdc,Cecum,0.1031640218,0.02893282159,138,115,0.0006842631836,0.01037280781,0.003772754852,TACGTAGGGGGCAAGCGTTATCCGGATTTACTGGGTGTAAAGGGAGCGCAGGCGGCGCGGTAAGTCTGATGTGAAAGCCCGGGGCTCAACCCCGGGACTGCATTGGAAACTGTCGTGCTGGAGTGTCGGAGGGGCAAGTGGAATTCCTAGTGTAGCGGTGAAATGCGTAGATATTAGGAGGAACACCAGTGGCGAAGGCGGCTTGCTGGACGACAACTGACGCTGAGGCTCGAAAGCGTGGGGAGCAAACA,k__Bacteria; p__Firmicutes; c__Clostridia; o__Clostridiales; f__Lachnospiraceae; g__Roseburia; s__,Roseburia,Roseburia,Lachnospiraceae (f),Clostridiales (o)
Site,2e11ee45d4ccab0775222da825d3bd42,Cecum,0.1379460637,0.0411150166,138,105,0.001231334293,0.01549622592,0.004868741154,TACGTAGGGGGCAAGCGTTATCCGGATTCACTGGGCGTAAAGGGAGCGCAGGCGGCACGGCAAGTCTGGTGTGAAAACCCGGGGCTCAACCCCGGGACTGCATTGGAAACTGCCGGGCTGGAGTGTCGGAGGGGTAAGCGGAATTCCTAGTGTAGCGGTGAAATGCGTAGATATTAGGAGGAACACCAGTGGCGAAGGCGGCTTACTGGACGATGACTGACGCTGAGGCTCGAAAGCGTGGGGAGCAAACA,k__Bacteria; p__Firmicutes; c__Clostridia; o__Clostridiales; f__Lachnospiraceae; g__Roseburia; s__,Roseburia,Roseburia,Lachnospiraceae (f),Clostridiales (o)
Site,44585e66f2af08e85803b2e5689b1eeb,Proximal_Colon,0.5628504276,0.09312943946,138,42,9.43E-08,5.99E-06,0.0007984819495,TACGTAGGTGGCAAGCGTTGTCCGGATTTACTGGGTGTAAAGGGCGTGCAGCCGGGAGTGCAAGTCAGATGTGAAATCCCGCGGCTCAACCGCGGAACTGCATTTGAAACTGTGCTTCTTGAGTGCTGGAGAGGCAGACGGAATTCCTAGTGTAGCGGTGAAATGCGTAGATATTAGGAGGAACACCAGTGGCGAAGGCGGTCTGCTGGACAGTAACTGACGGTGAGGCGCGAAAGCGTGGGGAGCAAACA,k__Bacteria; p__Firmicutes; c__Clostridia; o__Clostridiales; f__Ruminococcaceae; g__Ruminiclostridium; s__,Ruminiclostridium,Ruminiclostridium,Ruminococcaceae (f),Clostridiales (o)
Site,44585e66f2af08e85803b2e5689b1eeb,Cecum,0.3659150581,0.093890069,138,42,0.000252364152,0.004675746928,0.0007984819495,TACGTAGGTGGCAAGCGTTGTCCGGATTTACTGGGTGTAAAGGGCGTGCAGCCGGGAGTGCAAGTCAGATGTGAAATCCCGCGGCTCAACCGCGGAACTGCATTTGAAACTGTGCTTCTTGAGTGCTGGAGAGGCAGACGGAATTCCTAGTGTAGCGGTGAAATGCGTAGATATTAGGAGGAACACCAGTGGCGAAGGCGGTCTGCTGGACAGTAACTGACGGTGAGGCGCGAAAGCGTGGGGAGCAAACA,k__Bacteria; p__Firmicutes; c__Clostridia; o__Clostridiales; f__Ruminococcaceae; g__Ruminiclostridium; s__,Ruminiclostridium,Ruminiclostridium,Ruminococcaceae (f),Clostridiales (o)
Site,7f2a284a722c1b4a8d548cf5635d9d6e,Proximal_Colon,0.2617427833,0.06425601112,138,34,0.0002929512337,0.005210625944,0.0008015652822,TACGTAGGTGGCAAGCGTTGTCCGGATTTACTGGGTGTAAAGGGCGTGCAGCCGGGTTTATAAGTCAGATGTGAAATCCCGCGGCTCAACCGCGGAACTGCATTTGAAACTGTAGATCTTGAGTACTGGAGAGGCAGGCGGAATTCCTAGTGTAGCGGTGAAATGCGTAGATATTAGGAGGAACACCAGTGGCGAAGGCGGCCTGCTGGACAGCAACTGACGGTGAGGCGCGAAAGCGTGGGGAGCAAACA,k__Bacteria; p__Firmicutes; c__Clostridia; o__Clostridiales; f__Ruminococcaceae; g__Ruminiclostridium; s__,Ruminiclostridium,Ruminiclostridium,Ruminococcaceae (f),Clostridiales (o)
Site,17bccd87573679acdd1eda74fc49bde7,Cecum,0.5861954505,0.08846887653,138,66,1.43E-09,1.59E-07,0.001265854428,TACGTAGGGAGCGAGCGTTGTCCGGATTTACTGGGTGTAAAGGGTGCGCAGGCGGCTCTGCAAGTCAGGCGTGAAAGCTAGGGGCTCAACCCCTAAACTGCGCTTGAAACTGTGGAGCTTGAGTGAAGTAGAGGCAGGCGGAATTCCCGGTGTAGCGGTGAAATGCGTAGAGATCGGGAGGAACACCAGTGGCGAAGGCGGCCTGCTGGGCTTTAACTGACGCTCAGGCACGAAAGCATGGGTAGCAAACA,k__Bacteria; p__Firmicutes; c__Clostridia; o__Clostridiales; f__Ruminococcaceae; g__Ruminiclostridium_5; s__,Ruminiclostridium_5,Ruminiclostridium_5,Ruminococcaceae (f),Clostridiales (o)
Site,17bccd87573679acdd1eda74fc49bde7,Proximal_Colon,0.346043522,0.09031432874,138,66,0.0002151691793,0.004159937467,0.001265854428,TACGTAGGGAGCGAGCGTTGTCCGGATTTACTGGGTGTAAAGGGTGCGCAGGCGGCTCTGCAAGTCAGGCGTGAAAGCTAGGGGCTCAACCCCTAAACTGCGCTTGAAACTGTGGAGCTTGAGTGAAGTAGAGGCAGGCGGAATTCCCGGTGTAGCGGTGAAATGCGTAGAGATCGGGAGGAACACCAGTGGCGAAGGCGGCCTGCTGGGCTTTAACTGACGCTCAGGCACGAAAGCATGGGTAGCAAACA,k__Bacteria; p__Firmicutes; c__Clostridia; o__Clostridiales; f__Ruminococcaceae; g__Ruminiclostridium_5; s__,Ruminiclostridium_5,Ruminiclostridium_5,Ruminococcaceae (f),Clostridiales (o)
Site,9558d82710beac18e454f983c9db7cca,Proximal_Colon,0.2406572944,0.04604933393,138,116,1.14E-06,5.06E-05,0.002893621953,TACGTAGGTGGCAAGCGTTATCCGGATTTACTGGGTGTAAAGGGCGTGTAGGCGGGAAAGCAAGTCAGATGTGAAAACCATGGGCTCAACCTGTGGCCTGCATTTGAAACTGTTTTTCTTGAGTACTGGAGAGGCAGACGGAATTCCTAGTGTAGCGGTGAAATGCGTAGATATTAGGAGGAACACCAGTGGCGAAGGCGGTCTGCTGGACAGCAACTGACGCTGAGGCGCGAAAGCGTGGGGAGCAAACA,k__Bacteria; p__Firmicutes; c__Clostridia; o__Clostridiales; f__Ruminococcaceae; g__Ruminiclostridium_9; s__,Ruminiclostridium_9,Ruminiclostridium_9,Ruminococcaceae (f),Clostridiales (o)
Site,64864a4b76fc5cccc00f4e44f8dbcff4,Proximal_Colon,0.140707241,0.02905052431,138,126,5.61E-06,0.0002013129154,0.002719577647,TACGTAGGTGGCAAGCGTTATCCGGATTTACTGGGTGTAAAGGGCGTGTAGGCGGGACTGCAAGTCAGATGTGAAAACCACGGGCTCAACCTGTGGCCTGCATTTGAAACTGTAGTTCTTGAGTACTGGAGAGGCAGACGGAATTCCTAGTGTAGCGGTGAAATGCGTAGATATTAGGAGGAACACCAGTGGCGAAGGCGGTCTGCTGGACAGCAACTGACGCTGAGGCGCGAAAGCGTGGGGAGCAAACA,k__Bacteria; p__Firmicutes; c__Clostridia; o__Clostridiales; f__Ruminococcaceae; g__Ruminiclostridium_9; s__,Ruminiclostridium_9,Ruminiclostridium_9,Ruminococcaceae (f),Clostridiales (o)
Site,8b317947d610fc3e351d94e2466ab1ab,Proximal_Colon,0.3796784006,0.07996424377,138,58,1.04E-05,0.0003096826331,0.0009088792623,TACGTAGGTGGCAAGCGTTATCCGGATTTACTGGGTGTAAAGGGCGTGTAGGCGGGGACGCAAGTCAGATGTGAAAACCACGGGCTCAACCTGTGGCCTGCATTTGAAACTGTGTTTCTTGAGTACTGGAGAGGCAGACGGAATTCCTAGTGTAGCGGTGAAATGCGTAGATATTAGGAGGAACACCAGTGGCGAAGGCGGTCTGCTGGACAGCAACTGACGCTGAGGCGCGAAAGCGTGGGGAGCAAACA,k__Bacteria; p__Firmicutes; c__Clostridia; o__Clostridiales; f__Ruminococcaceae; g__Ruminiclostridium_9; s__,Ruminiclostridium_9,Ruminiclostridium_9,Ruminococcaceae (f),Clostridiales (o)
Site,64864a4b76fc5cccc00f4e44f8dbcff4,Cecum,0.1275240562,0.02928832867,138,126,3.74E-05,0.0009482928733,0.002719577647,TACGTAGGTGGCAAGCGTTATCCGGATTTACTGGGTGTAAAGGGCGTGTAGGCGGGACTGCAAGTCAGATGTGAAAACCACGGGCTCAACCTGTGGCCTGCATTTGAAACTGTAGTTCTTGAGTACTGGAGAGGCAGACGGAATTCCTAGTGTAGCGGTGAAATGCGTAGATATTAGGAGGAACACCAGTGGCGAAGGCGGTCTGCTGGACAGCAACTGACGCTGAGGCGCGAAAGCGTGGGGAGCAAACA,k__Bacteria; p__Firmicutes; c__Clostridia; o__Clostridiales; f__Ruminococcaceae; g__Ruminiclostridium_9; s__,Ruminiclostridium_9,Ruminiclostridium_9,Ruminococcaceae (f),Clostridiales (o)
Site,9558d82710beac18e454f983c9db7cca,Cecum,0.1693146141,0.04616818184,138,116,0.0004182584505,0.006888355223,0.002893621953,TACGTAGGTGGCAAGCGTTATCCGGATTTACTGGGTGTAAAGGGCGTGTAGGCGGGAAAGCAAGTCAGATGTGAAAACCATGGGCTCAACCTGTGGCCTGCATTTGAAACTGTTTTTCTTGAGTACTGGAGAGGCAGACGGAATTCCTAGTGTAGCGGTGAAATGCGTAGATATTAGGAGGAACACCAGTGGCGAAGGCGGTCTGCTGGACAGCAACTGACGCTGAGGCGCGAAAGCGTGGGGAGCAAACA,k__Bacteria; p__Firmicutes; c__Clostridia; o__Clostridiales; f__Ruminococcaceae; g__Ruminiclostridium_9; s__,Ruminiclostridium_9,Ruminiclostridium_9,Ruminococcaceae (f),Clostridiales (o)
Site,691f2dbdac94ad2f7e2486ab73a772af,Cecum,0.180720889,0.0342668599,138,100,1.26E-06,5.40E-05,0.001930514415,TACGTAGGTGGCAAGCGTTGTCCGGAATTACTGGGTGTAAAGGGAGCGCAGGCGGGAAGCCAAGTCAGCTGTGAAAACTACGGGCTTAACTTGTAGACTGCAGTTGAAACTGGTTTTCTTGAGTGAAGTAGAGGTTGGCGGAATTCCGAGTGTAGCGGTGAAATGCGTAGATATTCGGAGGAACACCGGTGGCGAAGGCGGCCAACTGGGCTTTAACTGACGCTGAGGCTCGAAAGTGTGGGGAGCAAACA,k__Bacteria; p__Firmicutes; c__Clostridia; o__Clostridiales; f__Ruminococcaceae; g__; s__,Ruminococcaceae (f), s__,Ruminococcaceae (f),Clostridiales (o)
Site,be50260bd56c9b191a9e0845fc908179,Proximal_Colon,0.2297601253,0.06106513446,138,92,0.0003537432866,0.006049917234,0.001318589299,TACGTAGGGAGCAAGCGTTGTCCGGAATTACTGGGTGTAAAGGGAGCGTAGGCGGGAGGATAAGTTGAATGTGAAATCTATGGGCTCAACCCATAGCTGCGTTCAAAACTGTTCTTCTTGAGTGAAGTAGAGGCAGGCGGAATTCCTAGTGTAGCGGTGAAATGCGTAGATATTAGGAGGAACACCAGTGGCGAAGGCGGCCTGCTGGGCTTTTACTGACGCTGAGGCTCGAAAGCGTGGGTAGCAAACAG,k__Bacteria; p__Firmicutes; c__Clostridia; o__Clostridiales; f__Ruminococcaceae; g__; s__,Ruminococcaceae (f), s__,Ruminococcaceae (f),Clostridiales (o)
Site,e16b103da2aa64c71cfe99afc4405912,Proximal_Colon,0.3478262016,0.1001481373,138,40,0.001119601358,0.01436104049,0.0006456125165,TACGTAGGTGGCAAGCGTTATCCGGATTTACTGGGTGTAAAGGGCGTGTAGGCGGGGAAGCAAGTCAGATGTGAAAACCACGGGCTCAACCTGTGGCCTGCATTTGAAACTGTTTTTCTTGAGTGCTGGAGAGGCAATCGGAATTCCGTGTGTAGCGGTGAAATGCGTAGATATACGGAGGAACACCAGTGGCGAAGGCGGATTGCTGGACAGTAACTGACGCTGAGGCGCGAAAGCGTGGGGAGCAAACA,k__Bacteria; p__Firmicutes; c__Clostridia; o__Clostridiales; f__Ruminococcaceae; g__; s__,Ruminococcaceae (f), s__,Ruminococcaceae (f),Clostridiales (o)
Site,5167710b7280856d9e512a4f58068687,Proximal_Colon,0.3669383332,0.09268057375,138,39,0.0002106773606,0.004132994104,0.0006883945241,TACGTAGGTGGCAAGCGTTATCCGGATTTACTGGGTGTAAAGGGCGAGTAGGCGGGATTGCAAGTCAGATGTGAAAACTATGGGCTCAACCGATAGAGTGCATTTGAAACTGCAGTTCTTGAGTGATGGAGAGGCAGGCGGAATTCCCGGTGTAGCGGTGGAATGCGTAGATATCGGGAGGAACACCAGTGGCGAAGGCGGCCTGCTGGACATTAACTGACGCTGAGGCGCGAAAGCGTGGGGAGCAAACA,k__Bacteria; p__Firmicutes; c__Clostridia; o__Clostridiales; f__Ruminococcaceae; g__Ruminococcaceae_UCG-009; s__,Ruminococcaceae_UCG-009,Ruminococcaceae_UCG-009,Ruminococcaceae (f),Clostridiales (o)
Site,f745d265f36ea7eac26d97280e690796,Proximal_Colon,-0.485143206,0.1015305345,138,37,4.79E-05,0.001145566632,0.005627235733,TACGTAGGTGGCAAGCGTTATCCGGAATTATTGGGCGTAAAGCGCGCGTAGGCGGTTTCTTAAGTCTGATGTGAAAGCCCACGGCTCAACCGTGGAGGGTCATTGGAAACTGGGAAACTTGAGTGCAGAAGAGGAAAGTGGAATTCCATGTGTAGCGGTGAAATGCGCAGAGATATGGAGGAACACCAGTGGCGAAGGCGACTTTCTGGTCTGTAACTGACGCTGATGTGCGAAAGCGTGGGGATCAAACA,k__Bacteria; p__Firmicutes; c__Bacilli; o__Bacillales; f__Staphylococcaceae; g__Staphylococcus; s__,Staphylococcus,Staphylococcus,Staphylococcaceae (f),Bacillales (o)
Site,1355705d5f5537fdd6063e8aef08650d,Cecum,-1.562375347,0.2863580763,138,10,0.0001462387761,0.002955795869,0.0002842118131,TACGTAGGTGGCAAGCGTTATCCGGAATTATTGGGCGTAAAGCGCGCGTAGGCGGTTTTTTAAGTCTGATGTGAAAGCCCACGGCTCAACCGTGGAGGGTCATTGGAAACTGGAAAACTTGAGTGCAGAAGAGGAAAGTGGAATTCCATGTGTAGCGGTGAAATGCGCAGAGATATGGAGGAACACCAGTGGCGAAGGCGACTTTCTGGTCTGTAACTGACGCTGATGTGCGAAAGCGTGGGGATCAAACA,k__Bacteria; p__Firmicutes; c__Bacilli; o__Bacillales; f__Staphylococcaceae; g__Staphylococcus; s__,Staphylococcus,Staphylococcus,Staphylococcaceae (f),Bacillales (o)
Site,9ff8565480eb4d1ae1feec02a0dfce35,Cecum,-0.1671365003,0.03872770474,138,118,4.81E-05,0.001145566632,0.03015205222,TACGTAGGTGGCAAGCGTTATCCGGAATTATTGGGCGTAAAGAGCGCGCAGGTGGTTAATTAAGTCTGATGTGAAAGCCCACGGCTTAACCGTGGAGGGTCATTGGAAACTGGTTGACTTGAGTGCAGAAGAGGGAAGTGGAATTCCATGTGTAGCGGTGAAATGCGTAGAGATATGGAGGAACACCAGTGGCGAAGGCGGCTTCCTGGTCTGCAACTGACACTGAGGCGCGAAAGCGTGGGGAGCAAACA,k__Bacteria; p__Firmicutes; c__Erysipelotrichia; o__Erysipelotrichales; f__Erysipelotrichaceae; g__Turicibacter; s__,Turicibacter,Turicibacter,Erysipelotrichaceae (f),Erysipelotrichales (o)
Site,9ff8565480eb4d1ae1feec02a0dfce35,Proximal_Colon,-0.1412257861,0.03939328518,138,118,0.000596253735,0.009357676264,0.03015205222,TACGTAGGTGGCAAGCGTTATCCGGAATTATTGGGCGTAAAGAGCGCGCAGGTGGTTAATTAAGTCTGATGTGAAAGCCCACGGCTTAACCGTGGAGGGTCATTGGAAACTGGTTGACTTGAGTGCAGAAGAGGGAAGTGGAATTCCATGTGTAGCGGTGAAATGCGTAGAGATATGGAGGAACACCAGTGGCGAAGGCGGCTTCCTGGTCTGCAACTGACACTGAGGCGCGAAAGCGTGGGGAGCAAACA,k__Bacteria; p__Firmicutes; c__Erysipelotrichia; o__Erysipelotrichales; f__Erysipelotrichaceae; g__Turicibacter; s__,Turicibacter,Turicibacter,Erysipelotrichaceae (f),Erysipelotrichales (o)